session_id,visitor_type,traffic_source,region,device_type,page_views,session_duration,bounce,product_pages_viewed,cart_additions,day_of_week,hour,month,is_special_day,revenue
S00001,New_Visitor,Direct,Asia,Mobile,6,754.9,False,2,0,Wednesday,19,Oct,True,0.0
S00002,Returning_Visitor,Direct,North America,Mobile,1,142.6,True,0,0,Monday,13,Nov,False,0.0
S00003,Returning_Visitor,Organic,Europe,Tablet,9,256.7,False,3,1,Monday,9,Jul,False,25.62
S00004,Returning_Visitor,Referral,Asia,Desktop,6,94.9,False,2,1,Tuesday,17,Apr,False,0.0
S00005,New_Visitor,Direct,Europe,Mobile,8,102.1,False,3,0,Tuesday,12,May,False,0.0
S00006,New_Visitor,Paid,Asia,Mobile,2,256.4,False,0,0,Tuesday,15,Sep,False,0.0
S00007,New_Visitor,Organic,Oceania,Mobile,2,31.6,False,1,0,Tuesday,8,Aug,False,0.0
S00008,Returning_Visitor,Referral,North America,Desktop,2,90.8,False,1,1,Thursday,16,Jul,False,0.0
S00009,Returning_Visitor,Social,Asia,Mobile,1,24.2,True,0,0,Thursday,12,Mar,False,0.0
S00010,Returning_Visitor,Social,North America,Desktop,2,82.9,False,1,0,Wednesday,11,Nov,False,63.71
S00011,New_Visitor,Paid,Europe,Desktop,1,25.5,True,0,0,Sunday,23,Oct,False,0.0
S00012,Returning_Visitor,Social,North America,Tablet,7,145.6,False,2,0,Thursday,12,Mar,False,0.0
S00013,Returning_Visitor,Paid,North America,Tablet,1,33.4,True,0,0,Saturday,16,May,True,0.0
S00014,New_Visitor,Direct,Europe,Mobile,3,72.9,False,1,0,Sunday,15,Aug,True,0.0
S00015,New_Visitor,Direct,Europe,Desktop,8,878.7,False,0,0,Tuesday,8,Jun,False,0.0
S00016,New_Visitor,Organic,Africa,Mobile,6,312.9,False,3,2,Wednesday,18,Jun,False,0.0
S00017,New_Visitor,Organic,Asia,Desktop,5,58.1,False,1,0,Thursday,11,Oct,False,0.0
S00018,New_Visitor,Organic,Oceania,Desktop,3,48.4,False,1,1,Wednesday,19,Jan,False,0.0
S00019,New_Visitor,Organic,Asia,Mobile,2,6.6,False,0,0,Monday,15,Jul,False,0.0
S00020,New_Visitor,Organic,North America,Desktop,2,42.7,False,1,0,Saturday,11,Apr,False,0.0
S00021,Returning_Visitor,Organic,Europe,Tablet,1,66.4,True,0,0,Monday,11,Feb,False,0.0
S00022,New_Visitor,Organic,Europe,Desktop,1,12.1,True,0,0,Sunday,17,Jul,False,0.0
S00023,New_Visitor,Paid,Europe,Desktop,6,,False,2,0,Saturday,14,Mar,False,0.0
S00024,New_Visitor,Organic,Asia,Mobile,2,46.5,False,0,0,Friday,16,Apr,False,0.0
S00025,New_Visitor,Social,Europe,Mobile,1,56.9,True,0,0,Tuesday,9,Jul,True,0.0
S00026,Returning_Visitor,Organic,Europe,Mobile,4,153.6,False,1,0,Thursday,18,Dec,True,0.0
S00027,New_Visitor,Paid,North America,Desktop,4,96.9,False,0,0,Tuesday,11,Sep,False,0.0
S00028,New_Visitor,Paid,North America,Mobile,1,128.7,True,0,0,Tuesday,15,Apr,False,0.0
S00029,Returning_Visitor,Referral,North America,Desktop,2,75.9,False,1,0,Saturday,8,Jun,False,0.0
S00030,New_Visitor,Referral,North America,Desktop,3,109.3,False,0,0,Wednesday,11,Jun,False,0.0
S00031,Returning_Visitor,Organic,South America,Mobile,3,5.8,False,1,0,Thursday,16,Mar,False,0.0
S00032,New_Visitor,Paid,North America,Desktop,3,183.6,False,2,0,Saturday,10,Mar,False,0.0
S00033,New_Visitor,Paid,Asia,Tablet,2,73.8,False,0,0,Monday,20,Mar,False,0.0
S00034,Returning_Visitor,Paid,Europe,Mobile,1,9.4,True,0,0,Friday,16,Jul,False,0.0
S00035,Returning_Visitor,Referral,North America,Tablet,1,16.8,True,0,0,Friday,20,Sep,False,0.0
S00036,Returning_Visitor,Direct,South America,Desktop,2,27.1,False,0,0,Wednesday,12,Aug,False,0.0
S00037,New_Visitor,Paid,Asia,Tablet,1,7.8,True,0,0,Saturday,4,Dec,False,0.0
S00038,New_Visitor,Organic,North America,Desktop,9,308.8,False,2,0,Sunday,15,Feb,False,0.0
S00039,Returning_Visitor,Referral,Africa,Desktop,4,,False,2,1,Thursday,11,Dec,False,0.0
S00040,New_Visitor,Organic,North America,Desktop,3,80.4,False,1,0,Thursday,13,Jul,False,0.0
S00041,New_Visitor,Paid,North America,Mobile,2,34.8,False,0,0,Thursday,16,Mar,False,0.0
S00042,New_Visitor,Organic,South America,Desktop,2,68.8,False,1,1,Saturday,17,Dec,False,0.0
S00043,New_Visitor,Organic,Asia,Mobile,1,47.6,True,0,0,Friday,3,Jul,True,0.0
S00044,Returning_Visitor,Referral,North America,Desktop,1,56.7,True,0,0,Tuesday,18,May,False,0.0
S00045,New_Visitor,Social,North America,Desktop,4,59.6,False,1,0,Monday,13,Mar,False,0.0
S00046,Returning_Visitor,Referral,Africa,Mobile,5,390.4,False,2,0,Sunday,14,Apr,False,0.0
S00047,New_Visitor,Organic,Europe,Desktop,6,9.9,False,3,0,Tuesday,11,Dec,False,0.0
S00048,New_Visitor,Organic,North America,Mobile,4,333.1,False,3,1,Friday,12,May,False,0.0
S00049,New_Visitor,Social,Europe,Mobile,7,,False,1,0,Saturday,17,Dec,False,0.0
S00050,New_Visitor,Paid,Africa,Tablet,13,360.4,False,2,1,Wednesday,18,May,False,0.0
S00051,Returning_Visitor,Social,North America,Desktop,10,521.5,False,6,2,Friday,12,Apr,False,0.0
S00052,Returning_Visitor,Direct,South America,Tablet,3,169.7,False,2,0,Monday,17,Mar,False,0.0
S00053,Returning_Visitor,Paid,Asia,Mobile,1,32.8,True,0,0,Sunday,10,Jun,True,0.0
S00054,Returning_Visitor,Direct,Europe,Tablet,1,166.7,True,0,0,Monday,19,Apr,False,0.0
S00055,Returning_Visitor,Direct,Asia,Desktop,16,1800.0,False,6,0,Thursday,15,Sep,False,0.0
S00056,Returning_Visitor,Direct,Oceania,Mobile,2,30.6,False,0,0,Thursday,18,Apr,False,12.87
S00057,New_Visitor,Direct,North America,Mobile,1,53.3,True,0,0,Saturday,13,Nov,False,0.0
S00058,New_Visitor,Social,North America,Desktop,2,153.2,False,0,0,Monday,10,Nov,False,0.0
S00059,New_Visitor,Direct,Africa,Mobile,5,73.4,False,2,1,Thursday,12,Apr,False,0.0
S00060,New_Visitor,Direct,Asia,Mobile,7,7.8,False,3,0,Wednesday,12,Oct,False,0.0
S00061,New_Visitor,Organic,Europe,Mobile,2,445.6,False,0,0,Wednesday,11,Nov,False,0.0
S00062,New_Visitor,Organic,Asia,Desktop,2,381.4,False,0,0,Saturday,9,Aug,False,0.0
S00063,Returning_Visitor,Referral,Asia,Mobile,5,115.9,False,1,0,Monday,18,May,False,0.0
S00064,New_Visitor,Organic,South America,Desktop,3,49.2,False,0,0,Saturday,7,Jun,False,0.0
S00065,New_Visitor,Organic,Africa,Mobile,1,10.1,True,0,0,Saturday,20,Oct,False,0.0
S00066,New_Visitor,Referral,Europe,Desktop,7,488.0,False,1,1,Sunday,9,Apr,False,0.0
S00067,New_Visitor,Referral,North America,Desktop,4,337.8,False,0,0,Friday,23,May,False,0.0
S00068,Returning_Visitor,Social,Asia,Desktop,1,32.7,True,0,0,Wednesday,23,Mar,False,0.0
S00069,New_Visitor,Direct,Europe,Mobile,1,16.7,True,0,0,Wednesday,12,Jun,False,0.0
S00070,Returning_Visitor,Paid,Asia,Tablet,1,35.7,True,0,0,Sunday,23,Feb,False,0.0
S00071,Returning_Visitor,Paid,Europe,Desktop,6,261.5,False,0,0,Sunday,20,May,False,0.0
S00072,New_Visitor,Social,North America,Desktop,2,94.1,False,0,0,Thursday,7,May,False,0.0
S00073,New_Visitor,Referral,Europe,Desktop,2,70.3,False,0,0,Sunday,22,Apr,False,0.0
S00074,Returning_Visitor,Direct,Asia,Mobile,1,0.2,True,0,0,Saturday,5,Feb,False,0.0
S00075,Returning_Visitor,Paid,South America,Mobile,3,114.9,False,2,0,Sunday,9,Jul,False,0.0
S00076,Returning_Visitor,Organic,Europe,Desktop,1,25.6,True,0,0,Friday,15,Nov,True,0.0
S00077,Returning_Visitor,Organic,North America,Mobile,3,146.4,False,1,0,Saturday,7,May,False,0.0
S00078,New_Visitor,Direct,Europe,Desktop,2,8.6,False,1,0,Sunday,9,Apr,False,0.0
S00079,New_Visitor,Organic,South America,Desktop,6,760.9,False,2,0,Monday,22,Apr,False,0.0
S00080,New_Visitor,Paid,Europe,Desktop,5,624.9,False,2,1,Sunday,23,Nov,False,0.0
S00081,Returning_Visitor,Referral,Asia,Mobile,1,49.8,True,0,0,Wednesday,19,Jul,False,0.0
S00082,Returning_Visitor,Referral,Europe,Tablet,1,80.2,True,0,0,Thursday,14,Feb,False,0.0
S00083,New_Visitor,Referral,North America,Mobile,2,69.1,False,0,0,Saturday,20,Oct,False,0.0
S00084,New_Visitor,Direct,South America,Desktop,4,214.2,False,0,0,Friday,8,Mar,False,0.0
S00085,New_Visitor,Organic,North America,Mobile,4,230.8,False,3,0,Sunday,21,Jan,False,0.0
S00086,New_Visitor,Referral,Europe,Desktop,6,157.2,False,2,1,Wednesday,11,Apr,False,0.0
S00087,Returning_Visitor,Social,North America,Mobile,1,194.5,True,0,0,Wednesday,20,Mar,True,0.0
S00088,Returning_Visitor,Direct,North America,Mobile,1,55.4,True,0,0,Monday,16,Aug,False,0.0
S00089,Returning_Visitor,Social,Europe,Tablet,3,838.8,False,0,0,Thursday,22,Jul,False,0.0
S00090,New_Visitor,Organic,Europe,Desktop,4,135.9,False,0,0,Saturday,20,Oct,False,0.0
S00091,New_Visitor,Organic,Asia,Mobile,5,9.9,False,3,1,Wednesday,20,Jul,False,0.0
S00092,Returning_Visitor,Organic,Asia,Mobile,1,21.6,True,0,0,Thursday,16,Jun,False,0.0
S00093,Returning_Visitor,Direct,Asia,Desktop,11,694.4,False,3,2,Tuesday,19,Jul,False,99.65
S00094,Returning_Visitor,Social,Europe,Mobile,1,144.7,True,0,0,Saturday,18,Jun,False,0.0
S00095,Returning_Visitor,Social,Asia,Tablet,1,57.3,True,0,0,Monday,9,Jan,False,0.0
S00096,New_Visitor,Direct,Asia,Tablet,1,38.3,True,0,0,Friday,16,Sep,False,0.0
S00097,New_Visitor,Referral,Europe,Mobile,1,5.1,True,0,0,Wednesday,8,Dec,False,0.0
S00098,New_Visitor,Social,Asia,Desktop,5,46.9,False,1,0,Monday,20,Jun,False,0.0
S00099,New_Visitor,Organic,Oceania,Tablet,1,3.3,True,0,0,Saturday,7,Jun,False,0.0
S00100,New_Visitor,Organic,North America,Mobile,2,149.0,False,1,0,Thursday,23,Jan,False,0.0
S00101,New_Visitor,Paid,Africa,Desktop,1,106.7,True,0,0,Friday,12,Dec,False,0.0
S00102,Returning_Visitor,Referral,North America,Desktop,1,10.8,True,0,0,Saturday,9,Dec,False,0.0
S00103,New_Visitor,Paid,Europe,Desktop,9,212.4,False,6,0,Friday,21,Nov,False,0.0
S00104,New_Visitor,Direct,North America,Desktop,6,234.8,False,0,0,Saturday,6,Feb,False,0.0
S00105,Returning_Visitor,Social,Asia,Mobile,2,18.5,False,0,0,Saturday,13,Dec,True,0.0
S00106,New_Visitor,Organic,North America,Desktop,2,64.6,False,1,0,Friday,18,Jan,False,0.0
S00107,New_Visitor,Organic,Africa,Desktop,7,1430.6,False,1,0,Wednesday,11,Jun,False,0.0
S00108,Returning_Visitor,Direct,South America,Desktop,5,381.0,False,0,0,Tuesday,14,Jul,True,112.96
S00109,New_Visitor,Direct,Asia,Mobile,4,43.8,False,0,0,Sunday,17,Nov,False,0.0
S00110,New_Visitor,Organic,Europe,Desktop,3,18.7,False,1,0,Sunday,22,Oct,False,0.0
S00111,New_Visitor,Organic,Oceania,Desktop,3,106.0,False,0,0,Wednesday,8,Nov,False,0.0
S00112,New_Visitor,Organic,South America,Desktop,2,530.3,False,1,0,Monday,9,Nov,True,0.0
S00113,Returning_Visitor,Social,Europe,Mobile,3,283.8,False,1,1,Tuesday,14,Jul,False,0.0
S00114,Returning_Visitor,Direct,Asia,Desktop,3,62.4,False,1,0,Friday,12,Oct,False,0.0
S00115,Returning_Visitor,Organic,Asia,Mobile,7,11.2,False,2,0,Tuesday,12,Jan,False,0.0
S00116,Returning_Visitor,Organic,Asia,Desktop,1,31.8,True,0,0,Saturday,11,Jun,False,0.0
S00117,Returning_Visitor,Organic,Europe,Desktop,1,10.5,True,0,0,Sunday,14,Jan,True,0.0
S00118,New_Visitor,Referral,Europe,Desktop,1,11.9,True,0,0,Sunday,20,Dec,False,0.0
S00119,Returning_Visitor,Organic,North America,Desktop,3,31.9,False,2,1,Monday,9,Dec,False,0.0
S00120,New_Visitor,Social,Europe,Desktop,4,305.2,False,1,0,Sunday,10,Feb,False,0.0
S00121,Returning_Visitor,Organic,Asia,Desktop,1,2.2,True,0,0,Saturday,16,Jul,True,0.0
S00122,Returning_Visitor,Organic,Oceania,Desktop,4,199.6,False,0,0,Monday,6,May,False,0.0
S00123,New_Visitor,Paid,Oceania,Mobile,3,251.4,False,0,0,Wednesday,16,May,True,0.0
S00124,New_Visitor,Social,Asia,Desktop,2,20.4,False,1,1,Friday,11,Jun,False,0.0
S00125,New_Visitor,Organic,Asia,Tablet,1,134.1,True,0,0,Sunday,11,Feb,False,0.0
S00126,New_Visitor,Social,North America,Mobile,7,34.2,False,3,0,Tuesday,12,Mar,False,0.0
S00127,Returning_Visitor,Direct,Asia,Mobile,3,206.6,False,1,1,Monday,11,Aug,False,0.0
S00128,Returning_Visitor,Social,North America,Desktop,4,,False,2,0,Thursday,19,Jan,False,0.0
S00129,New_Visitor,Referral,North America,Mobile,8,787.2,False,3,1,Sunday,22,Aug,False,39.93
S00130,New_Visitor,Referral,Asia,Desktop,1,50.8,True,0,0,Sunday,14,May,False,0.0
S00131,New_Visitor,Paid,Europe,Desktop,2,106.8,False,0,0,Tuesday,15,Nov,False,39.88
S00132,New_Visitor,Organic,North America,Desktop,2,51.0,False,1,0,Wednesday,7,Aug,False,0.0
S00133,New_Visitor,Referral,South America,Tablet,1,20.0,True,0,0,Sunday,17,Oct,False,0.0
S00134,New_Visitor,Direct,Europe,Desktop,6,224.0,False,2,1,Saturday,15,Feb,False,0.0
S00135,Returning_Visitor,Organic,North America,Tablet,1,85.1,True,0,0,Sunday,6,Apr,False,0.0
S00136,New_Visitor,Organic,North America,Desktop,1,11.1,True,0,0,Sunday,9,Dec,True,0.0
S00137,New_Visitor,Organic,North America,Tablet,1,101.7,True,0,0,Tuesday,9,Jun,False,0.0
S00138,Returning_Visitor,Referral,North America,Tablet,10,392.2,False,2,0,Saturday,9,May,False,0.0
S00139,New_Visitor,Referral,South America,Tablet,3,108.3,False,1,0,Monday,16,Nov,False,0.0
S00140,Returning_Visitor,Referral,Europe,Mobile,4,4.0,False,1,0,Saturday,21,Jan,False,0.0
S00141,Returning_Visitor,Organic,South America,Tablet,1,,True,0,0,Friday,18,Jul,False,0.0
S00142,New_Visitor,Direct,North America,Tablet,1,33.9,True,0,0,Sunday,13,Mar,False,0.0
S00143,New_Visitor,Paid,Europe,Desktop,5,1193.7,False,2,1,Sunday,12,May,False,0.0
S00144,New_Visitor,Direct,Asia,Desktop,3,51.8,False,2,0,Monday,12,Mar,False,0.0
S00145,New_Visitor,Referral,Asia,Mobile,1,0.6,True,0,0,Tuesday,15,Jan,False,0.0
S00146,New_Visitor,Social,Asia,Desktop,3,103.0,False,0,0,Thursday,11,Jun,False,0.0
S00147,Returning_Visitor,Social,Africa,Mobile,2,1.9,False,0,0,Sunday,10,Oct,False,0.0
S00148,New_Visitor,Direct,North America,Desktop,1,24.6,True,0,0,Saturday,15,Dec,False,0.0
S00149,New_Visitor,Paid,Europe,Mobile,3,78.7,False,2,1,Sunday,12,Sep,False,0.0
S00150,New_Visitor,Direct,Africa,Desktop,1,0.1,True,0,0,Friday,1,Jun,False,0.0
S00151,Returning_Visitor,Paid,North America,Desktop,6,544.4,False,1,0,Tuesday,2,Oct,False,0.0
S00152,New_Visitor,Organic,North America,Desktop,3,439.2,False,1,0,Monday,10,Jul,False,55.29
S00153,New_Visitor,Organic,North America,Mobile,7,1800.0,False,1,0,Tuesday,14,May,False,0.0
S00154,New_Visitor,Organic,Asia,Desktop,2,85.3,False,1,0,Friday,11,Mar,False,0.0
S00155,Returning_Visitor,Social,North America,Mobile,3,65.9,False,2,1,Sunday,2,Nov,False,0.0
S00156,New_Visitor,Direct,North America,Mobile,5,379.2,False,0,0,Wednesday,10,Jul,False,0.0
S00157,Returning_Visitor,Organic,Europe,Mobile,3,240.0,False,0,0,Sunday,8,Dec,False,0.0
S00158,Returning_Visitor,Organic,Asia,Desktop,3,85.8,False,2,1,Wednesday,22,Nov,False,0.0
S00159,New_Visitor,Paid,North America,Desktop,3,150.1,False,1,0,Wednesday,11,Jun,False,0.0
S00160,Returning_Visitor,Social,Europe,Mobile,3,310.4,False,0,0,Thursday,1,Oct,False,0.0
S00161,New_Visitor,Referral,Asia,Desktop,5,62.9,False,1,1,Thursday,16,Jun,False,0.0
S00162,Returning_Visitor,Referral,Oceania,Mobile,2,2.5,False,0,0,Sunday,10,Feb,False,0.0
S00163,Returning_Visitor,Direct,Asia,Tablet,7,325.9,False,4,1,Thursday,14,Jul,True,0.0
S00164,New_Visitor,Direct,South America,Desktop,5,327.5,False,1,1,Tuesday,9,Nov,False,0.0
S00165,New_Visitor,Paid,Europe,Mobile,4,205.3,False,2,1,Saturday,23,Nov,False,0.0
S00166,Returning_Visitor,Organic,North America,Tablet,7,380.9,False,1,0,Sunday,22,Aug,False,0.0
S00167,New_Visitor,Direct,Europe,Tablet,3,89.9,False,1,0,Friday,16,Jun,False,0.0
S00168,New_Visitor,Direct,South America,Tablet,6,379.5,False,3,1,Tuesday,17,Jan,True,0.0
S00169,New_Visitor,Direct,Europe,Mobile,1,2.6,True,0,0,Tuesday,12,May,False,0.0
S00170,Returning_Visitor,Direct,South America,Desktop,1,9.8,True,0,0,Monday,22,Dec,False,0.0
S00171,Returning_Visitor,Direct,Oceania,Tablet,4,141.2,False,0,0,Monday,12,Oct,False,0.0
S00172,New_Visitor,Organic,North America,Tablet,2,343.7,False,0,0,Sunday,10,Oct,False,0.0
S00173,New_Visitor,Direct,North America,Mobile,4,248.2,False,2,0,Monday,8,Oct,False,0.0
S00174,New_Visitor,Organic,North America,Desktop,1,26.3,True,0,0,Thursday,9,Sep,False,0.0
S00175,Returning_Visitor,Organic,Europe,Desktop,10,367.4,False,2,0,Friday,15,Aug,False,0.0
S00176,New_Visitor,Organic,North America,Desktop,3,336.3,False,1,0,Saturday,10,Jun,False,10.64
S00177,Returning_Visitor,Social,Africa,Desktop,1,46.9,True,0,0,Tuesday,16,Jun,False,0.0
S00178,New_Visitor,Direct,North America,Mobile,2,5.9,False,1,0,Thursday,12,Nov,False,0.0
S00179,Returning_Visitor,Referral,Europe,Mobile,5,161.8,False,2,0,Tuesday,20,Jun,False,0.0
S00180,New_Visitor,Social,North America,Mobile,7,206.3,False,1,0,Tuesday,14,Nov,False,0.0
S00181,New_Visitor,Referral,Oceania,Desktop,2,276.2,False,0,0,Wednesday,15,Nov,False,0.0
S00182,New_Visitor,Direct,Asia,Mobile,1,21.9,True,0,0,Friday,14,Oct,True,0.0
S00183,Returning_Visitor,Direct,Africa,Desktop,8,32.1,False,3,0,Monday,20,Jan,False,0.0
S00184,Returning_Visitor,Direct,Oceania,Desktop,12,315.5,False,6,1,Wednesday,7,Mar,False,0.0
S00185,New_Visitor,Referral,Europe,Mobile,1,2.7,True,0,0,Tuesday,7,May,False,0.0
S00186,Returning_Visitor,Direct,North America,Desktop,1,107.1,True,0,0,Sunday,17,Nov,False,0.0
S00187,Returning_Visitor,Social,North America,Desktop,3,160.6,False,1,0,Friday,18,Nov,False,0.0
S00188,Returning_Visitor,Paid,North America,Desktop,3,114.1,False,1,0,Sunday,12,Jan,False,0.0
S00189,New_Visitor,Organic,Asia,Mobile,3,80.3,False,0,0,Tuesday,11,May,False,0.0
S00190,New_Visitor,Organic,North America,Mobile,2,64.9,False,0,0,Saturday,10,Nov,False,0.0
S00191,New_Visitor,Referral,North America,Desktop,1,93.0,True,0,0,Wednesday,10,Apr,False,0.0
S00192,Returning_Visitor,Direct,Asia,Desktop,3,35.7,False,1,0,Tuesday,21,Dec,False,0.0
S00193,Returning_Visitor,Organic,Asia,Mobile,1,4.4,True,0,0,Saturday,11,Jul,False,0.0
S00194,Returning_Visitor,Paid,Asia,Tablet,2,99.0,False,1,0,Saturday,16,Dec,False,0.0
S00195,New_Visitor,Organic,Europe,Mobile,3,352.5,False,0,0,Sunday,18,Jun,False,0.0
S00196,New_Visitor,Paid,South America,Mobile,1,49.6,True,0,0,Saturday,2,May,False,0.0
S00197,Returning_Visitor,Social,Europe,Mobile,3,286.3,False,2,0,Monday,4,May,False,0.0
S00198,Returning_Visitor,Social,North America,Mobile,4,535.8,False,2,0,Wednesday,11,Nov,True,0.0
S00199,Returning_Visitor,Organic,South America,Tablet,1,4.8,True,0,0,Thursday,17,May,False,0.0
S00200,Returning_Visitor,Organic,Oceania,Mobile,3,160.1,False,1,0,Monday,10,Sep,False,0.0
S00201,Returning_Visitor,Direct,North America,Tablet,3,321.9,False,1,1,Saturday,0,Jul,True,0.0
S00202,New_Visitor,Organic,Europe,Desktop,,61.9,True,0,0,Thursday,10,Dec,False,0.0
S00203,New_Visitor,Direct,Europe,Tablet,4,214.9,False,1,0,Sunday,7,Mar,False,0.0
S00204,Returning_Visitor,Direct,North America,Mobile,2,186.2,False,1,0,Friday,10,Jun,False,0.0
S00205,Returning_Visitor,Organic,Africa,Tablet,1,73.7,True,0,0,Thursday,11,Feb,False,0.0
S00206,New_Visitor,Organic,North America,Desktop,1,41.8,True,0,0,Monday,8,Aug,False,0.0
S00207,New_Visitor,Social,South America,Mobile,3,8.1,False,1,0,Monday,17,Jun,False,0.0
S00208,Returning_Visitor,Organic,Asia,Mobile,3,171.0,False,1,0,Saturday,10,Jan,False,0.0
S00209,New_Visitor,Organic,Asia,Desktop,1,14.4,True,0,0,Sunday,16,Nov,False,0.0
S00210,New_Visitor,Referral,North America,Mobile,9,158.3,False,5,1,Wednesday,15,May,False,0.0
S00211,New_Visitor,Paid,North America,Mobile,2,136.6,False,0,0,Saturday,20,Jul,True,0.0
S00212,Returning_Visitor,Direct,North America,Desktop,1,36.2,True,0,0,Friday,7,Jun,False,0.0
S00213,Returning_Visitor,Organic,North America,Desktop,1,75.7,True,0,0,Sunday,10,Jul,False,0.0
S00214,New_Visitor,Referral,Europe,Mobile,1,29.9,True,0,0,Tuesday,20,Jan,False,0.0
S00215,Returning_Visitor,Paid,South America,Mobile,13,1591.6,False,5,1,Thursday,19,Nov,False,0.0
S00216,New_Visitor,Social,Europe,Desktop,4,133.7,False,0,0,Wednesday,9,May,False,0.0
S00217,New_Visitor,Referral,South America,Desktop,5,204.3,False,2,1,Thursday,8,Oct,False,9.22
S00218,Returning_Visitor,Direct,Europe,Desktop,2,16.2,False,0,0,Tuesday,20,Jan,False,0.0
S00219,Returning_Visitor,Direct,South America,Desktop,2,84.0,False,1,0,Thursday,9,Jul,False,0.0
S00220,Returning_Visitor,Organic,Oceania,Desktop,14,230.3,False,3,0,Friday,20,Dec,False,0.0
S00221,Returning_Visitor,Referral,North America,Mobile,1,86.4,True,0,0,Monday,22,Jun,False,0.0
S00222,Returning_Visitor,Social,Africa,Mobile,2,150.2,False,0,0,Saturday,10,Mar,False,0.0
S00223,New_Visitor,Paid,Asia,Mobile,1,1.0,True,0,0,Friday,19,Feb,True,0.0
S00224,New_Visitor,Organic,South America,Desktop,1,40.9,True,0,0,Sunday,12,Nov,False,0.0
S00225,New_Visitor,Organic,Asia,Mobile,4,11.1,False,1,0,Wednesday,18,Apr,False,0.0
S00226,New_Visitor,Direct,Europe,Desktop,2,101.1,False,0,0,Monday,12,Dec,False,0.0
S00227,Returning_Visitor,Social,North America,Mobile,7,974.0,False,3,0,Thursday,7,Apr,False,0.0
S00228,New_Visitor,Social,North America,Mobile,1,121.1,True,0,0,Monday,17,Jul,False,0.0
S00229,Returning_Visitor,Organic,Europe,Tablet,2,33.5,False,1,0,Friday,9,Jun,False,0.0
S00230,Returning_Visitor,Organic,Oceania,Desktop,6,54.3,False,3,1,Monday,21,Jan,False,0.0
S00231,Returning_Visitor,Direct,Asia,Mobile,3,281.8,False,1,1,Wednesday,12,Jul,True,0.0
S00232,New_Visitor,Direct,Europe,Mobile,5,237.0,False,3,0,Monday,7,Sep,False,0.0
S00233,Returning_Visitor,Paid,South America,Mobile,2,66.2,False,0,0,Monday,10,Oct,False,0.0
S00234,New_Visitor,Direct,South America,Mobile,2,199.6,False,0,0,Sunday,20,Jul,False,0.0
S00235,New_Visitor,Social,North America,Mobile,7,122.2,False,1,0,Sunday,11,Nov,True,0.0
S00236,Returning_Visitor,Referral,North America,Desktop,5,76.3,False,2,2,Thursday,20,Oct,False,0.0
S00237,New_Visitor,Social,North America,Mobile,2,113.6,False,0,0,Tuesday,9,Mar,False,0.0
S00238,New_Visitor,Direct,Africa,Desktop,1,19.1,True,0,0,Sunday,13,Jun,False,0.0
S00239,Returning_Visitor,Social,South America,Desktop,1,33.4,True,0,0,Sunday,20,Mar,False,0.0
S00240,New_Visitor,Organic,North America,Desktop,6,218.4,False,2,0,Saturday,6,Feb,False,0.0
S00241,Returning_Visitor,Direct,North America,Tablet,4,55.1,False,0,0,Thursday,11,Oct,False,0.0
S00242,Returning_Visitor,Organic,South America,Desktop,3,11.5,False,1,0,Monday,21,Jul,False,0.0
S00243,Returning_Visitor,Direct,Oceania,Tablet,5,436.6,False,3,1,Monday,15,Aug,False,0.0
S00244,New_Visitor,Direct,South America,Tablet,8,734.7,False,2,0,Sunday,17,Oct,True,0.0
S00245,New_Visitor,Organic,Asia,Tablet,5,273.7,False,2,1,Sunday,19,Apr,False,0.0
S00246,Returning_Visitor,Paid,North America,Tablet,2,19.3,False,0,0,Thursday,14,Jun,False,0.0
S00247,New_Visitor,Organic,Europe,Tablet,1,38.8,True,0,0,Wednesday,19,Aug,False,0.0
S00248,Returning_Visitor,Social,North America,Desktop,4,47.0,False,2,0,Friday,16,Feb,False,0.0
S00249,Returning_Visitor,Paid,South America,Desktop,1,127.9,True,0,0,Saturday,16,Nov,False,0.0
S00250,Returning_Visitor,Organic,Europe,Mobile,5,358.5,False,0,0,Saturday,9,May,True,0.0
S00251,New_Visitor,Referral,South America,Mobile,2,3.8,False,0,0,Friday,21,Sep,False,0.0
S00252,New_Visitor,Organic,Europe,Desktop,1,0.1,True,0,0,Tuesday,18,Dec,False,0.0
S00253,Returning_Visitor,Organic,South America,Mobile,1,247.2,True,0,0,Tuesday,10,Jul,False,0.0
S00254,New_Visitor,Direct,Europe,Mobile,1,2.4,True,0,0,Saturday,15,Mar,False,0.0
S00255,New_Visitor,Paid,Europe,Tablet,2,241.1,False,0,0,Saturday,12,Mar,False,0.0
S00256,Returning_Visitor,Organic,Asia,Mobile,1,187.2,True,0,0,Monday,16,Jan,False,0.0
S00257,Returning_Visitor,Referral,North America,Mobile,1,22.1,True,0,0,Tuesday,23,Oct,False,0.0
S00258,Returning_Visitor,Direct,Oceania,Desktop,2,93.2,False,0,0,Friday,6,Apr,True,0.0
S00259,Returning_Visitor,Paid,Asia,Mobile,7,437.8,False,1,0,Wednesday,22,Mar,False,0.0
S00260,New_Visitor,Organic,Europe,Tablet,1,44.1,True,0,0,Thursday,7,Oct,False,0.0
S00261,Returning_Visitor,Referral,South America,Desktop,2,28.8,False,1,0,Friday,13,May,False,0.0
S00262,Returning_Visitor,Referral,Africa,Desktop,3,156.7,False,0,0,Saturday,13,Aug,False,0.0
S00263,New_Visitor,Referral,Europe,Mobile,7,125.7,False,4,1,Saturday,10,Jun,False,39.59
S00264,New_Visitor,Paid,Africa,Desktop,2,21.6,False,1,0,Tuesday,14,May,False,0.0
S00265,Returning_Visitor,Social,North America,Desktop,2,84.5,False,0,0,Thursday,19,Jul,False,0.0
S00266,Returning_Visitor,Organic,North America,Desktop,5,139.6,False,2,0,Monday,11,May,False,0.0
S00267,Returning_Visitor,Direct,Asia,Desktop,2,3.3,False,1,1,Saturday,7,Nov,False,12.96
S00268,Returning_Visitor,Direct,Europe,Desktop,6,1076.2,False,2,1,Saturday,16,Feb,False,0.0
S00269,New_Visitor,Direct,Europe,Tablet,2,4.8,False,1,1,Wednesday,18,Jan,False,0.0
S00270,New_Visitor,Direct,Europe,Mobile,3,419.9,False,2,0,Tuesday,22,Jun,True,0.0
S00271,Returning_Visitor,Direct,Europe,Desktop,3,37.9,False,2,2,Monday,9,Mar,False,0.0
S00272,Returning_Visitor,Direct,South America,Desktop,1,9.2,True,0,0,Friday,20,Oct,False,0.0
S00273,Returning_Visitor,Paid,Asia,Desktop,2,8.6,False,1,0,Monday,13,May,False,0.0
S00274,Returning_Visitor,Organic,Oceania,Tablet,1,33.3,True,0,0,Friday,10,Apr,False,0.0
S00275,New_Visitor,Paid,South America,Desktop,4,212.2,False,2,0,Friday,22,May,False,0.0
S00276,New_Visitor,Direct,North America,Tablet,9,1263.9,False,4,2,Friday,10,Mar,True,0.0
S00277,Returning_Visitor,Referral,North America,Desktop,1,91.9,True,0,0,Sunday,17,Apr,False,0.0
S00278,Returning_Visitor,Social,Europe,Mobile,1,10.4,True,0,0,Wednesday,18,Aug,False,0.0
S00279,Returning_Visitor,Direct,South America,Desktop,3,33.0,False,1,0,Sunday,12,Nov,False,0.0
S00280,Returning_Visitor,Direct,North America,Desktop,2,1.0,False,0,0,Monday,17,May,True,0.0
S00281,Returning_Visitor,Direct,North America,Desktop,1,69.9,True,0,0,Monday,15,May,False,0.0
S00282,New_Visitor,Direct,Africa,Mobile,8,8.5,False,4,1,Wednesday,9,Oct,False,0.0
S00283,New_Visitor,Paid,Asia,Desktop,9,80.5,False,5,1,Friday,18,Jan,True,0.0
S00284,New_Visitor,Social,North America,Desktop,6,362.4,False,1,1,Monday,21,May,False,0.0
S00285,Returning_Visitor,Organic,North America,Mobile,1,9.8,True,0,0,Thursday,13,Jun,False,0.0
S00286,New_Visitor,Organic,Africa,Desktop,1,10.0,True,0,0,Wednesday,23,Aug,False,0.0
S00287,New_Visitor,Direct,Africa,Desktop,3,48.0,False,2,0,Sunday,12,Mar,True,0.0
S00288,New_Visitor,Organic,North America,Mobile,1,,True,0,0,Thursday,13,Jun,False,0.0
S00289,New_Visitor,Referral,Europe,Mobile,1,0.5,True,0,0,Friday,16,Aug,True,0.0
S00290,Returning_Visitor,Organic,South America,Mobile,4,329.0,False,2,1,Sunday,9,Jul,False,0.0
S00291,New_Visitor,Direct,South America,Desktop,5,445.9,False,0,0,Saturday,21,Aug,False,0.0
S00292,New_Visitor,Organic,South America,Desktop,3,82.2,False,1,0,Thursday,19,Sep,False,0.0
S00293,Returning_Visitor,Direct,Europe,Desktop,2,192.0,False,1,0,Thursday,20,May,False,0.0
S00294,New_Visitor,Referral,Africa,Tablet,3,60.3,False,2,0,Friday,15,Jan,False,0.0
S00295,New_Visitor,Direct,Europe,Tablet,3,764.5,False,0,0,Tuesday,20,Jan,False,0.0
S00296,New_Visitor,Paid,North America,Tablet,1,30.4,True,0,0,Monday,16,Nov,False,0.0
S00297,Returning_Visitor,Paid,Asia,Desktop,2,132.6,False,1,0,Wednesday,14,Sep,False,0.0
S00298,New_Visitor,Direct,Europe,Mobile,3,70.1,False,0,0,Saturday,21,Oct,False,0.0
S00299,Returning_Visitor,Organic,Africa,Desktop,1,36.0,True,0,0,Tuesday,13,Dec,False,0.0
S00300,New_Visitor,Social,North America,Mobile,,124.3,False,0,0,Monday,13,Oct,False,0.0
S00301,New_Visitor,Paid,South America,Mobile,2,51.2,False,0,0,Tuesday,9,Sep,False,0.0
S00302,New_Visitor,Social,North America,Desktop,7,448.9,False,2,0,Friday,22,Sep,False,0.0
S00303,New_Visitor,Organic,Asia,Desktop,3,28.4,False,1,0,Friday,10,Apr,True,0.0
S00304,Returning_Visitor,Paid,North America,Desktop,2,79.3,False,0,0,Friday,9,Dec,False,0.0
S00305,Returning_Visitor,Organic,Asia,Mobile,1,19.1,True,0,0,Wednesday,8,Aug,False,0.0
S00306,Returning_Visitor,Social,Asia,Desktop,10,1515.7,False,3,0,Sunday,13,Apr,False,0.0
S00307,New_Visitor,Paid,Europe,Desktop,10,1044.8,False,2,2,Thursday,10,Mar,False,18.96
S00308,New_Visitor,Organic,North America,Tablet,2,80.2,False,0,0,Thursday,17,Nov,False,0.0
S00309,Returning_Visitor,Paid,Europe,Desktop,8,290.2,False,4,2,Sunday,11,Apr,False,0.0
S00310,New_Visitor,Direct,South America,Desktop,3,323.2,False,1,0,Sunday,17,Jan,False,0.0
S00311,New_Visitor,Paid,Europe,Mobile,5,351.8,False,2,1,Friday,9,Jun,False,0.0
S00312,New_Visitor,Organic,North America,Mobile,1,69.0,True,0,0,Sunday,10,Nov,False,0.0
S00313,New_Visitor,Paid,North America,Desktop,1,47.7,True,0,0,Thursday,19,Jun,False,0.0
S00314,Returning_Visitor,Organic,Oceania,Mobile,3,357.0,False,0,0,Wednesday,12,Nov,True,0.0
S00315,Returning_Visitor,Social,Europe,Desktop,1,12.6,True,0,0,Wednesday,8,Nov,False,0.0
S00316,Returning_Visitor,Direct,North America,Mobile,7,831.5,False,1,0,Thursday,22,Nov,True,0.0
S00317,New_Visitor,Direct,South America,Desktop,6,264.8,False,3,1,Friday,9,Aug,False,0.0
S00318,New_Visitor,Organic,Asia,Desktop,4,233.1,False,3,0,Thursday,9,Sep,False,0.0
S00319,New_Visitor,Social,North America,Mobile,1,196.9,True,0,0,Sunday,11,Apr,False,0.0
S00320,New_Visitor,Organic,Oceania,Tablet,2,66.3,False,0,0,Wednesday,8,Feb,False,0.0
S00321,New_Visitor,Referral,Asia,Mobile,1,66.2,True,0,0,Tuesday,9,Jul,False,0.0
S00322,Returning_Visitor,Organic,Europe,Tablet,8,354.4,False,3,1,Monday,19,Jan,False,34.22
S00323,Returning_Visitor,Paid,Europe,Mobile,3,482.8,False,1,1,Sunday,9,Jul,False,0.0
S00324,New_Visitor,Organic,Africa,Desktop,1,40.1,True,0,0,Saturday,8,Feb,False,0.0
S00325,Returning_Visitor,Organic,North America,Desktop,3,53.3,False,1,0,Friday,20,Feb,False,0.0
S00326,Returning_Visitor,Organic,North America,Tablet,1,39.6,True,0,0,Saturday,13,Nov,False,0.0
S00327,Returning_Visitor,Direct,North America,Mobile,1,149.2,True,0,0,Saturday,9,Sep,False,0.0
S00328,Returning_Visitor,Organic,South America,Tablet,1,41.7,True,0,0,Sunday,15,Sep,False,0.0
S00329,New_Visitor,Direct,Asia,Desktop,7,66.4,False,2,1,Wednesday,5,Jun,False,0.0
S00330,New_Visitor,Paid,Asia,Desktop,3,140.4,False,1,1,Thursday,12,Jun,False,0.0
S00331,New_Visitor,Social,North America,Desktop,2,58.8,False,0,0,Monday,15,May,False,0.0
S00332,Returning_Visitor,Referral,Asia,Desktop,1,63.0,True,0,0,Sunday,22,Jun,False,0.0
S00333,New_Visitor,Organic,South America,Desktop,2,33.1,False,1,0,Sunday,11,Aug,False,8.81
S00334,New_Visitor,Referral,Europe,Desktop,3,70.0,False,0,0,Saturday,18,Mar,False,0.0
S00335,New_Visitor,Organic,South America,Mobile,2,87.2,False,0,0,Thursday,8,Apr,False,0.0
S00336,New_Visitor,Social,Europe,Desktop,2,15.1,False,0,0,Thursday,12,Jul,False,0.0
S00337,Returning_Visitor,Organic,South America,Desktop,1,14.2,True,0,0,Thursday,10,Jun,False,0.0
S00338,Returning_Visitor,Direct,North America,Mobile,8,,False,2,0,Wednesday,13,Nov,False,0.0
S00339,New_Visitor,Direct,Asia,Mobile,1,168.0,True,0,0,Thursday,12,Nov,False,0.0
S00340,New_Visitor,Paid,Oceania,Mobile,9,1800.0,False,4,0,Monday,23,May,True,53.83
S00341,New_Visitor,Organic,Oceania,Mobile,3,498.4,False,0,0,Sunday,21,Jun,True,0.0
S00342,New_Visitor,Referral,North America,Tablet,6,1025.2,False,4,0,Wednesday,15,Dec,False,0.0
S00343,New_Visitor,Organic,Europe,Mobile,3,309.8,False,2,0,Sunday,9,Nov,False,0.0
S00344,New_Visitor,Social,North America,Tablet,6,478.9,False,3,2,Saturday,14,Mar,False,37.67
S00345,New_Visitor,Paid,Africa,Mobile,1,15.8,True,0,0,Tuesday,18,Apr,False,0.0
S00346,Returning_Visitor,Direct,Asia,Desktop,1,35.0,True,0,0,Tuesday,5,Feb,True,0.0
S00347,Returning_Visitor,Direct,Europe,Desktop,2,60.9,False,1,0,Sunday,12,Sep,False,0.0
S00348,New_Visitor,Paid,North America,Mobile,2,157.3,False,1,1,Saturday,5,May,False,0.0
S00349,New_Visitor,Direct,Oceania,Mobile,9,348.4,False,3,0,Tuesday,10,Jul,False,0.0
S00350,Returning_Visitor,Direct,Europe,Mobile,2,53.6,False,1,0,Monday,7,Oct,False,0.0
S00351,New_Visitor,Referral,North America,Desktop,11,1110.4,False,0,0,Friday,22,Nov,True,0.0
S00352,Returning_Visitor,Referral,Europe,Mobile,4,332.6,False,2,2,Wednesday,9,May,False,0.0
S00353,Returning_Visitor,Organic,North America,Mobile,6,165.7,False,0,0,Tuesday,9,Apr,False,0.0
S00354,New_Visitor,Social,Asia,Mobile,2,65.2,False,1,0,Saturday,22,Nov,False,0.0
S00355,New_Visitor,Direct,Africa,Mobile,1,134.2,True,0,0,Friday,14,Jun,False,0.0
S00356,Returning_Visitor,Organic,Africa,Tablet,1,79.2,True,0,0,Thursday,18,Nov,False,0.0
S00357,New_Visitor,Social,Europe,Desktop,4,281.1,False,2,0,Sunday,11,Mar,False,0.0
S00358,Returning_Visitor,Direct,South America,Desktop,11,820.9,False,2,0,Friday,14,Dec,False,0.0
S00359,Returning_Visitor,Organic,Europe,Mobile,1,6.5,True,0,0,Sunday,0,Jul,False,0.0
S00360,Returning_Visitor,Referral,North America,Desktop,5,248.7,False,2,0,Tuesday,12,Mar,False,0.0
S00361,New_Visitor,Paid,Oceania,Mobile,2,41.3,False,1,0,Wednesday,14,Jul,False,0.0
S00362,Returning_Visitor,Paid,Europe,Desktop,16,85.1,False,6,1,Monday,14,Nov,False,0.0
S00363,New_Visitor,Paid,Europe,Desktop,7,551.6,False,0,0,Wednesday,12,Jun,False,0.0
S00364,New_Visitor,Paid,Oceania,Desktop,1,21.8,True,0,0,Sunday,18,Mar,False,0.0
S00365,Returning_Visitor,Organic,North America,Desktop,5,111.3,False,0,0,Sunday,13,Aug,False,0.0
S00366,New_Visitor,Direct,South America,Desktop,4,245.1,False,2,0,Saturday,16,Nov,False,0.0
S00367,Returning_Visitor,Social,Oceania,Desktop,5,329.2,False,2,1,Thursday,9,Feb,False,0.0
S00368,Returning_Visitor,Direct,Europe,Mobile,1,38.6,True,0,0,Saturday,20,Jan,False,0.0
S00369,New_Visitor,Referral,North America,Mobile,5,243.9,False,0,0,Thursday,11,Jan,False,0.0
S00370,New_Visitor,Referral,Europe,Mobile,1,113.4,True,0,0,Monday,13,Apr,False,0.0
S00371,New_Visitor,Direct,North America,Mobile,3,20.4,False,1,0,Thursday,11,Jan,False,0.0
S00372,New_Visitor,Paid,Europe,Desktop,1,4.1,True,0,0,Friday,20,Jun,False,0.0
S00373,New_Visitor,Direct,South America,Tablet,3,192.2,False,2,1,Tuesday,20,Sep,False,0.0
S00374,Returning_Visitor,Direct,Europe,Mobile,8,,False,4,0,Tuesday,10,Oct,False,0.0
S00375,New_Visitor,Paid,Europe,Mobile,1,12.3,True,0,0,Tuesday,18,Sep,False,0.0
S00376,New_Visitor,Direct,Asia,Mobile,6,265.7,False,3,1,Friday,8,Apr,True,0.0
S00377,Returning_Visitor,Organic,Asia,Desktop,2,164.3,False,1,1,Monday,3,Oct,False,0.0
S00378,New_Visitor,Direct,Africa,Mobile,2,157.9,False,1,1,Saturday,19,Aug,False,0.0
S00379,Returning_Visitor,Social,Europe,Desktop,1,54.3,True,0,0,Wednesday,8,Nov,False,0.0
S00380,New_Visitor,Social,South America,Desktop,3,25.2,False,0,0,Wednesday,9,Jul,False,0.0
S00381,New_Visitor,Social,Asia,Desktop,1,21.7,True,0,0,Saturday,15,Mar,False,0.0
S00382,Returning_Visitor,Social,Europe,Desktop,9,281.1,False,2,2,Thursday,19,Sep,False,0.0
S00383,Returning_Visitor,Organic,North America,Tablet,1,93.1,True,0,0,Wednesday,9,Mar,False,0.0
S00384,Returning_Visitor,Paid,Europe,Tablet,3,141.3,False,1,1,Sunday,8,Dec,False,0.0
S00385,Returning_Visitor,Paid,Asia,Desktop,3,237.8,False,1,0,Wednesday,7,Oct,False,0.0
S00386,Returning_Visitor,Organic,North America,Desktop,2,308.5,False,0,0,Saturday,2,Oct,False,0.0
S00387,New_Visitor,Organic,Africa,Desktop,6,352.1,False,2,1,Thursday,8,Sep,False,0.0
S00388,New_Visitor,Paid,Asia,Mobile,1,16.2,True,0,0,Tuesday,21,Feb,False,0.0
S00389,Returning_Visitor,Paid,Africa,Desktop,6,54.1,False,3,1,Friday,8,Jul,False,101.35
S00390,Returning_Visitor,Paid,North America,Tablet,1,0.0,True,0,0,Tuesday,15,Sep,False,0.0
S00391,Returning_Visitor,Paid,Europe,Mobile,1,11.6,True,0,0,Monday,21,Apr,False,0.0
S00392,New_Visitor,Direct,North America,Tablet,9,169.4,False,2,0,Monday,15,Sep,False,0.0
S00393,New_Visitor,Referral,North America,Mobile,4,75.5,False,1,1,Tuesday,4,Nov,False,0.0
S00394,Returning_Visitor,Direct,Africa,Mobile,3,198.0,False,0,0,Saturday,15,Apr,False,0.0
S00395,New_Visitor,Organic,North America,Mobile,1,9.8,True,0,0,Saturday,21,Mar,False,0.0
S00396,Returning_Visitor,Social,Europe,Mobile,1,34.3,True,0,0,Sunday,11,Nov,False,0.0
S00397,Returning_Visitor,Direct,North America,Mobile,4,1.2,False,1,0,Tuesday,11,Jan,False,0.0
S00398,New_Visitor,Referral,Europe,Mobile,3,54.5,False,1,1,Friday,10,Apr,False,0.0
S00399,Returning_Visitor,Direct,South America,Mobile,2,5.0,False,0,0,Tuesday,14,Jun,False,0.0
S00400,Returning_Visitor,Direct,Asia,Tablet,2,148.4,False,0,0,Friday,10,Sep,False,0.0
S00401,New_Visitor,Organic,Asia,Tablet,7,183.7,False,2,1,Sunday,17,Dec,False,0.0
S00402,Returning_Visitor,Organic,Europe,Mobile,7,274.7,False,3,1,Monday,16,May,False,0.0
S00403,New_Visitor,Organic,Oceania,Desktop,1,86.0,True,0,0,Sunday,12,Dec,False,0.0
S00404,Returning_Visitor,Organic,Asia,Desktop,5,596.2,False,1,0,Saturday,17,May,False,0.0
S00405,New_Visitor,Paid,Europe,Tablet,1,43.6,True,0,0,Saturday,8,Sep,False,0.0
S00406,Returning_Visitor,Organic,Europe,Desktop,5,314.8,False,2,1,Friday,18,Mar,False,0.0
S00407,New_Visitor,Organic,Africa,Desktop,1,79.9,True,0,0,Saturday,15,Jul,False,0.0
S00408,New_Visitor,Referral,Asia,Desktop,5,100.8,False,2,0,Sunday,16,Nov,True,0.0
S00409,Returning_Visitor,Referral,Asia,Mobile,3,221.1,False,0,0,Saturday,7,May,False,0.0
S00410,New_Visitor,Organic,Europe,Mobile,1,63.6,True,0,0,Wednesday,15,Feb,False,0.0
S00411,New_Visitor,Social,North America,Desktop,3,105.4,False,1,0,Friday,13,Jul,False,0.0
S00412,Returning_Visitor,Social,Asia,Desktop,1,25.0,True,0,0,Wednesday,13,Jun,False,0.0
S00413,Returning_Visitor,Organic,Asia,Mobile,1,218.2,True,0,0,Sunday,11,Apr,False,0.0
S00414,Returning_Visitor,Organic,Europe,Tablet,2,515.0,False,0,0,Sunday,0,Dec,False,9.42
S00415,Returning_Visitor,Paid,Asia,Desktop,10,712.7,False,1,1,Thursday,12,Aug,False,0.0
S00416,New_Visitor,Social,North America,Desktop,7,203.6,False,3,0,Saturday,12,May,False,0.0
S00417,New_Visitor,Referral,South America,Mobile,6,501.3,False,0,0,Sunday,12,Dec,False,0.0
S00418,New_Visitor,Organic,Oceania,Mobile,6,409.3,False,2,1,Tuesday,15,Feb,False,0.0
S00419,Returning_Visitor,Direct,Africa,Mobile,3,,False,1,0,Friday,11,Nov,False,30.37
S00420,Returning_Visitor,Referral,Europe,Mobile,2,17.0,False,1,0,Thursday,10,Apr,False,0.0
S00421,Returning_Visitor,Organic,Europe,Tablet,7,1230.6,False,2,1,Saturday,13,Apr,False,0.0
S00422,Returning_Visitor,Direct,South America,Desktop,1,15.9,True,0,0,Wednesday,15,Jul,False,0.0
S00423,New_Visitor,Referral,Asia,Desktop,17,509.6,False,5,3,Friday,14,Sep,False,0.0
S00424,New_Visitor,Direct,Europe,Mobile,3,75.5,False,1,0,Wednesday,20,Sep,False,0.0
S00425,New_Visitor,Social,Africa,Mobile,3,30.1,False,0,0,Monday,18,Jan,False,0.0
S00426,New_Visitor,Social,Europe,Mobile,2,3.0,False,0,0,Monday,6,Apr,False,0.0
S00427,New_Visitor,Direct,Europe,Tablet,1,159.4,True,0,0,Monday,14,Sep,True,0.0
S00428,Returning_Visitor,Social,North America,Mobile,4,322.8,False,2,1,Monday,12,Nov,True,0.0
S00429,New_Visitor,Organic,North America,Mobile,2,2.5,False,0,0,Thursday,11,Sep,False,0.0
S00430,New_Visitor,Social,North America,Desktop,2,139.7,False,0,0,Friday,22,Apr,False,0.0
S00431,New_Visitor,Organic,Africa,Desktop,1,8.3,True,0,0,Monday,13,Jul,True,0.0
S00432,Returning_Visitor,Organic,Europe,Mobile,3,231.7,False,1,0,Friday,17,Sep,False,0.0
S00433,Returning_Visitor,Referral,Europe,Desktop,3,126.6,False,0,0,Friday,22,Feb,False,0.0
S00434,New_Visitor,Direct,South America,Desktop,2,457.2,False,1,0,Monday,9,Aug,False,0.0
S00435,New_Visitor,Paid,Asia,Tablet,1,34.0,True,0,0,Wednesday,6,Jul,False,0.0
S00436,Returning_Visitor,Direct,Asia,Tablet,3,248.8,False,1,1,Saturday,11,May,False,0.0
S00437,New_Visitor,Organic,North America,Desktop,1,2.5,True,0,0,Monday,5,Sep,False,0.0
S00438,Returning_Visitor,Direct,South America,Mobile,1,164.5,True,0,0,Monday,8,Sep,True,0.0
S00439,Returning_Visitor,Direct,North America,Desktop,3,148.8,False,1,0,Sunday,23,Dec,False,0.0
S00440,New_Visitor,Direct,North America,Desktop,4,90.5,False,1,0,Saturday,22,Jun,False,0.0
S00441,New_Visitor,Referral,North America,Mobile,3,24.4,False,2,1,Thursday,17,Jul,False,0.0
S00442,Returning_Visitor,Social,North America,Mobile,3,184.3,False,1,0,Friday,18,Mar,False,0.0
S00443,New_Visitor,Paid,North America,Desktop,3,246.9,False,1,0,Saturday,8,Aug,False,0.0
S00444,New_Visitor,Paid,Asia,Desktop,1,5.4,True,0,0,Saturday,15,Jan,False,0.0
S00445,Returning_Visitor,Organic,North America,Desktop,1,10.8,True,0,0,Wednesday,9,Mar,False,0.0
S00446,Returning_Visitor,Social,Asia,Tablet,1,29.2,True,0,0,Thursday,12,Mar,False,0.0
S00447,Returning_Visitor,Direct,North America,Mobile,13,1488.9,False,5,1,Friday,11,Sep,False,17.3
S00448,Returning_Visitor,Referral,North America,Desktop,1,244.2,True,0,0,Monday,15,Aug,False,0.0
S00449,New_Visitor,Direct,Europe,Desktop,6,492.0,False,2,1,Sunday,7,Nov,False,0.0
S00450,New_Visitor,Paid,Africa,Mobile,5,1.7,False,1,0,Thursday,8,Jul,False,0.0
S00451,Returning_Visitor,Social,Africa,Mobile,4,561.1,False,2,0,Wednesday,15,Jul,False,0.0
S00452,Returning_Visitor,Paid,Oceania,Mobile,2,3.2,False,1,0,Sunday,16,Mar,False,0.0
S00453,New_Visitor,Social,Asia,Desktop,3,409.4,False,1,0,Monday,11,Oct,False,0.0
S00454,Returning_Visitor,Paid,Asia,Tablet,1,31.7,True,0,0,Monday,8,Jan,False,0.0
S00455,New_Visitor,Social,Asia,Desktop,1,81.2,True,0,0,Friday,20,Jun,False,0.0
S00456,New_Visitor,Direct,Asia,Desktop,2,10.9,False,1,0,Wednesday,6,Mar,False,0.0
S00457,New_Visitor,Organic,North America,Desktop,6,64.9,False,3,0,Saturday,17,Oct,False,0.0
S00458,New_Visitor,Direct,Europe,Mobile,3,107.9,False,1,0,Monday,8,Sep,False,0.0
S00459,New_Visitor,Organic,Europe,Tablet,5,11.8,False,2,1,Wednesday,16,Oct,False,77.59
S00460,New_Visitor,Direct,Europe,Mobile,7,207.4,False,3,1,Tuesday,16,Mar,False,57.41
S00461,New_Visitor,Direct,Europe,Mobile,3,251.0,False,2,1,Saturday,19,Sep,True,67.2
S00462,Returning_Visitor,Direct,North America,Desktop,2,,False,1,1,Tuesday,12,Sep,False,0.0
S00463,Returning_Visitor,Paid,Europe,Desktop,6,156.1,False,2,1,Thursday,2,Jan,False,42.88
S00464,Returning_Visitor,Paid,North America,Mobile,1,0.5,True,0,0,Saturday,19,May,False,0.0
S00465,Returning_Visitor,Organic,Oceania,Mobile,1,18.9,True,0,0,Sunday,13,Feb,False,0.0
S00466,New_Visitor,Direct,North America,Mobile,1,89.8,True,0,0,Saturday,19,Sep,False,0.0
S00467,New_Visitor,Direct,North America,Desktop,3,74.9,False,0,0,Wednesday,18,Mar,False,0.0
S00468,Returning_Visitor,Direct,Africa,Desktop,7,199.1,False,3,2,Friday,13,Apr,False,0.0
S00469,New_Visitor,Social,Europe,Desktop,3,13.9,False,1,0,Friday,23,Feb,True,0.0
S00470,Returning_Visitor,Direct,North America,Tablet,2,110.5,False,1,0,Sunday,13,Jul,False,0.0
S00471,New_Visitor,Referral,Europe,Mobile,3,175.1,False,0,0,Sunday,17,Jan,True,0.0
S00472,Returning_Visitor,Paid,North America,Desktop,4,135.3,False,2,0,Sunday,16,Nov,False,0.0
S00473,New_Visitor,Social,North America,Desktop,5,428.8,False,1,1,Saturday,14,Jan,False,0.0
S00474,Returning_Visitor,Organic,North America,Desktop,2,251.3,False,0,0,Monday,15,Jan,False,0.0
S00475,New_Visitor,Social,Europe,Mobile,2,166.6,False,0,0,Saturday,19,Sep,False,0.0
S00476,Returning_Visitor,Direct,South America,Mobile,1,47.2,True,0,0,Saturday,15,Dec,False,0.0
S00477,New_Visitor,Organic,Asia,Tablet,4,658.6,False,2,0,Sunday,13,Dec,False,0.0
S00478,Returning_Visitor,Organic,Asia,Mobile,5,144.5,False,1,0,Sunday,16,Feb,False,0.0
S00479,Returning_Visitor,Direct,North America,Desktop,3,191.4,False,0,0,Thursday,4,Apr,True,0.0
S00480,New_Visitor,Direct,Europe,Mobile,2,102.7,False,0,0,Friday,8,Jul,False,0.0
S00481,Returning_Visitor,Organic,South America,Mobile,2,221.1,False,1,0,Monday,8,Jan,False,0.0
S00482,Returning_Visitor,Referral,North America,Desktop,4,166.2,False,1,0,Friday,12,Jul,False,0.0
S00483,New_Visitor,Social,Africa,Tablet,2,96.8,False,0,0,Thursday,20,Jun,True,0.0
S00484,Returning_Visitor,Organic,Europe,Mobile,3,108.9,False,0,0,Sunday,16,Aug,True,0.0
S00485,Returning_Visitor,Organic,South America,Mobile,8,72.7,False,3,1,Sunday,22,Dec,False,0.0
S00486,Returning_Visitor,Social,Europe,Mobile,2,261.0,False,1,1,Saturday,5,Apr,False,0.0
S00487,New_Visitor,Organic,Europe,Mobile,1,118.8,True,0,0,Monday,17,Sep,False,0.0
S00488,New_Visitor,Paid,South America,Mobile,7,509.1,False,3,1,Wednesday,11,Jun,False,0.0
S00489,Returning_Visitor,Referral,South America,Desktop,1,25.6,True,0,0,Friday,2,Jun,False,0.0
S00490,Returning_Visitor,Direct,North America,Desktop,14,368.5,False,8,3,Monday,19,Sep,False,0.0
S00491,New_Visitor,Organic,Oceania,Desktop,6,13.2,False,3,0,Tuesday,9,Dec,False,0.0
S00492,Returning_Visitor,Organic,North America,Mobile,2,9.7,False,0,0,Sunday,10,Nov,False,0.0
S00493,New_Visitor,Organic,North America,Desktop,3,129.8,False,2,1,Monday,11,Sep,False,0.0
S00494,New_Visitor,Organic,Asia,Mobile,1,3.1,True,0,0,Monday,18,Jul,False,0.0
S00495,New_Visitor,Referral,Asia,Mobile,1,6.3,True,0,0,Friday,15,Jun,False,0.0
S00496,New_Visitor,Organic,Oceania,Desktop,3,52.1,False,0,0,Sunday,10,Oct,False,0.0
S00497,Returning_Visitor,Direct,Europe,Mobile,2,56.1,False,0,0,Saturday,9,Mar,False,0.0
S00498,New_Visitor,Referral,North America,Desktop,11,443.6,False,4,1,Sunday,8,Aug,False,0.0
S00499,Returning_Visitor,Organic,Asia,Desktop,3,70.6,False,1,1,Saturday,9,Jul,False,0.0
S00500,Returning_Visitor,Organic,North America,Desktop,5,847.5,False,2,1,Thursday,20,Sep,False,0.0
S00501,Returning_Visitor,Organic,Europe,Tablet,1,180.8,True,0,0,Sunday,21,Mar,False,0.0
S00502,New_Visitor,Organic,Europe,Mobile,4,,False,1,0,Wednesday,22,Sep,False,26.68
S00503,New_Visitor,Social,North America,Desktop,1,253.7,True,0,0,Wednesday,19,Sep,False,0.0
S00504,Returning_Visitor,Direct,Europe,Tablet,3,34.2,False,2,0,Thursday,20,Mar,False,0.0
S00505,Returning_Visitor,Social,Europe,Mobile,6,144.9,False,1,0,Saturday,19,Jun,False,0.0
S00506,New_Visitor,Direct,Asia,Desktop,2,217.7,False,1,1,Sunday,22,Sep,False,46.2
S00507,Returning_Visitor,Direct,Asia,Desktop,1,69.8,True,0,0,Wednesday,19,Dec,False,0.0
S00508,Returning_Visitor,Direct,North America,Desktop,2,7.2,False,1,0,Thursday,13,Feb,False,0.0
S00509,Returning_Visitor,Social,North America,Mobile,6,536.4,False,3,1,Sunday,11,Jan,False,0.0
S00510,Returning_Visitor,Organic,North America,Mobile,4,261.2,False,2,0,Monday,15,Mar,False,22.38
S00511,Returning_Visitor,Organic,North America,Desktop,3,541.0,False,2,1,Saturday,15,Dec,False,0.0
S00512,New_Visitor,Referral,Asia,Desktop,4,577.9,False,1,0,Thursday,15,Oct,False,0.0
S00513,Returning_Visitor,Direct,Oceania,Desktop,6,1331.3,False,2,1,Wednesday,17,Aug,False,0.0
S00514,Returning_Visitor,Direct,Asia,Desktop,1,36.4,True,0,0,Thursday,17,Feb,False,0.0
S00515,New_Visitor,Referral,Asia,Mobile,6,441.3,False,2,0,Wednesday,7,Jun,False,0.0
S00516,New_Visitor,Direct,Europe,Desktop,5,980.3,False,1,0,Saturday,10,Oct,False,0.0
S00517,New_Visitor,Referral,Europe,Mobile,2,0.3,False,0,0,Sunday,20,Dec,False,0.0
S00518,Returning_Visitor,Direct,Africa,Tablet,2,186.7,False,1,0,Thursday,15,Jun,False,83.31
S00519,Returning_Visitor,Social,Oceania,Desktop,9,30.0,False,2,0,Saturday,11,Dec,False,15.65
S00520,New_Visitor,Social,Europe,Desktop,6,1800.0,False,2,0,Saturday,19,Feb,False,0.0
S00521,Returning_Visitor,Direct,North America,Desktop,14,11.7,False,4,0,Wednesday,10,Jun,False,0.0
S00522,New_Visitor,Referral,South America,Mobile,4,194.2,False,1,0,Friday,12,Nov,True,0.0
S00523,Returning_Visitor,Paid,North America,Mobile,1,44.2,True,0,0,Friday,10,Sep,False,0.0
S00524,Returning_Visitor,Direct,South America,Mobile,1,21.8,True,0,0,Monday,20,Nov,False,0.0
S00525,Returning_Visitor,Direct,South America,Mobile,6,474.5,False,3,1,Wednesday,17,Dec,False,0.0
S00526,New_Visitor,Social,North America,Desktop,4,71.3,False,1,1,Sunday,13,Jul,False,0.0
S00527,New_Visitor,Referral,Oceania,Desktop,1,20.6,True,0,0,Friday,21,Apr,False,0.0
S00528,New_Visitor,Organic,Oceania,Desktop,1,11.9,True,0,0,Wednesday,21,Sep,False,0.0
S00529,New_Visitor,Paid,Oceania,Mobile,1,75.1,True,0,0,Tuesday,17,Aug,False,0.0
S00530,Returning_Visitor,Organic,Europe,Desktop,1,11.2,True,0,0,Tuesday,20,Oct,False,0.0
S00531,Returning_Visitor,Social,North America,Mobile,7,957.4,False,4,1,Wednesday,17,Jul,False,0.0
S00532,Returning_Visitor,Social,Asia,Mobile,7,142.6,False,2,2,Tuesday,15,Nov,False,0.0
S00533,Returning_Visitor,Paid,Europe,Desktop,6,263.2,False,1,0,Monday,12,Dec,False,0.0
S00534,Returning_Visitor,Organic,North America,Mobile,1,38.7,True,0,0,Wednesday,10,Oct,True,0.0
S00535,Returning_Visitor,Referral,Europe,Tablet,1,72.7,True,0,0,Friday,6,Oct,False,0.0
S00536,Returning_Visitor,Direct,Asia,Desktop,1,16.0,True,0,0,Monday,19,Aug,False,0.0
S00537,Returning_Visitor,Direct,North America,Desktop,1,109.4,True,0,0,Monday,8,Jul,False,0.0
S00538,New_Visitor,Organic,Europe,Desktop,1,80.3,True,0,0,Monday,12,Dec,False,0.0
S00539,New_Visitor,Referral,North America,Mobile,12,302.0,False,6,1,Tuesday,10,Sep,False,0.0
S00540,New_Visitor,Direct,Asia,Desktop,6,46.1,False,2,1,Tuesday,13,Nov,False,0.0
S00541,Returning_Visitor,Organic,Asia,Tablet,1,42.2,True,0,0,Thursday,11,Jul,False,0.0
S00542,Returning_Visitor,Referral,North America,Mobile,1,236.3,True,0,0,Thursday,19,Aug,False,0.0
S00543,New_Visitor,Social,Oceania,Tablet,1,1.5,True,0,0,Wednesday,23,Sep,False,0.0
S00544,Returning_Visitor,Social,North America,Desktop,5,559.0,False,3,1,Saturday,21,Oct,False,0.0
S00545,Returning_Visitor,Paid,Asia,Mobile,4,288.8,False,1,0,Thursday,15,Jun,False,0.0
S00546,New_Visitor,Direct,South America,Desktop,3,36.4,False,1,0,Monday,23,May,False,0.0
S00547,New_Visitor,Paid,South America,Desktop,8,310.6,False,2,0,Wednesday,12,Apr,False,0.0
S00548,Returning_Visitor,Paid,North America,Tablet,1,59.3,True,0,0,Sunday,14,Jun,False,0.0
S00549,New_Visitor,Organic,Africa,Desktop,1,71.6,True,0,0,Sunday,10,Mar,False,0.0
S00550,Returning_Visitor,Organic,Africa,Tablet,1,152.6,True,0,0,Tuesday,20,Jun,False,0.0
S00551,New_Visitor,Direct,Asia,Mobile,1,123.9,True,0,0,Tuesday,9,Nov,False,0.0
S00552,Returning_Visitor,Direct,Europe,Tablet,3,71.7,False,0,0,Thursday,15,Dec,False,0.0
S00553,Returning_Visitor,Referral,North America,Mobile,1,7.7,True,0,0,Thursday,19,Aug,False,0.0
S00554,Returning_Visitor,Referral,Asia,Mobile,2,13.2,False,1,0,Wednesday,15,Mar,False,0.0
S00555,Returning_Visitor,Social,Europe,Desktop,4,831.7,False,0,0,Thursday,7,Jun,False,0.0
S00556,New_Visitor,Direct,South America,Mobile,3,561.5,False,1,0,Tuesday,15,Aug,False,0.0
S00557,New_Visitor,Organic,Europe,Mobile,,205.5,False,0,0,Monday,18,May,False,0.0
S00558,New_Visitor,Paid,Asia,Mobile,2,472.3,False,0,0,Friday,9,Mar,False,0.0
S00559,Returning_Visitor,Direct,North America,Desktop,2,38.5,False,0,0,Sunday,17,Apr,False,0.0
S00560,Returning_Visitor,Paid,North America,Desktop,6,628.6,False,3,0,Monday,20,Jul,False,0.0
S00561,Returning_Visitor,Organic,North America,Desktop,2,83.7,False,0,0,Friday,23,Mar,False,0.0
S00562,New_Visitor,Paid,North America,Desktop,1,96.3,True,0,0,Thursday,12,Apr,False,0.0
S00563,New_Visitor,Organic,Europe,Desktop,3,169.9,False,0,0,Wednesday,3,Nov,False,0.0
S00564,New_Visitor,Organic,South America,Mobile,1,112.3,True,0,0,Saturday,12,Oct,False,0.0
S00565,New_Visitor,Organic,Asia,Desktop,2,60.8,False,0,0,Thursday,16,Jan,False,0.0
S00566,Returning_Visitor,Social,Asia,Desktop,2,542.7,False,0,0,Friday,20,May,False,0.0
S00567,New_Visitor,Paid,Asia,Tablet,1,14.8,True,0,0,Thursday,21,Jul,False,0.0
S00568,New_Visitor,Direct,Europe,Desktop,10,670.0,False,4,0,Monday,21,Jan,False,37.15
S00569,Returning_Visitor,Paid,Europe,Mobile,3,292.0,False,1,1,Friday,16,Sep,False,0.0
S00570,New_Visitor,Referral,Europe,Mobile,1,52.9,True,0,0,Wednesday,16,Jun,False,0.0
S00571,New_Visitor,Referral,Asia,Mobile,3,61.7,False,1,0,Monday,0,Jun,False,0.0
S00572,Returning_Visitor,Social,North America,Mobile,2,98.9,False,1,0,Friday,11,Apr,True,38.83
S00573,New_Visitor,Organic,North America,Mobile,2,84.3,False,0,0,Monday,21,May,False,0.0
S00574,Returning_Visitor,Direct,Asia,Desktop,2,25.3,False,0,0,Tuesday,17,Nov,False,0.0
S00575,Returning_Visitor,Paid,Oceania,Mobile,4,345.7,False,1,1,Saturday,13,Oct,False,0.0
S00576,Returning_Visitor,Paid,Asia,Mobile,1,18.7,True,0,0,Monday,8,Dec,False,0.0
S00577,New_Visitor,Paid,South America,Desktop,3,321.2,False,0,0,Friday,10,Sep,False,0.0
S00578,Returning_Visitor,Paid,Asia,Desktop,6,86.8,False,1,0,Sunday,14,Aug,False,0.0
S00579,New_Visitor,Organic,Europe,Mobile,1,41.9,True,0,0,Tuesday,20,Apr,False,0.0
S00580,New_Visitor,Social,Asia,Mobile,3,213.9,False,1,0,Wednesday,8,Sep,True,0.0
S00581,New_Visitor,Direct,South America,Desktop,11,1800.0,False,5,2,Friday,9,Dec,False,0.0
S00582,Returning_Visitor,Paid,North America,Tablet,5,94.8,False,2,1,Thursday,16,Jan,False,0.0
S00583,New_Visitor,Direct,Europe,Mobile,3,181.7,False,0,0,Friday,11,Jun,False,0.0
S00584,New_Visitor,Referral,North America,Tablet,5,49.9,False,0,0,Wednesday,9,Mar,False,0.0
S00585,Returning_Visitor,Direct,Europe,Tablet,3,308.3,False,2,1,Monday,9,Nov,False,0.0
S00586,New_Visitor,Direct,Africa,Mobile,13,1541.7,False,6,0,Monday,13,Aug,False,0.0
S00587,New_Visitor,Organic,Europe,Mobile,1,131.3,True,0,0,Saturday,15,Nov,False,0.0
S00588,New_Visitor,Paid,Europe,Mobile,4,698.4,False,3,0,Tuesday,21,Jan,False,0.0
S00589,New_Visitor,Social,Africa,Mobile,1,26.4,True,0,0,Saturday,14,Dec,False,0.0
S00590,New_Visitor,Organic,Europe,Mobile,1,65.9,True,0,0,Saturday,17,Jan,False,0.0
S00591,New_Visitor,Social,Europe,Desktop,4,91.1,False,0,0,Monday,9,Apr,False,0.0
S00592,Returning_Visitor,Referral,Africa,Desktop,5,488.6,False,2,0,Tuesday,17,Mar,False,0.0
S00593,New_Visitor,Direct,Europe,Desktop,1,32.2,True,0,0,Wednesday,16,Mar,False,0.0
S00594,New_Visitor,Organic,Asia,Mobile,2,97.1,False,0,0,Friday,10,Mar,False,0.0
S00595,Returning_Visitor,Paid,North America,Mobile,1,8.6,True,0,0,Saturday,16,Jul,False,0.0
S00596,New_Visitor,Social,North America,Mobile,7,798.2,False,4,1,Monday,9,Oct,False,0.0
S00597,Returning_Visitor,Direct,Europe,Mobile,2,79.2,False,0,0,Tuesday,15,Dec,False,0.0
S00598,New_Visitor,Referral,Europe,Mobile,2,122.8,False,0,0,Wednesday,16,Aug,False,0.0
S00599,New_Visitor,Organic,Oceania,Desktop,6,398.3,False,4,1,Tuesday,17,Mar,False,0.0
S00600,New_Visitor,Direct,Oceania,Desktop,4,76.9,False,1,0,Thursday,21,Feb,False,0.0
S00601,New_Visitor,Organic,Africa,Mobile,8,760.6,False,3,0,Thursday,22,Jul,False,0.0
S00602,New_Visitor,Organic,Europe,Tablet,9,966.6,False,2,1,Wednesday,19,Oct,False,0.0
S00603,New_Visitor,Referral,Oceania,Mobile,2,87.0,False,0,0,Thursday,20,Sep,False,0.0
S00604,New_Visitor,Paid,Asia,Desktop,4,558.5,False,0,0,Wednesday,1,Aug,False,0.0
S00605,New_Visitor,Direct,Europe,Desktop,3,31.6,False,0,0,Wednesday,11,Jan,False,0.0
S00606,New_Visitor,Organic,Asia,Mobile,3,96.3,False,1,0,Tuesday,5,Jun,False,29.0
S00607,New_Visitor,Referral,North America,Mobile,3,8.2,False,0,0,Thursday,10,Aug,False,0.0
S00608,New_Visitor,Paid,North America,Mobile,1,30.5,True,0,0,Thursday,12,Aug,False,0.0
S00609,New_Visitor,Social,South America,Desktop,7,1800.0,False,2,0,Tuesday,20,Jan,False,0.0
S00610,Returning_Visitor,Paid,Asia,Desktop,1,37.3,True,0,0,Monday,14,Mar,False,0.0
S00611,New_Visitor,Direct,Europe,Tablet,2,65.2,False,1,0,Tuesday,16,Dec,False,0.0
S00612,Returning_Visitor,Social,Europe,Desktop,2,139.7,False,0,0,Monday,11,Jul,False,0.0
S00613,Returning_Visitor,Organic,Africa,Desktop,3,9.0,False,1,0,Thursday,15,Oct,False,0.0
S00614,New_Visitor,Direct,Asia,Mobile,10,262.0,False,5,0,Tuesday,19,May,False,0.0
S00615,Returning_Visitor,Direct,Europe,Tablet,2,91.4,False,0,0,Wednesday,11,Aug,False,0.0
S00616,Returning_Visitor,Direct,North America,Mobile,3,119.1,False,1,0,Wednesday,21,May,False,0.0
S00617,New_Visitor,Paid,North America,Mobile,1,61.7,True,0,0,Thursday,9,Apr,False,0.0
S00618,New_Visitor,Paid,Oceania,Desktop,,18.0,False,0,0,Saturday,21,Jun,False,0.0
S00619,Returning_Visitor,Organic,Europe,Desktop,8,247.3,False,5,0,Thursday,3,Jun,True,0.0
S00620,Returning_Visitor,Organic,Europe,Desktop,9,542.2,False,5,3,Monday,14,May,False,33.45
S00621,New_Visitor,Direct,Europe,Mobile,3,64.6,False,1,0,Monday,23,Apr,False,0.0
S00622,New_Visitor,Organic,Africa,Desktop,5,284.7,False,1,0,Tuesday,15,Sep,False,0.0
S00623,New_Visitor,Referral,Asia,Tablet,1,,True,0,0,Wednesday,14,Jun,False,0.0
S00624,New_Visitor,Paid,Asia,Desktop,3,479.7,False,1,0,Monday,16,Mar,False,0.0
S00625,Returning_Visitor,Paid,Europe,Mobile,4,310.3,False,2,0,Wednesday,10,Oct,False,0.0
S00626,New_Visitor,Referral,North America,Mobile,2,23.5,False,0,0,Sunday,6,Oct,False,0.0
S00627,New_Visitor,Social,Oceania,Mobile,7,644.1,False,1,1,Monday,10,Nov,True,44.04
S00628,Returning_Visitor,Direct,Oceania,Desktop,,177.6,False,1,0,Sunday,9,Aug,False,0.0
S00629,New_Visitor,Organic,Oceania,Tablet,5,909.3,False,2,1,Saturday,21,Apr,False,0.0
S00630,New_Visitor,Direct,Oceania,Desktop,1,56.7,True,0,0,Saturday,19,Nov,False,0.0
S00631,Returning_Visitor,Referral,South America,Mobile,1,14.7,True,0,0,Sunday,11,Apr,False,0.0
S00632,Returning_Visitor,Social,Asia,Mobile,4,89.9,False,1,0,Monday,19,Sep,False,0.0
S00633,New_Visitor,Organic,South America,Desktop,3,69.2,False,1,0,Tuesday,9,Mar,False,0.0
S00634,New_Visitor,Direct,Asia,Mobile,3,58.2,False,1,0,Monday,9,Sep,False,0.0
S00635,New_Visitor,Direct,North America,Mobile,1,88.7,True,0,0,Monday,18,Nov,False,0.0
S00636,New_Visitor,Paid,Europe,Tablet,2,49.3,False,0,0,Wednesday,11,Jul,False,0.0
S00637,New_Visitor,Direct,Oceania,Tablet,5,65.3,False,2,0,Saturday,7,Jul,False,0.0
S00638,New_Visitor,Social,Europe,Desktop,4,217.6,False,0,0,Tuesday,17,Dec,False,0.0
S00639,New_Visitor,Social,Africa,Desktop,3,112.5,False,1,0,Tuesday,23,Jan,False,0.0
S00640,New_Visitor,Organic,North America,Desktop,4,5.4,False,3,0,Friday,14,May,False,0.0
S00641,New_Visitor,Referral,Europe,Tablet,6,117.8,False,3,1,Monday,10,Dec,False,0.0
S00642,New_Visitor,Paid,Europe,Desktop,6,14.0,False,1,0,Wednesday,12,Sep,False,0.0
S00643,New_Visitor,Direct,North America,Mobile,2,174.8,False,1,0,Wednesday,16,Aug,False,0.0
S00644,New_Visitor,Paid,North America,Mobile,2,362.0,False,0,0,Saturday,17,Sep,False,0.0
S00645,New_Visitor,Organic,North America,Mobile,2,83.2,False,0,0,Thursday,20,May,False,0.0
S00646,Returning_Visitor,Organic,South America,Desktop,3,147.0,False,1,0,Friday,21,Feb,False,23.0
S00647,Returning_Visitor,Paid,North America,Desktop,1,111.9,True,0,0,Monday,20,Apr,False,0.0
S00648,Returning_Visitor,Social,North America,Desktop,3,3.4,False,0,0,Sunday,16,May,False,0.0
S00649,Returning_Visitor,Paid,North America,Desktop,2,21.3,False,0,0,Wednesday,13,Jul,False,0.0
S00650,New_Visitor,Referral,Asia,Desktop,5,318.7,False,2,1,Friday,16,Jun,False,0.0
S00651,New_Visitor,Paid,Asia,Desktop,1,81.2,True,0,0,Sunday,16,Jul,False,0.0
S00652,New_Visitor,Social,Asia,Mobile,1,59.0,True,0,0,Thursday,10,Mar,False,0.0
S00653,Returning_Visitor,Social,Europe,Desktop,7,1176.4,False,2,0,Thursday,14,Mar,False,0.0
S00654,Returning_Visitor,Referral,North America,Desktop,1,29.9,True,0,0,Monday,9,May,False,0.0
S00655,New_Visitor,Direct,Asia,Desktop,8,,False,2,0,Wednesday,20,Jul,False,0.0
S00656,New_Visitor,Paid,South America,Desktop,3,563.9,False,1,0,Saturday,11,May,False,0.0
S00657,New_Visitor,Direct,North America,Desktop,1,137.9,True,0,0,Monday,19,Aug,False,0.0
S00658,New_Visitor,Direct,Europe,Desktop,1,,True,0,0,Sunday,12,May,False,0.0
S00659,Returning_Visitor,Direct,North America,Mobile,3,78.1,False,0,0,Friday,18,Mar,False,0.0
S00660,Returning_Visitor,Referral,North America,Desktop,1,80.6,True,0,0,Wednesday,10,Nov,False,0.0
S00661,New_Visitor,Direct,Asia,Tablet,8,0.4,False,4,1,Thursday,18,Mar,False,0.0
S00662,Returning_Visitor,Organic,Europe,Desktop,5,596.3,False,3,1,Tuesday,9,Dec,False,0.0
S00663,Returning_Visitor,Paid,North America,Tablet,3,125.5,False,0,0,Tuesday,13,Dec,False,0.0
S00664,New_Visitor,Direct,Europe,Mobile,8,43.5,False,3,1,Tuesday,8,Sep,False,0.0
S00665,New_Visitor,Referral,Oceania,Mobile,1,35.1,True,0,0,Wednesday,14,Jul,False,0.0
S00666,New_Visitor,Organic,South America,Tablet,6,244.3,False,2,0,Sunday,19,Nov,False,0.0
S00667,New_Visitor,Organic,Africa,Desktop,5,137.2,False,2,0,Wednesday,18,Nov,False,0.0
S00668,New_Visitor,Organic,Europe,Desktop,3,109.0,False,1,0,Thursday,6,Oct,True,0.0
S00669,New_Visitor,Social,Asia,Desktop,2,266.4,False,0,0,Tuesday,13,Feb,False,0.0
S00670,New_Visitor,Organic,Europe,Desktop,3,70.5,False,1,1,Saturday,19,Jan,False,0.0
S00671,New_Visitor,Paid,North America,Desktop,10,1800.0,False,2,1,Thursday,16,Mar,False,0.0
S00672,Returning_Visitor,Organic,Europe,Mobile,1,69.7,True,0,0,Thursday,6,Mar,False,0.0
S00673,New_Visitor,Organic,Asia,Desktop,1,135.8,True,0,0,Sunday,11,Mar,False,0.0
S00674,New_Visitor,Organic,North America,Desktop,4,56.3,False,1,1,Sunday,14,Jul,True,0.0
S00675,New_Visitor,Organic,South America,Desktop,4,162.5,False,2,0,Friday,9,Jul,False,0.0
S00676,Returning_Visitor,Social,North America,Mobile,1,50.0,True,0,0,Sunday,16,Oct,False,0.0
S00677,New_Visitor,Paid,Europe,Tablet,5,26.7,False,1,1,Thursday,16,Mar,False,53.95
S00678,New_Visitor,Referral,North America,Mobile,8,326.6,False,2,1,Saturday,9,Feb,False,0.0
S00679,Returning_Visitor,Organic,Europe,Desktop,1,118.4,True,0,0,Wednesday,14,Sep,False,0.0
S00680,Returning_Visitor,Organic,North America,Desktop,11,35.4,False,2,1,Monday,19,Jul,False,0.0
S00681,Returning_Visitor,Direct,North America,Mobile,1,61.7,True,0,0,Sunday,12,Sep,False,0.0
S00682,New_Visitor,Paid,Europe,Desktop,2,538.5,False,0,0,Tuesday,10,Jun,False,17.36
S00683,New_Visitor,Organic,Europe,Tablet,1,45.0,True,0,0,Tuesday,17,Oct,False,0.0
S00684,Returning_Visitor,Social,Europe,Desktop,3,65.1,False,2,1,Tuesday,7,Sep,False,0.0
S00685,Returning_Visitor,Direct,North America,Desktop,10,527.6,False,4,1,Wednesday,19,Sep,False,0.0
S00686,Returning_Visitor,Organic,Europe,Tablet,1,46.8,True,0,0,Tuesday,21,Jan,False,0.0
S00687,Returning_Visitor,Direct,Europe,Tablet,3,20.0,False,0,0,Friday,22,Nov,False,0.0
S00688,New_Visitor,Organic,Europe,Mobile,1,14.5,True,0,0,Sunday,12,May,False,0.0
S00689,Returning_Visitor,Social,South America,Desktop,1,66.4,True,0,0,Monday,15,Feb,False,0.0
S00690,New_Visitor,Organic,Europe,Mobile,14,754.2,False,8,1,Saturday,20,Oct,False,0.0
S00691,New_Visitor,Social,Europe,Desktop,4,101.3,False,1,0,Monday,10,Jul,False,0.0
S00692,New_Visitor,Organic,Oceania,Desktop,4,921.8,False,3,0,Monday,3,Jan,False,0.0
S00693,New_Visitor,Paid,South America,Desktop,4,248.4,False,2,1,Friday,12,Oct,False,0.0
S00694,New_Visitor,Organic,Oceania,Mobile,1,15.7,True,0,0,Sunday,20,Jun,False,0.0
S00695,New_Visitor,Paid,Asia,Mobile,1,38.2,True,0,0,Tuesday,14,Oct,False,0.0
S00696,Returning_Visitor,Social,Europe,Desktop,2,149.2,False,1,0,Wednesday,14,Oct,False,13.28
S00697,New_Visitor,Paid,North America,Tablet,17,1137.0,False,7,1,Tuesday,17,Feb,False,10.12
S00698,Returning_Visitor,Direct,Asia,Desktop,4,67.9,False,3,0,Sunday,15,Aug,True,0.0
S00699,New_Visitor,Social,Oceania,Desktop,2,125.2,False,0,0,Tuesday,6,May,False,0.0
S00700,New_Visitor,Direct,Asia,Mobile,2,48.6,False,1,0,Thursday,14,Aug,False,0.0
S00701,New_Visitor,Organic,Africa,Mobile,8,293.6,False,1,0,Sunday,16,Feb,False,0.0
S00702,New_Visitor,Direct,Europe,Tablet,1,66.4,True,0,0,Thursday,16,Aug,False,0.0
S00703,New_Visitor,Organic,Europe,Mobile,2,104.4,False,1,0,Sunday,17,Oct,False,0.0
S00704,New_Visitor,Paid,Africa,Desktop,2,149.7,False,0,0,Sunday,14,Dec,False,0.0
S00705,New_Visitor,Organic,South America,Tablet,7,202.0,False,3,0,Thursday,20,May,False,0.0
S00706,Returning_Visitor,Referral,Oceania,Tablet,5,418.3,False,1,0,Friday,13,Mar,True,0.0
S00707,New_Visitor,Referral,South America,Desktop,3,2.8,False,2,1,Tuesday,14,May,True,0.0
S00708,Returning_Visitor,Direct,Europe,Mobile,2,25.0,False,0,0,Sunday,18,Jan,False,0.0
S00709,New_Visitor,Referral,Europe,Mobile,1,217.2,True,0,0,Tuesday,19,Jun,False,0.0
S00710,Returning_Visitor,Organic,Africa,Desktop,2,,False,1,1,Saturday,16,Dec,False,0.0
S00711,Returning_Visitor,Referral,Asia,Tablet,8,520.5,False,3,1,Wednesday,8,Mar,False,0.0
S00712,Returning_Visitor,Organic,North America,Desktop,8,1193.3,False,5,1,Wednesday,11,Jul,False,13.31
S00713,New_Visitor,Paid,Europe,Mobile,2,235.5,False,0,0,Monday,2,Aug,False,0.0
S00714,New_Visitor,Social,Europe,Desktop,2,292.7,False,0,0,Thursday,11,Mar,False,0.0
S00715,New_Visitor,Paid,North America,Mobile,7,1734.4,False,2,2,Tuesday,15,May,False,0.0
S00716,Returning_Visitor,Organic,Asia,Mobile,2,53.0,False,0,0,Monday,19,Dec,False,0.0
S00717,Returning_Visitor,Organic,North America,Desktop,1,24.0,True,0,0,Tuesday,15,Apr,False,0.0
S00718,Returning_Visitor,Organic,Europe,Desktop,2,15.5,False,0,0,Tuesday,5,Sep,False,0.0
S00719,New_Visitor,Organic,South America,Tablet,3,40.5,False,0,0,Thursday,10,Feb,False,0.0
S00720,Returning_Visitor,Organic,Europe,Mobile,9,571.4,False,4,0,Wednesday,15,Sep,False,0.0
S00721,Returning_Visitor,Referral,South America,Mobile,2,48.3,False,0,0,Monday,17,Apr,False,0.0
S00722,New_Visitor,Organic,Europe,Desktop,1,25.0,True,0,0,Thursday,20,Apr,False,0.0
S00723,New_Visitor,Direct,Oceania,Desktop,2,124.6,False,0,0,Saturday,22,Feb,False,0.0
S00724,Returning_Visitor,Paid,North America,Mobile,1,6.6,True,0,0,Friday,20,Jan,False,0.0
S00725,Returning_Visitor,Referral,North America,Mobile,7,24.2,False,4,2,Sunday,13,Dec,False,0.0
S00726,Returning_Visitor,Direct,Africa,Desktop,1,97.4,True,0,0,Monday,18,Jun,False,0.0
S00727,New_Visitor,Direct,South America,Mobile,1,93.6,True,0,0,Saturday,10,Oct,False,0.0
S00728,Returning_Visitor,Direct,North America,Desktop,3,87.5,False,0,0,Thursday,7,Dec,False,0.0
S00729,New_Visitor,Organic,Oceania,Desktop,1,53.9,True,0,0,Thursday,6,Mar,False,0.0
S00730,New_Visitor,Referral,Europe,Mobile,2,,False,0,0,Thursday,10,Nov,False,0.0
S00731,New_Visitor,Direct,Oceania,Desktop,3,82.5,False,0,0,Wednesday,5,Oct,False,0.0
S00732,Returning_Visitor,Paid,Europe,Desktop,5,11.1,False,2,0,Wednesday,19,Aug,False,0.0
S00733,Returning_Visitor,Social,Europe,Mobile,2,38.4,False,1,1,Friday,13,Nov,True,0.0
S00734,New_Visitor,Referral,Europe,Mobile,10,9.9,False,5,0,Monday,19,Feb,False,0.0
S00735,New_Visitor,Direct,Europe,Mobile,2,66.2,False,1,0,Friday,21,Apr,False,0.0
S00736,Returning_Visitor,Organic,Europe,Mobile,8,352.0,False,2,1,Saturday,23,Feb,False,0.0
S00737,New_Visitor,Social,Europe,Mobile,2,82.1,False,0,0,Wednesday,21,Dec,False,0.0
S00738,Returning_Visitor,Direct,North America,Desktop,3,75.0,False,1,0,Tuesday,17,Feb,False,0.0
S00739,New_Visitor,Organic,North America,Desktop,10,139.1,False,6,1,Tuesday,13,Dec,False,0.0
S00740,New_Visitor,Organic,North America,Mobile,4,145.4,False,2,0,Monday,15,Feb,True,0.0
S00741,New_Visitor,Organic,Africa,Desktop,1,122.4,True,0,0,Monday,19,Sep,False,0.0
S00742,New_Visitor,Social,Asia,Mobile,3,735.9,False,1,0,Tuesday,20,Sep,False,0.0
S00743,Returning_Visitor,Organic,South America,Mobile,1,22.5,True,0,0,Monday,22,Dec,False,0.0
S00744,New_Visitor,Direct,Oceania,Desktop,2,440.0,False,0,0,Tuesday,17,May,False,0.0
S00745,New_Visitor,Direct,Asia,Mobile,6,205.2,False,1,0,Wednesday,14,May,True,0.0
S00746,Returning_Visitor,Referral,Oceania,Tablet,4,228.0,False,0,0,Sunday,22,Nov,False,0.0
S00747,New_Visitor,Paid,Europe,Desktop,2,195.4,False,0,0,Sunday,22,Dec,False,0.0
S00748,New_Visitor,Paid,North America,Desktop,1,26.7,True,0,0,Tuesday,13,Jan,False,0.0
S00749,Returning_Visitor,Direct,Europe,Mobile,3,42.0,False,0,0,Tuesday,16,Sep,False,0.0
S00750,Returning_Visitor,Organic,Europe,Desktop,,19.1,True,0,0,Thursday,19,Apr,False,0.0
S00751,New_Visitor,Direct,Africa,Desktop,1,109.4,True,0,0,Monday,12,Oct,False,0.0
S00752,Returning_Visitor,Referral,Asia,Desktop,1,163.5,True,0,0,Thursday,19,Oct,False,0.0
S00753,Returning_Visitor,Referral,North America,Mobile,4,33.0,False,1,0,Wednesday,8,Oct,False,0.0
S00754,New_Visitor,Referral,Asia,Mobile,2,142.3,False,1,0,Wednesday,13,Jun,False,0.0
S00755,New_Visitor,Organic,Europe,Mobile,1,2.1,True,0,0,Saturday,13,Mar,False,0.0
S00756,Returning_Visitor,Referral,North America,Tablet,7,873.2,False,4,0,Saturday,16,Aug,False,0.0
S00757,Returning_Visitor,Organic,Asia,Mobile,6,699.7,False,2,0,Sunday,8,Oct,False,0.0
S00758,New_Visitor,Social,Africa,Tablet,2,178.8,False,0,0,Tuesday,8,Dec,False,0.0
S00759,Returning_Visitor,Direct,South America,Mobile,1,104.4,True,0,0,Sunday,20,Jun,False,0.0
S00760,Returning_Visitor,Social,Asia,Desktop,3,166.9,False,1,1,Thursday,11,Apr,False,0.0
S00761,New_Visitor,Organic,Europe,Tablet,5,47.8,False,1,0,Friday,11,Feb,False,0.0
S00762,New_Visitor,Direct,North America,Desktop,1,147.6,True,0,0,Sunday,18,Nov,False,0.0
S00763,New_Visitor,Social,Europe,Mobile,3,27.4,False,0,0,Sunday,12,Jul,False,0.0
S00764,Returning_Visitor,Organic,South America,Desktop,4,61.2,False,0,0,Saturday,19,Sep,False,0.0
S00765,New_Visitor,Social,Europe,Mobile,6,204.0,False,3,1,Wednesday,12,Mar,False,0.0
S00766,Returning_Visitor,Referral,North America,Tablet,1,41.3,True,0,0,Thursday,18,Jan,False,0.0
S00767,Returning_Visitor,Referral,Oceania,Desktop,1,6.1,True,0,0,Friday,14,Dec,False,0.0
S00768,Returning_Visitor,Direct,South America,Desktop,1,86.0,True,0,0,Saturday,21,Nov,False,0.0
S00769,New_Visitor,Direct,Asia,Desktop,9,79.8,False,5,0,Friday,11,Jun,False,43.55
S00770,Returning_Visitor,Referral,North America,Mobile,1,63.8,True,0,0,Wednesday,11,Jun,False,0.0
S00771,New_Visitor,Direct,North America,Desktop,5,180.4,False,2,2,Wednesday,22,Dec,True,30.32
S00772,Returning_Visitor,Referral,North America,Mobile,13,1299.2,False,2,0,Monday,17,Mar,False,0.0
S00773,New_Visitor,Direct,Asia,Desktop,9,189.2,False,2,0,Sunday,18,Nov,False,0.0
S00774,New_Visitor,Organic,North America,Desktop,2,217.3,False,1,0,Monday,11,Jan,False,0.0
S00775,Returning_Visitor,Organic,South America,Mobile,6,104.7,False,3,1,Friday,14,Nov,False,0.0
S00776,New_Visitor,Organic,Oceania,Mobile,4,205.0,False,2,1,Sunday,11,Aug,False,0.0
S00777,New_Visitor,Direct,Europe,Desktop,7,279.6,False,3,2,Wednesday,10,Jul,False,0.0
S00778,Returning_Visitor,Social,Europe,Mobile,1,26.1,True,0,0,Saturday,14,Oct,False,0.0
S00779,Returning_Visitor,Social,Asia,Tablet,5,3.6,False,3,1,Saturday,23,Jan,False,0.0
S00780,Returning_Visitor,Organic,Oceania,Desktop,3,91.3,False,1,0,Monday,10,Mar,False,0.0
S00781,Returning_Visitor,Paid,Africa,Desktop,3,22.7,False,1,0,Wednesday,10,Jun,False,0.0
S00782,New_Visitor,Direct,North America,Mobile,4,61.2,False,0,0,Friday,10,Aug,False,0.0
S00783,New_Visitor,Paid,North America,Desktop,1,69.9,True,0,0,Wednesday,18,Mar,False,0.0
S00784,New_Visitor,Social,South America,Desktop,1,50.8,True,0,0,Thursday,14,May,False,0.0
S00785,New_Visitor,Social,Asia,Mobile,3,134.8,False,2,0,Friday,12,Apr,False,0.0
S00786,Returning_Visitor,Organic,North America,Desktop,2,99.6,False,0,0,Tuesday,19,Sep,False,0.0
S00787,Returning_Visitor,Organic,Europe,Desktop,1,7.7,True,0,0,Wednesday,11,Dec,False,0.0
S00788,New_Visitor,Organic,South America,Tablet,20,215.9,False,6,1,Monday,12,Mar,False,0.0
S00789,New_Visitor,Social,North America,Desktop,1,47.0,True,0,0,Monday,7,Mar,False,0.0
S00790,Returning_Visitor,Direct,Africa,Tablet,1,31.3,True,0,0,Thursday,8,Aug,False,0.0
S00791,New_Visitor,Social,North America,Desktop,2,74.7,False,1,0,Friday,8,Jun,False,0.0
S00792,Returning_Visitor,Direct,South America,Mobile,3,380.4,False,2,0,Monday,11,Oct,False,0.0
S00793,New_Visitor,Social,Asia,Mobile,7,86.0,False,2,1,Saturday,14,Apr,False,0.0
S00794,Returning_Visitor,Organic,Europe,Desktop,1,144.9,True,0,0,Wednesday,0,Aug,False,0.0
S00795,New_Visitor,Organic,Asia,Mobile,3,350.7,False,1,0,Sunday,9,Jun,False,0.0
S00796,Returning_Visitor,Direct,South America,Tablet,2,278.5,False,1,0,Wednesday,9,Apr,False,0.0
S00797,Returning_Visitor,Direct,Oceania,Desktop,5,307.6,False,2,0,Monday,10,Oct,False,0.0
S00798,Returning_Visitor,Direct,Europe,Mobile,3,359.0,False,1,0,Saturday,9,Nov,False,0.0
S00799,Returning_Visitor,Social,Asia,Desktop,5,1419.5,False,2,0,Thursday,9,May,False,0.0
S00800,Returning_Visitor,Organic,Asia,Mobile,6,229.5,False,3,0,Wednesday,23,Sep,False,0.0
S00801,Returning_Visitor,Direct,Europe,Mobile,8,950.0,False,1,1,Wednesday,15,Mar,True,0.0
S00802,New_Visitor,Social,Africa,Desktop,17,1800.0,False,7,0,Tuesday,18,Nov,False,0.0
S00803,Returning_Visitor,Organic,North America,Desktop,3,66.7,False,0,0,Wednesday,19,Apr,False,0.0
S00804,Returning_Visitor,Paid,North America,Mobile,4,140.3,False,2,0,Monday,16,Mar,True,0.0
S00805,New_Visitor,Paid,Europe,Tablet,1,51.2,True,0,0,Thursday,17,Dec,False,0.0
S00806,Returning_Visitor,Organic,North America,Desktop,1,25.8,True,0,0,Sunday,16,Jun,False,0.0
S00807,Returning_Visitor,Organic,Africa,Mobile,3,70.0,False,1,0,Saturday,16,Sep,False,0.0
S00808,Returning_Visitor,Direct,Asia,Desktop,4,115.0,False,1,0,Monday,21,Nov,False,0.0
S00809,New_Visitor,Social,Europe,Mobile,1,33.1,True,0,0,Sunday,9,Sep,False,0.0
S00810,New_Visitor,Referral,South America,Mobile,2,34.9,False,0,0,Thursday,10,Aug,False,0.0
S00811,Returning_Visitor,Referral,Europe,Mobile,4,153.9,False,2,0,Tuesday,7,May,False,0.0
S00812,Returning_Visitor,Social,Asia,Tablet,1,90.5,True,0,0,Saturday,19,Dec,False,0.0
S00813,New_Visitor,Organic,North America,Desktop,3,176.3,False,0,0,Wednesday,13,Feb,False,0.0
S00814,Returning_Visitor,Social,Europe,Desktop,3,86.0,False,1,0,Tuesday,21,Nov,False,0.0
S00815,Returning_Visitor,Social,North America,Tablet,8,81.5,False,2,0,Tuesday,12,Oct,False,0.0
S00816,New_Visitor,Referral,Asia,Desktop,2,208.5,False,1,0,Thursday,13,Aug,False,0.0
S00817,Returning_Visitor,Paid,Europe,Mobile,1,43.0,True,0,0,Monday,13,May,False,0.0
S00818,New_Visitor,Social,Europe,Mobile,1,212.9,True,0,0,Saturday,15,Mar,False,0.0
S00819,New_Visitor,Organic,Europe,Mobile,2,35.0,False,0,0,Thursday,18,Jun,False,0.0
S00820,New_Visitor,Direct,North America,Desktop,1,11.6,True,0,0,Thursday,11,Oct,False,0.0
S00821,Returning_Visitor,Direct,Africa,Desktop,5,2.4,False,1,0,Monday,16,Oct,False,0.0
S00822,New_Visitor,Organic,North America,Mobile,3,15.5,False,1,0,Saturday,9,Sep,False,0.0
S00823,New_Visitor,Paid,Africa,Desktop,4,116.8,False,1,1,Thursday,14,Dec,False,0.0
S00824,New_Visitor,Organic,Europe,Mobile,3,39.8,False,1,0,Thursday,14,Dec,False,0.0
S00825,New_Visitor,Referral,Asia,Mobile,2,4.6,False,1,1,Saturday,20,Jun,False,40.29
S00826,Returning_Visitor,Direct,Europe,Desktop,8,122.6,False,1,0,Monday,20,Mar,False,0.0
S00827,New_Visitor,Organic,Oceania,Desktop,6,469.7,False,1,0,Wednesday,13,Jul,False,0.0
S00828,New_Visitor,Paid,North America,Tablet,1,79.8,True,0,0,Friday,2,Nov,False,0.0
S00829,Returning_Visitor,Paid,Asia,Mobile,2,19.5,False,0,0,Thursday,19,Jun,False,0.0
S00830,New_Visitor,Direct,Oceania,Mobile,2,330.8,False,0,0,Tuesday,0,May,False,0.0
S00831,New_Visitor,Organic,Africa,Tablet,5,52.0,False,2,1,Wednesday,13,Oct,False,0.0
S00832,New_Visitor,Organic,Europe,Mobile,2,11.2,False,0,0,Wednesday,2,Sep,False,0.0
S00833,New_Visitor,Direct,Oceania,Tablet,4,42.7,False,1,1,Sunday,11,Dec,False,0.0
S00834,New_Visitor,Organic,Asia,Desktop,2,18.2,False,0,0,Wednesday,16,Aug,False,0.0
S00835,New_Visitor,Direct,North America,Mobile,1,59.9,True,0,0,Tuesday,12,Dec,False,0.0
S00836,New_Visitor,Paid,Europe,Desktop,1,10.2,True,0,0,Saturday,21,Apr,False,0.0
S00837,Returning_Visitor,Referral,Europe,Mobile,16,965.8,False,5,2,Wednesday,16,Nov,False,0.0
S00838,New_Visitor,Paid,Europe,Tablet,1,19.4,True,0,0,Thursday,16,May,False,0.0
S00839,Returning_Visitor,Referral,South America,Desktop,6,102.8,False,2,0,Thursday,12,Nov,False,0.0
S00840,Returning_Visitor,Direct,Asia,Desktop,6,819.2,False,0,0,Friday,5,Dec,False,0.0
S00841,New_Visitor,Paid,North America,Mobile,1,14.5,True,0,0,Friday,17,Sep,False,0.0
S00842,Returning_Visitor,Direct,Africa,Desktop,,239.9,False,0,0,Monday,17,Oct,False,0.0
S00843,New_Visitor,Paid,North America,Mobile,6,130.2,False,2,2,Saturday,14,Dec,True,29.37
S00844,Returning_Visitor,Organic,Oceania,Desktop,4,1136.7,False,1,1,Tuesday,12,May,False,9.28
S00845,New_Visitor,Organic,Oceania,Tablet,2,475.2,False,1,1,Wednesday,14,Jul,False,0.0
S00846,New_Visitor,Paid,Oceania,Desktop,9,949.3,False,5,1,Tuesday,18,Dec,False,0.0
S00847,New_Visitor,Referral,South America,Mobile,2,243.1,False,1,0,Saturday,17,Sep,False,0.0
S00848,Returning_Visitor,Paid,North America,Desktop,1,104.0,True,0,0,Friday,16,Nov,False,0.0
S00849,New_Visitor,Paid,Europe,Desktop,1,59.6,True,0,0,Saturday,21,Aug,False,0.0
S00850,Returning_Visitor,Organic,North America,Desktop,4,397.3,False,1,0,Friday,15,Oct,False,0.0
S00851,New_Visitor,Direct,North America,Mobile,1,59.4,True,0,0,Monday,1,Jan,False,0.0
S00852,Returning_Visitor,Direct,Asia,Desktop,6,664.6,False,2,0,Wednesday,15,May,False,0.0
S00853,New_Visitor,Referral,North America,Tablet,2,329.0,False,0,0,Thursday,15,Oct,False,0.0
S00854,Returning_Visitor,Social,Oceania,Desktop,2,168.0,False,0,0,Wednesday,7,Jun,False,0.0
S00855,New_Visitor,Organic,Africa,Mobile,5,1003.1,False,2,1,Tuesday,12,May,False,0.0
S00856,New_Visitor,Referral,Europe,Mobile,6,214.1,False,4,1,Sunday,16,Dec,False,0.0
S00857,New_Visitor,Social,Europe,Mobile,2,311.5,False,1,0,Saturday,17,Aug,False,0.0
S00858,New_Visitor,Organic,Europe,Desktop,3,46.2,False,1,0,Wednesday,20,Mar,False,0.0
S00859,Returning_Visitor,Social,Africa,Mobile,4,7.6,False,1,0,Saturday,19,Jul,True,0.0
S00860,New_Visitor,Referral,Asia,Mobile,4,32.9,False,0,0,Friday,8,Jul,True,0.0
S00861,Returning_Visitor,Paid,North America,Desktop,3,31.4,False,0,0,Monday,15,Dec,False,0.0
S00862,New_Visitor,Direct,Europe,Desktop,6,626.3,False,2,0,Wednesday,15,Oct,False,0.0
S00863,New_Visitor,Organic,Europe,Desktop,6,184.5,False,2,1,Wednesday,11,Jul,False,0.0
S00864,New_Visitor,Direct,Oceania,Desktop,6,95.6,False,2,1,Tuesday,9,Jun,False,0.0
S00865,New_Visitor,Organic,North America,Desktop,1,100.4,True,0,0,Tuesday,9,Dec,False,0.0
S00866,Returning_Visitor,Paid,North America,Desktop,1,13.5,True,0,0,Sunday,9,Sep,False,0.0
S00867,New_Visitor,Organic,Africa,Mobile,,4.9,True,0,0,Thursday,19,May,False,0.0
S00868,New_Visitor,Social,Africa,Desktop,6,226.0,False,1,0,Saturday,8,Jul,False,0.0
S00869,Returning_Visitor,Direct,Africa,Desktop,1,4.3,True,0,0,Tuesday,10,Apr,False,0.0
S00870,Returning_Visitor,Direct,Europe,Desktop,1,19.6,True,0,0,Tuesday,10,Dec,False,0.0
S00871,New_Visitor,Organic,Asia,Mobile,8,578.4,False,2,1,Sunday,17,Oct,True,0.0
S00872,New_Visitor,Referral,Asia,Desktop,1,28.2,True,0,0,Thursday,9,Jun,False,0.0
S00873,Returning_Visitor,Referral,North America,Mobile,1,5.5,True,0,0,Sunday,2,Mar,False,0.0
S00874,New_Visitor,Organic,Asia,Mobile,8,247.6,False,2,0,Monday,12,Mar,False,0.0
S00875,New_Visitor,Paid,North America,Mobile,2,86.4,False,0,0,Sunday,11,Jul,True,0.0
S00876,New_Visitor,Direct,Europe,Desktop,7,121.0,False,1,0,Wednesday,12,Jul,False,0.0
S00877,Returning_Visitor,Direct,Oceania,Mobile,2,22.5,False,0,0,Tuesday,18,Jun,False,0.0
S00878,Returning_Visitor,Direct,Europe,Desktop,2,172.1,False,0,0,Friday,1,Nov,False,0.0
S00879,New_Visitor,Organic,Oceania,Tablet,1,4.2,True,0,0,Saturday,5,Dec,False,0.0
S00880,New_Visitor,Paid,North America,Mobile,8,1508.9,False,3,0,Monday,10,May,False,0.0
S00881,New_Visitor,Direct,Europe,Mobile,5,2.3,False,1,0,Sunday,20,Apr,False,0.0
S00882,Returning_Visitor,Organic,Asia,Tablet,1,63.2,True,0,0,Friday,9,Oct,False,0.0
S00883,New_Visitor,Direct,South America,Mobile,4,34.4,False,0,0,Wednesday,23,Jun,False,0.0
S00884,New_Visitor,Referral,Europe,Desktop,1,47.5,True,0,0,Tuesday,19,Mar,False,0.0
S00885,Returning_Visitor,Direct,Africa,Desktop,3,37.3,False,0,0,Wednesday,13,Mar,False,0.0
S00886,New_Visitor,Referral,North America,Mobile,1,2.1,True,0,0,Tuesday,18,Apr,False,0.0
S00887,Returning_Visitor,Organic,Africa,Tablet,6,707.2,False,1,0,Thursday,14,Jan,False,0.0
S00888,New_Visitor,Organic,North America,Tablet,3,99.3,False,1,0,Saturday,14,Dec,False,0.0
S00889,New_Visitor,Social,Africa,Mobile,8,154.5,False,2,1,Friday,15,Jun,False,45.78
S00890,New_Visitor,Organic,Europe,Desktop,3,529.7,False,1,0,Thursday,16,Feb,False,0.0
S00891,Returning_Visitor,Paid,South America,Mobile,3,15.4,False,1,0,Monday,6,Mar,False,0.0
S00892,Returning_Visitor,Organic,Asia,Mobile,4,102.8,False,1,0,Sunday,15,May,True,0.0
S00893,Returning_Visitor,Social,North America,Desktop,5,58.6,False,3,1,Tuesday,17,Aug,True,0.0
S00894,New_Visitor,Direct,Africa,Mobile,1,284.0,True,0,0,Tuesday,11,Oct,False,0.0
S00895,Returning_Visitor,Referral,North America,Mobile,3,142.1,False,2,0,Friday,23,May,False,0.0
S00896,New_Visitor,Organic,North America,Tablet,5,501.7,False,1,0,Saturday,8,Dec,False,0.0
S00897,New_Visitor,Organic,South America,Mobile,2,21.4,False,1,0,Sunday,21,Oct,False,0.0
S00898,Returning_Visitor,Organic,North America,Desktop,1,21.8,True,0,0,Sunday,16,Nov,False,0.0
S00899,New_Visitor,Organic,North America,Desktop,,58.0,True,0,0,Sunday,16,May,False,0.0
S00900,New_Visitor,Direct,Europe,Tablet,5,58.8,False,2,0,Thursday,20,Jun,False,20.9
S00901,New_Visitor,Direct,South America,Mobile,1,41.6,True,0,0,Tuesday,19,Jul,False,0.0
S00902,New_Visitor,Referral,North America,Desktop,1,161.0,True,0,0,Friday,11,Jun,False,0.0
S00903,New_Visitor,Social,Europe,Mobile,2,319.5,False,1,0,Monday,17,Apr,False,0.0
S00904,Returning_Visitor,Referral,Asia,Tablet,1,26.3,True,0,0,Tuesday,6,Dec,False,0.0
S00905,New_Visitor,Referral,Africa,Tablet,1,43.6,True,0,0,Monday,13,Nov,False,0.0
S00906,Returning_Visitor,Direct,Oceania,Mobile,7,92.9,False,2,0,Tuesday,21,Apr,False,0.0
S00907,Returning_Visitor,Direct,South America,Desktop,2,460.9,False,1,1,Thursday,10,Dec,False,0.0
S00908,New_Visitor,Direct,Asia,Mobile,3,132.1,False,0,0,Wednesday,6,Aug,True,0.0
S00909,New_Visitor,Social,Europe,Desktop,6,83.2,False,4,4,Wednesday,15,Jan,False,30.25
S00910,New_Visitor,Organic,North America,Tablet,12,1341.2,False,5,2,Saturday,11,May,False,0.0
S00911,Returning_Visitor,Organic,Asia,Desktop,4,130.9,False,0,0,Friday,12,Jan,False,0.0
S00912,New_Visitor,Referral,Oceania,Mobile,9,545.9,False,5,2,Sunday,15,Feb,False,0.0
S00913,Returning_Visitor,Organic,Asia,Mobile,2,222.6,False,1,0,Thursday,15,Mar,True,0.0
S00914,New_Visitor,Paid,North America,Mobile,5,111.0,False,1,0,Tuesday,12,Jul,False,0.0
S00915,Returning_Visitor,Paid,Europe,Mobile,9,465.8,False,3,1,Monday,14,Jun,False,0.0
S00916,New_Visitor,Organic,Asia,Desktop,1,3.5,True,0,0,Friday,23,Mar,False,0.0
S00917,New_Visitor,Organic,Asia,Mobile,2,32.1,False,1,0,Saturday,22,Jun,False,157.61
S00918,Returning_Visitor,Direct,Asia,Desktop,5,44.8,False,1,0,Tuesday,17,May,False,0.0
S00919,Returning_Visitor,Referral,Asia,Desktop,2,124.0,False,1,0,Sunday,9,Jun,True,0.0
S00920,New_Visitor,Organic,North America,Tablet,1,17.6,True,0,0,Thursday,11,Mar,False,0.0
S00921,Returning_Visitor,Social,Oceania,Mobile,5,428.1,False,1,1,Monday,20,Aug,False,0.0
S00922,New_Visitor,Referral,Asia,Mobile,1,85.9,True,0,0,Friday,12,Jan,False,0.0
S00923,Returning_Visitor,Direct,North America,Mobile,2,184.0,False,0,0,Thursday,22,Jun,False,0.0
S00924,Returning_Visitor,Organic,Europe,Mobile,8,68.3,False,3,2,Monday,13,Dec,False,13.04
S00925,New_Visitor,Social,Africa,Mobile,1,44.8,True,0,0,Wednesday,20,Jun,False,0.0
S00926,New_Visitor,Organic,Africa,Mobile,7,477.4,False,4,1,Saturday,4,Jun,False,0.0
S00927,New_Visitor,Social,Europe,Tablet,2,46.8,False,0,0,Thursday,12,Jan,False,0.0
S00928,New_Visitor,Direct,North America,Mobile,8,144.6,False,3,1,Tuesday,17,Aug,False,0.0
S00929,Returning_Visitor,Referral,North America,Mobile,7,531.6,False,4,0,Sunday,20,Dec,False,0.0
S00930,New_Visitor,Paid,North America,Mobile,2,51.9,False,0,0,Tuesday,15,Apr,False,41.57
S00931,New_Visitor,Paid,Asia,Desktop,8,137.4,False,5,1,Tuesday,9,Jun,False,0.0
S00932,Returning_Visitor,Direct,Asia,Mobile,4,198.6,False,1,1,Wednesday,20,Aug,False,98.75
S00933,Returning_Visitor,Organic,Asia,Tablet,2,116.2,False,1,1,Sunday,15,Feb,False,0.0
S00934,New_Visitor,Social,Asia,Desktop,3,269.9,False,0,0,Thursday,8,Dec,True,0.0
S00935,New_Visitor,Direct,North America,Desktop,1,2.5,True,0,0,Friday,13,Jul,False,0.0
S00936,New_Visitor,Organic,North America,Mobile,5,57.5,False,1,0,Sunday,17,Feb,False,0.0
S00937,New_Visitor,Paid,Europe,Desktop,2,180.2,False,1,1,Saturday,13,May,False,0.0
S00938,Returning_Visitor,Organic,North America,Tablet,1,45.5,True,0,0,Tuesday,20,May,False,0.0
S00939,New_Visitor,Organic,North America,Desktop,4,393.7,False,0,0,Saturday,12,May,False,0.0
S00940,Returning_Visitor,Organic,Asia,Desktop,2,71.4,False,0,0,Saturday,15,Sep,False,0.0
S00941,New_Visitor,Referral,South America,Mobile,3,110.7,False,0,0,Tuesday,9,May,False,0.0
S00942,Returning_Visitor,Referral,South America,Desktop,2,56.9,False,0,0,Wednesday,14,May,False,0.0
S00943,Returning_Visitor,Direct,South America,Mobile,3,211.5,False,0,0,Friday,10,May,False,0.0
S00944,Returning_Visitor,Direct,Asia,Mobile,1,53.5,True,0,0,Tuesday,10,Oct,False,0.0
S00945,New_Visitor,Direct,Asia,Mobile,7,209.5,False,5,2,Tuesday,10,May,False,0.0
S00946,New_Visitor,Referral,North America,Mobile,3,37.4,False,0,0,Friday,5,Jan,False,0.0
S00947,New_Visitor,Organic,Oceania,Desktop,1,0.1,True,0,0,Sunday,9,May,False,0.0
S00948,Returning_Visitor,Paid,North America,Desktop,1,5.7,True,0,0,Monday,12,Apr,False,0.0
S00949,Returning_Visitor,Organic,North America,Desktop,3,20.5,False,1,0,Thursday,8,Dec,False,0.0
S00950,Returning_Visitor,Paid,North America,Desktop,2,101.1,False,0,0,Friday,8,Jul,False,0.0
S00951,Returning_Visitor,Organic,Oceania,Mobile,9,768.8,False,6,1,Friday,22,Apr,False,0.0
S00952,Returning_Visitor,Social,Oceania,Desktop,1,36.6,True,0,0,Sunday,12,Dec,False,0.0
S00953,New_Visitor,Organic,South America,Mobile,7,224.6,False,1,0,Friday,12,Apr,False,0.0
S00954,Returning_Visitor,Organic,Asia,Desktop,5,42.5,False,1,0,Friday,10,Oct,False,0.0
S00955,New_Visitor,Paid,Europe,Mobile,2,277.5,False,0,0,Sunday,14,Sep,False,0.0
S00956,New_Visitor,Paid,Oceania,Desktop,7,558.1,False,3,0,Monday,15,Jul,False,0.0
S00957,New_Visitor,Direct,Asia,Desktop,6,194.2,False,2,0,Monday,12,Jun,False,0.0
S00958,New_Visitor,Social,Oceania,Mobile,4,24.5,False,2,1,Thursday,12,Nov,False,0.0
S00959,New_Visitor,Referral,Europe,Mobile,1,112.3,True,0,0,Wednesday,17,Jul,False,0.0
S00960,Returning_Visitor,Paid,Europe,Mobile,1,11.2,True,0,0,Monday,22,May,False,0.0
S00961,New_Visitor,Direct,Africa,Tablet,3,201.4,False,2,1,Wednesday,20,May,False,0.0
S00962,Returning_Visitor,Direct,North America,Mobile,1,24.9,True,0,0,Friday,8,Apr,False,0.0
S00963,New_Visitor,Direct,Oceania,Mobile,3,353.3,False,0,0,Sunday,16,Jun,False,0.0
S00964,New_Visitor,Direct,Europe,Desktop,3,159.2,False,1,0,Monday,0,Feb,False,0.0
S00965,New_Visitor,Paid,Africa,Desktop,3,46.4,False,1,0,Thursday,16,Jan,False,0.0
S00966,New_Visitor,Organic,Europe,Mobile,3,2.3,False,0,0,Wednesday,13,Aug,False,0.0
S00967,Returning_Visitor,Organic,Asia,Desktop,2,28.6,False,0,0,Friday,13,Jun,True,0.0
S00968,New_Visitor,Referral,Europe,Desktop,1,27.3,True,0,0,Thursday,15,Mar,False,0.0
S00969,Returning_Visitor,Referral,Asia,Desktop,3,221.8,False,1,0,Sunday,17,Feb,False,0.0
S00970,New_Visitor,Organic,Europe,Desktop,3,43.8,False,1,0,Monday,17,Mar,False,0.0
S00971,Returning_Visitor,Direct,Oceania,Mobile,1,18.2,True,0,0,Thursday,5,May,False,0.0
S00972,Returning_Visitor,Paid,Asia,Desktop,1,34.3,True,0,0,Tuesday,17,Jun,False,0.0
S00973,Returning_Visitor,Organic,North America,Desktop,1,2.6,True,0,0,Thursday,19,Mar,False,0.0
S00974,New_Visitor,Referral,Africa,Desktop,3,263.3,False,0,0,Saturday,7,Oct,False,0.0
S00975,New_Visitor,Social,North America,Mobile,3,14.8,False,1,0,Sunday,11,Mar,False,0.0
S00976,New_Visitor,Direct,Europe,Mobile,1,80.1,True,0,0,Wednesday,18,Feb,False,0.0
S00977,Returning_Visitor,Paid,North America,Desktop,3,56.1,False,2,1,Saturday,13,Dec,False,0.0
S00978,New_Visitor,Social,Africa,Mobile,2,73.9,False,0,0,Tuesday,17,Jun,False,0.0
S00979,New_Visitor,Direct,North America,Desktop,4,126.8,False,1,0,Monday,13,Mar,False,0.0
S00980,Returning_Visitor,Referral,North America,Mobile,7,122.7,False,1,0,Saturday,23,Dec,False,0.0
S00981,New_Visitor,Referral,Africa,Mobile,2,35.4,False,0,0,Monday,21,Apr,False,0.0
S00982,Returning_Visitor,Referral,South America,Tablet,2,357.2,False,0,0,Monday,10,Dec,False,0.0
S00983,New_Visitor,Paid,North America,Desktop,4,87.5,False,0,0,Wednesday,12,Feb,False,0.0
S00984,New_Visitor,Direct,South America,Desktop,9,109.2,False,3,1,Wednesday,12,Nov,False,0.0
S00985,Returning_Visitor,Organic,Africa,Desktop,2,34.6,False,0,0,Monday,8,Mar,False,0.0
S00986,New_Visitor,Organic,North America,Desktop,1,71.3,True,0,0,Saturday,12,Dec,False,0.0
S00987,Returning_Visitor,Organic,South America,Desktop,9,199.5,False,4,0,Wednesday,18,Aug,False,0.0
S00988,New_Visitor,Organic,Europe,Desktop,2,22.6,False,1,0,Thursday,19,Mar,False,0.0
S00989,New_Visitor,Paid,Asia,Desktop,2,64.2,False,0,0,Tuesday,20,Nov,False,0.0
S00990,Returning_Visitor,Referral,Europe,Tablet,3,22.5,False,1,0,Thursday,1,Jun,False,0.0
S00991,Returning_Visitor,Referral,Asia,Desktop,1,30.5,True,0,0,Saturday,18,Oct,False,0.0
S00992,Returning_Visitor,Referral,North America,Tablet,5,594.6,False,1,1,Sunday,13,Sep,False,0.0
S00993,New_Visitor,Social,South America,Mobile,4,112.0,False,3,0,Sunday,9,Oct,False,0.0
S00994,Returning_Visitor,Direct,North America,Tablet,10,433.1,False,5,0,Wednesday,13,May,False,0.0
S00995,New_Visitor,Paid,Europe,Tablet,1,93.4,True,0,0,Sunday,19,Dec,False,0.0
S00996,New_Visitor,Direct,North America,Mobile,3,130.6,False,0,0,Wednesday,12,Aug,False,0.0
S00997,Returning_Visitor,Paid,South America,Mobile,3,8.7,False,1,1,Monday,23,Feb,False,0.0
S00998,New_Visitor,Referral,Europe,Desktop,7,101.6,False,1,1,Saturday,15,Jan,False,0.0
S00999,Returning_Visitor,Organic,Europe,Mobile,1,134.8,True,0,0,Tuesday,13,Oct,False,0.0
S01000,New_Visitor,Referral,Europe,Tablet,5,486.1,False,2,0,Monday,11,Nov,False,0.0
S01001,New_Visitor,Direct,South America,Desktop,3,257.4,False,1,0,Sunday,1,Sep,False,0.0
S01002,New_Visitor,Organic,Europe,Desktop,3,142.7,False,1,0,Saturday,15,Apr,False,45.06
S01003,Returning_Visitor,Referral,South America,Mobile,7,183.0,False,3,1,Monday,15,Apr,False,0.0
S01004,Returning_Visitor,Direct,North America,Mobile,3,213.4,False,0,0,Saturday,14,Aug,False,0.0
S01005,Returning_Visitor,Organic,North America,Mobile,4,261.3,False,0,0,Saturday,14,Mar,False,0.0
S01006,Returning_Visitor,Paid,Asia,Desktop,4,247.0,False,2,0,Sunday,19,May,False,0.0
S01007,Returning_Visitor,Referral,Oceania,Mobile,1,42.0,True,0,0,Thursday,11,Sep,False,0.0
S01008,Returning_Visitor,Paid,North America,Desktop,1,18.0,True,0,0,Friday,14,Apr,False,0.0
S01009,New_Visitor,Referral,North America,Tablet,2,68.6,False,0,0,Saturday,16,May,True,0.0
S01010,New_Visitor,Direct,North America,Desktop,4,172.2,False,2,0,Friday,9,May,False,0.0
S01011,New_Visitor,Direct,Asia,Mobile,1,14.6,True,0,0,Friday,21,Jul,False,0.0
S01012,Returning_Visitor,Referral,Europe,Desktop,5,78.4,False,1,1,Thursday,17,Sep,False,0.0
S01013,Returning_Visitor,Paid,South America,Desktop,1,94.2,True,0,0,Thursday,6,Oct,False,0.0
S01014,New_Visitor,Organic,North America,Desktop,3,69.4,False,2,0,Sunday,20,Sep,False,0.0
S01015,Returning_Visitor,Paid,North America,Desktop,1,218.2,True,0,0,Wednesday,21,Jan,False,0.0
S01016,Returning_Visitor,Paid,Europe,Mobile,,34.4,True,0,0,Monday,18,Dec,False,0.0
S01017,New_Visitor,Referral,Asia,Desktop,2,112.6,False,0,0,Saturday,12,Aug,False,0.0
S01018,Returning_Visitor,Paid,Asia,Desktop,8,336.5,False,2,0,Tuesday,23,Dec,False,0.0
S01019,Returning_Visitor,Direct,North America,Desktop,1,40.8,True,0,0,Thursday,8,Dec,False,0.0
S01020,New_Visitor,Paid,Oceania,Tablet,1,132.4,True,0,0,Monday,14,Jul,False,0.0
S01021,Returning_Visitor,Social,Europe,Desktop,7,41.0,False,3,2,Friday,9,Dec,False,0.0
S01022,New_Visitor,Organic,Asia,Desktop,2,50.9,False,0,0,Sunday,13,May,False,0.0
S01023,Returning_Visitor,Paid,Europe,Mobile,3,60.6,False,1,0,Saturday,21,Apr,False,0.0
S01024,Returning_Visitor,Direct,North America,Tablet,7,165.7,False,4,1,Tuesday,18,Feb,False,0.0
S01025,Returning_Visitor,Direct,South America,Tablet,5,731.1,False,0,0,Sunday,18,Jun,False,0.0
S01026,New_Visitor,Referral,South America,Tablet,5,21.7,False,1,0,Wednesday,11,Sep,True,0.0
S01027,Returning_Visitor,Organic,Europe,Desktop,2,40.0,False,1,0,Thursday,21,Dec,False,0.0
S01028,Returning_Visitor,Direct,Asia,Mobile,4,321.2,False,2,1,Thursday,12,Jul,False,0.0
S01029,New_Visitor,Social,North America,Mobile,10,,False,2,1,Sunday,5,Oct,False,28.54
S01030,Returning_Visitor,Organic,Asia,Tablet,7,752.0,False,5,2,Monday,16,Dec,False,0.0
S01031,New_Visitor,Organic,Europe,Desktop,3,72.1,False,1,0,Friday,11,Aug,True,0.0
S01032,Returning_Visitor,Organic,South America,Tablet,1,7.2,True,0,0,Wednesday,9,Mar,True,0.0
S01033,New_Visitor,Direct,North America,Desktop,12,527.3,False,4,0,Monday,21,Nov,False,0.0
S01034,New_Visitor,Social,North America,Mobile,1,43.0,True,0,0,Sunday,16,Aug,False,0.0
S01035,New_Visitor,Social,North America,Desktop,2,4.8,False,0,0,Friday,21,Oct,True,0.0
S01036,Returning_Visitor,Paid,North America,Desktop,1,75.9,True,0,0,Saturday,15,Sep,False,0.0
S01037,New_Visitor,Referral,Europe,Mobile,1,9.2,True,0,0,Tuesday,7,Jan,True,0.0
S01038,Returning_Visitor,Organic,North America,Desktop,5,72.0,False,2,0,Saturday,3,Mar,False,0.0
S01039,New_Visitor,Paid,South America,Mobile,1,49.6,True,0,0,Saturday,20,Apr,False,0.0
S01040,New_Visitor,Social,North America,Mobile,1,132.9,True,0,0,Thursday,5,Apr,False,0.0
S01041,New_Visitor,Referral,Asia,Mobile,1,1.3,True,0,0,Friday,15,Nov,False,0.0
S01042,Returning_Visitor,Referral,Asia,Desktop,2,207.6,False,0,0,Sunday,11,Aug,False,0.0
S01043,New_Visitor,Paid,Oceania,Tablet,4,336.7,False,2,0,Saturday,16,Feb,False,0.0
S01044,Returning_Visitor,Social,Oceania,Mobile,4,42.3,False,0,0,Thursday,10,Jun,False,0.0
S01045,Returning_Visitor,Direct,Africa,Desktop,4,112.1,False,2,1,Friday,5,Aug,False,0.0
S01046,Returning_Visitor,Social,South America,Mobile,4,567.4,False,2,0,Saturday,17,Apr,False,0.0
S01047,New_Visitor,Organic,Europe,Desktop,1,9.5,True,0,0,Monday,11,Jan,False,0.0
S01048,New_Visitor,Direct,South America,Desktop,4,28.3,False,2,0,Friday,14,Jun,False,0.0
S01049,Returning_Visitor,Direct,Oceania,Mobile,4,318.9,False,0,0,Sunday,18,Jul,False,0.0
S01050,New_Visitor,Organic,North America,Mobile,1,38.2,True,0,0,Sunday,17,Dec,False,0.0
S01051,Returning_Visitor,Organic,Europe,Desktop,2,40.1,False,1,0,Saturday,11,Dec,False,0.0
S01052,New_Visitor,Organic,North America,Desktop,1,11.3,True,0,0,Monday,18,Jul,False,0.0
S01053,Returning_Visitor,Referral,Asia,Tablet,1,76.9,True,0,0,Sunday,21,Jul,True,0.0
S01054,Returning_Visitor,Social,Europe,Desktop,3,104.2,False,2,1,Friday,15,Sep,False,0.0
S01055,Returning_Visitor,Paid,Asia,Desktop,1,16.4,True,0,0,Tuesday,17,Apr,False,0.0
S01056,New_Visitor,Direct,Asia,Tablet,1,172.3,True,0,0,Friday,20,Apr,False,0.0
S01057,Returning_Visitor,Referral,Oceania,Desktop,1,,True,0,0,Saturday,19,Jan,False,0.0
S01058,New_Visitor,Paid,Asia,Mobile,1,26.1,True,0,0,Monday,11,Feb,False,0.0
S01059,New_Visitor,Organic,South America,Desktop,1,76.3,True,0,0,Sunday,23,Mar,False,0.0
S01060,Returning_Visitor,Social,Europe,Mobile,3,123.5,False,0,0,Sunday,3,Sep,False,0.0
S01061,Returning_Visitor,Social,Europe,Desktop,1,0.6,True,0,0,Monday,23,Mar,False,0.0
S01062,Returning_Visitor,Organic,Europe,Tablet,6,661.2,False,0,0,Sunday,10,Feb,False,0.0
S01063,Returning_Visitor,Paid,North America,Desktop,7,28.8,False,1,0,Sunday,13,Aug,False,0.0
S01064,New_Visitor,Social,Europe,Mobile,4,1090.2,False,0,0,Monday,20,Sep,False,0.0
S01065,New_Visitor,Organic,Asia,Tablet,1,25.8,True,0,0,Wednesday,10,Jan,False,0.0
S01066,Returning_Visitor,Organic,Asia,Tablet,7,312.5,False,2,1,Wednesday,10,Oct,False,75.47
S01067,New_Visitor,Organic,Asia,Desktop,2,922.8,False,1,0,Wednesday,16,Aug,False,0.0
S01068,New_Visitor,Direct,Europe,Mobile,1,18.8,True,0,0,Saturday,17,Jun,False,0.0
S01069,New_Visitor,Direct,Europe,Desktop,5,186.3,False,2,0,Wednesday,0,Dec,False,0.0
S01070,New_Visitor,Direct,Asia,Mobile,2,168.7,False,0,0,Sunday,13,Jan,False,0.0
S01071,New_Visitor,Organic,North America,Desktop,3,113.3,False,1,0,Sunday,13,Aug,False,0.0
S01072,New_Visitor,Paid,North America,Desktop,5,121.9,False,3,1,Wednesday,10,Mar,False,60.58
S01073,New_Visitor,Direct,North America,Desktop,1,7.7,True,0,0,Thursday,14,May,False,0.0
S01074,New_Visitor,Organic,North America,Mobile,1,43.2,True,0,0,Thursday,9,Feb,False,0.0
S01075,Returning_Visitor,Direct,North America,Mobile,11,529.6,False,4,1,Friday,11,Sep,False,0.0
S01076,New_Visitor,Direct,North America,Desktop,4,63.6,False,0,0,Wednesday,17,Jun,True,0.0
S01077,New_Visitor,Direct,North America,Mobile,1,24.4,True,0,0,Tuesday,20,Dec,False,0.0
S01078,Returning_Visitor,Organic,Asia,Tablet,3,63.8,False,2,1,Monday,15,Sep,False,0.0
S01079,New_Visitor,Organic,North America,Mobile,1,33.5,True,0,0,Monday,7,Dec,False,0.0
S01080,Returning_Visitor,Social,Europe,Mobile,7,672.3,False,2,0,Sunday,16,Apr,False,0.0
S01081,Returning_Visitor,Paid,Africa,Tablet,2,48.5,False,0,0,Tuesday,20,May,False,0.0
S01082,New_Visitor,Direct,South America,Mobile,5,95.4,False,1,0,Monday,14,May,False,0.0
S01083,New_Visitor,Direct,Europe,Desktop,11,1208.9,False,4,1,Friday,13,Nov,False,0.0
S01084,Returning_Visitor,Referral,Africa,Mobile,12,1199.9,False,5,1,Monday,23,Mar,False,0.0
S01085,Returning_Visitor,Social,Europe,Desktop,1,94.6,True,0,0,Monday,16,Dec,False,0.0
S01086,New_Visitor,Direct,North America,Mobile,9,733.2,False,2,0,Friday,19,Jan,False,0.0
S01087,Returning_Visitor,Paid,Oceania,Tablet,1,131.7,True,0,0,Friday,16,Nov,False,0.0
S01088,New_Visitor,Referral,Africa,Desktop,2,149.9,False,0,0,Monday,10,Jun,False,0.0
S01089,Returning_Visitor,Direct,Europe,Desktop,1,11.1,True,0,0,Thursday,10,Jul,False,0.0
S01090,New_Visitor,Referral,Asia,Desktop,4,8.0,False,1,0,Thursday,16,Dec,False,0.0
S01091,Returning_Visitor,Paid,Asia,Desktop,4,48.2,False,1,0,Thursday,13,Nov,False,0.0
S01092,Returning_Visitor,Social,North America,Mobile,5,136.1,False,3,0,Saturday,12,Dec,False,0.0
S01093,Returning_Visitor,Organic,North America,Mobile,9,29.4,False,2,2,Tuesday,2,Aug,False,0.0
S01094,New_Visitor,Direct,Europe,Desktop,2,169.8,False,1,0,Thursday,20,Dec,False,0.0
S01095,New_Visitor,Direct,Africa,Mobile,2,123.0,False,0,0,Saturday,20,Sep,False,0.0
S01096,New_Visitor,Direct,North America,Desktop,4,303.8,False,0,0,Sunday,13,Nov,False,217.54
S01097,New_Visitor,Social,South America,Tablet,4,24.2,False,0,0,Sunday,17,Oct,False,0.0
S01098,New_Visitor,Social,North America,Desktop,2,47.8,False,1,0,Thursday,9,Oct,False,0.0
S01099,Returning_Visitor,Social,Europe,Mobile,8,295.2,False,3,0,Thursday,14,Sep,False,0.0
S01100,New_Visitor,Paid,Asia,Desktop,1,55.4,True,0,0,Thursday,13,Oct,False,0.0
S01101,New_Visitor,Organic,Asia,Desktop,5,487.0,False,2,1,Sunday,16,Jun,False,0.0
S01102,Returning_Visitor,Paid,North America,Mobile,1,226.2,True,0,0,Saturday,13,Oct,False,0.0
S01103,Returning_Visitor,Social,Europe,Mobile,3,15.4,False,0,0,Wednesday,13,Apr,False,0.0
S01104,Returning_Visitor,Direct,Asia,Tablet,6,369.4,False,2,1,Tuesday,11,Sep,False,0.0
S01105,Returning_Visitor,Social,North America,Mobile,2,17.4,False,1,0,Wednesday,6,Jul,False,0.0
S01106,New_Visitor,Organic,North America,Tablet,7,149.7,False,2,1,Tuesday,21,Dec,False,0.0
S01107,New_Visitor,Social,Asia,Tablet,2,177.4,False,0,0,Sunday,1,Sep,False,0.0
S01108,Returning_Visitor,Direct,Europe,Mobile,4,1231.8,False,1,0,Tuesday,10,Aug,False,0.0
S01109,Returning_Visitor,Organic,North America,Mobile,4,179.4,False,2,1,Tuesday,13,May,False,0.0
S01110,New_Visitor,Referral,Europe,Mobile,1,26.1,True,0,0,Sunday,11,Nov,False,0.0
S01111,Returning_Visitor,Referral,Africa,Desktop,7,101.2,False,2,0,Monday,14,Jan,False,0.0
S01112,New_Visitor,Organic,North America,Tablet,1,91.5,True,0,0,Tuesday,13,Dec,False,0.0
S01113,New_Visitor,Organic,Asia,Mobile,3,421.3,False,1,1,Thursday,10,Sep,False,0.0
S01114,New_Visitor,Direct,North America,Mobile,8,906.1,False,1,0,Friday,7,Mar,False,0.0
S01115,Returning_Visitor,Referral,North America,Desktop,1,42.8,True,0,0,Wednesday,8,Dec,False,0.0
S01116,Returning_Visitor,Paid,North America,Mobile,3,160.1,False,1,0,Thursday,13,May,False,0.0
S01117,New_Visitor,Paid,Europe,Desktop,1,108.7,True,0,0,Tuesday,19,Mar,False,0.0
S01118,Returning_Visitor,Direct,South America,Mobile,1,158.6,True,0,0,Friday,8,May,False,0.0
S01119,New_Visitor,Social,North America,Mobile,1,167.8,True,0,0,Wednesday,16,Dec,False,0.0
S01120,New_Visitor,Direct,Asia,Desktop,7,491.6,False,2,0,Saturday,18,Oct,False,0.0
S01121,Returning_Visitor,Social,Europe,Tablet,2,25.5,False,1,0,Wednesday,10,Dec,False,0.0
S01122,Returning_Visitor,Organic,North America,Mobile,1,22.5,True,0,0,Thursday,16,Apr,False,0.0
S01123,Returning_Visitor,Direct,Europe,Tablet,8,148.6,False,2,1,Friday,16,Feb,False,0.0
S01124,Returning_Visitor,Referral,South America,Desktop,2,22.9,False,1,0,Monday,17,Aug,False,5.47
S01125,Returning_Visitor,Organic,South America,Mobile,4,69.3,False,2,1,Tuesday,20,Jul,True,0.0
S01126,Returning_Visitor,Social,South America,Mobile,3,367.1,False,1,0,Saturday,12,Oct,False,0.0
S01127,New_Visitor,Social,Europe,Mobile,4,353.1,False,0,0,Tuesday,10,Aug,False,0.0
S01128,New_Visitor,Direct,South America,Desktop,1,2.7,True,0,0,Friday,14,Jun,False,0.0
S01129,New_Visitor,Direct,North America,Desktop,4,38.4,False,0,0,Monday,7,Jan,False,0.0
S01130,New_Visitor,Paid,Asia,Tablet,8,1800.0,False,5,2,Saturday,11,Jul,False,0.0
S01131,Returning_Visitor,Social,Oceania,Desktop,1,15.4,True,0,0,Sunday,20,Feb,False,0.0
S01132,New_Visitor,Organic,North America,Tablet,2,120.7,False,0,0,Wednesday,14,Dec,False,0.0
S01133,New_Visitor,Direct,Europe,Desktop,11,151.9,False,3,1,Thursday,12,Dec,False,62.29
S01134,New_Visitor,Referral,Asia,Tablet,1,16.0,True,0,0,Thursday,10,Nov,False,0.0
S01135,Returning_Visitor,Referral,Asia,Mobile,1,41.4,True,0,0,Sunday,10,Mar,False,0.0
S01136,New_Visitor,Organic,North America,Mobile,,40.1,True,0,0,Monday,10,Mar,False,0.0
S01137,Returning_Visitor,Direct,Oceania,Desktop,1,62.3,True,0,0,Friday,19,Aug,False,0.0
S01138,New_Visitor,Paid,Asia,Tablet,3,33.2,False,1,0,Friday,23,Oct,False,0.0
S01139,New_Visitor,Referral,North America,Mobile,1,18.3,True,0,0,Wednesday,14,Dec,False,0.0
S01140,Returning_Visitor,Paid,North America,Mobile,1,58.7,True,0,0,Tuesday,7,Dec,False,0.0
S01141,Returning_Visitor,Social,South America,Desktop,6,36.9,False,4,1,Tuesday,18,Mar,False,20.06
S01142,New_Visitor,Paid,North America,Mobile,5,720.1,False,0,0,Saturday,20,Dec,False,0.0
S01143,Returning_Visitor,Organic,North America,Tablet,2,23.6,False,0,0,Monday,21,Mar,True,0.0
S01144,Returning_Visitor,Social,Asia,Desktop,2,69.2,False,0,0,Thursday,15,Nov,False,0.0
S01145,New_Visitor,Organic,Asia,Mobile,11,75.9,False,4,1,Wednesday,14,Aug,False,0.0
S01146,Returning_Visitor,Referral,Asia,Desktop,9,623.5,False,4,2,Tuesday,15,Sep,False,0.0
S01147,Returning_Visitor,Direct,Europe,Tablet,11,261.3,False,4,1,Thursday,1,Aug,False,0.0
S01148,Returning_Visitor,Direct,South America,Tablet,9,41.3,False,6,0,Sunday,16,Nov,False,0.0
S01149,Returning_Visitor,Paid,Oceania,Desktop,3,161.6,False,1,1,Friday,17,Sep,False,0.0
S01150,Returning_Visitor,Paid,North America,Desktop,2,473.5,False,1,0,Saturday,17,Nov,False,0.0
S01151,Returning_Visitor,Organic,Asia,Mobile,11,1351.1,False,3,2,Friday,14,Mar,False,0.0
S01152,Returning_Visitor,Referral,Africa,Desktop,5,364.1,False,0,0,Friday,17,Nov,False,0.0
S01153,Returning_Visitor,Direct,Asia,Mobile,4,3.1,False,0,0,Thursday,16,Dec,False,0.0
S01154,Returning_Visitor,Direct,Asia,Desktop,5,589.5,False,0,0,Sunday,8,Sep,False,0.0
S01155,Returning_Visitor,Social,North America,Mobile,3,408.7,False,1,1,Thursday,20,Dec,True,0.0
S01156,Returning_Visitor,Direct,Europe,Desktop,3,7.0,False,0,0,Thursday,15,Mar,False,0.0
S01157,New_Visitor,Paid,Asia,Desktop,2,15.7,False,1,0,Thursday,17,Nov,False,0.0
S01158,Returning_Visitor,Organic,Asia,Desktop,1,36.0,True,0,0,Wednesday,11,Mar,False,0.0
S01159,Returning_Visitor,Referral,Oceania,Mobile,2,61.7,False,0,0,Tuesday,21,Jul,False,0.0
S01160,New_Visitor,Referral,North America,Mobile,3,62.8,False,0,0,Monday,13,Sep,False,0.0
S01161,Returning_Visitor,Organic,North America,Desktop,7,92.6,False,3,1,Friday,16,Sep,False,81.09
S01162,New_Visitor,Direct,North America,Mobile,2,95.6,False,0,0,Tuesday,22,Sep,False,0.0
S01163,New_Visitor,Social,Asia,Tablet,7,619.7,False,2,0,Wednesday,21,May,False,0.0
S01164,Returning_Visitor,Social,North America,Desktop,2,331.8,False,1,0,Sunday,16,Dec,False,0.0
S01165,New_Visitor,Direct,Asia,Mobile,9,193.5,False,4,0,Thursday,9,Jan,False,0.0
S01166,Returning_Visitor,Direct,Europe,Mobile,1,72.9,True,0,0,Monday,22,Sep,False,0.0
S01167,Returning_Visitor,Organic,Europe,Desktop,3,279.4,False,1,0,Saturday,23,Nov,False,0.0
S01168,New_Visitor,Organic,North America,Desktop,2,78.0,False,0,0,Tuesday,8,Dec,False,0.0
S01169,New_Visitor,Direct,Africa,Mobile,2,304.7,False,0,0,Thursday,13,Oct,False,0.0
S01170,New_Visitor,Organic,Asia,Mobile,1,1.4,True,0,0,Thursday,14,Aug,False,0.0
S01171,Returning_Visitor,Social,Oceania,Desktop,4,553.8,False,1,0,Tuesday,7,Jun,False,0.0
S01172,Returning_Visitor,Social,Asia,Tablet,2,267.6,False,1,0,Monday,9,Jun,False,0.0
S01173,Returning_Visitor,Paid,North America,Mobile,9,79.6,False,5,0,Tuesday,14,Jun,False,0.0
S01174,New_Visitor,Referral,North America,Desktop,4,138.9,False,0,0,Monday,22,Sep,False,0.0
S01175,Returning_Visitor,Paid,Oceania,Desktop,2,87.0,False,1,0,Tuesday,3,Oct,False,0.0
S01176,New_Visitor,Referral,Asia,Desktop,,92.5,False,2,1,Sunday,21,Jul,True,0.0
S01177,Returning_Visitor,Referral,North America,Mobile,1,135.5,True,0,0,Wednesday,20,Oct,False,0.0
S01178,New_Visitor,Paid,Asia,Mobile,3,224.7,False,1,1,Sunday,20,Jul,False,0.0
S01179,Returning_Visitor,Referral,Europe,Mobile,4,31.6,False,1,0,Thursday,12,Feb,False,0.0
S01180,New_Visitor,Organic,Europe,Mobile,1,156.6,True,0,0,Friday,13,Nov,False,0.0
S01181,Returning_Visitor,Social,North America,Desktop,4,11.3,False,1,0,Tuesday,12,Nov,True,0.0
S01182,New_Visitor,Paid,South America,Mobile,2,108.7,False,1,0,Tuesday,22,Apr,False,0.0
S01183,Returning_Visitor,Social,North America,Desktop,2,88.8,False,0,0,Thursday,14,Oct,False,0.0
S01184,Returning_Visitor,Referral,North America,Desktop,4,18.0,False,1,0,Sunday,7,Jul,False,0.0
S01185,New_Visitor,Referral,Europe,Mobile,2,142.8,False,0,0,Monday,10,Feb,False,0.0
S01186,Returning_Visitor,Paid,North America,Desktop,1,,True,0,0,Thursday,13,Jun,False,0.0
S01187,Returning_Visitor,Organic,Europe,Mobile,2,73.6,False,0,0,Monday,22,Feb,False,0.0
S01188,New_Visitor,Referral,North America,Tablet,5,216.4,False,0,0,Thursday,15,Oct,False,0.0
S01189,New_Visitor,Organic,Europe,Mobile,1,29.1,True,0,0,Friday,17,Mar,False,0.0
S01190,Returning_Visitor,Referral,Oceania,Desktop,6,749.2,False,4,1,Saturday,7,Mar,False,13.81
S01191,New_Visitor,Referral,Europe,Desktop,3,473.1,False,0,0,Monday,20,Mar,False,0.0
S01192,Returning_Visitor,Organic,Europe,Desktop,4,121.4,False,2,1,Tuesday,14,Apr,False,203.49
S01193,New_Visitor,Organic,Europe,Mobile,2,265.8,False,0,0,Thursday,21,Sep,False,0.0
S01194,Returning_Visitor,Referral,Asia,Mobile,1,13.7,True,0,0,Sunday,13,Sep,False,0.0
S01195,New_Visitor,Organic,South America,Mobile,5,183.7,False,3,0,Wednesday,16,Feb,False,0.0
S01196,Returning_Visitor,Organic,North America,Mobile,1,17.4,True,0,0,Wednesday,13,Oct,False,0.0
S01197,Returning_Visitor,Social,Africa,Mobile,1,15.2,True,0,0,Thursday,8,May,False,0.0
S01198,Returning_Visitor,Direct,South America,Tablet,2,233.4,False,0,0,Monday,10,Jun,False,0.0
S01199,Returning_Visitor,Direct,Asia,Desktop,2,150.3,False,1,0,Saturday,7,Feb,False,0.0
S01200,New_Visitor,Paid,North America,Tablet,1,,True,0,0,Tuesday,13,Oct,False,0.0
S01201,Returning_Visitor,Organic,North America,Mobile,8,679.9,False,3,1,Friday,16,May,False,0.0
S01202,New_Visitor,Direct,Asia,Desktop,1,51.0,True,0,0,Thursday,10,Sep,False,0.0
S01203,New_Visitor,Referral,Africa,Tablet,5,463.9,False,2,0,Friday,13,Jun,False,0.0
S01204,New_Visitor,Social,Asia,Tablet,,108.0,False,1,0,Monday,13,Jan,False,0.0
S01205,New_Visitor,Paid,North America,Mobile,6,170.6,False,1,1,Sunday,14,Oct,True,0.0
S01206,Returning_Visitor,Paid,North America,Mobile,5,204.9,False,1,1,Tuesday,9,Aug,False,0.0
S01207,Returning_Visitor,Social,Asia,Desktop,1,9.2,True,0,0,Friday,14,Jun,False,0.0
S01208,New_Visitor,Organic,Asia,Desktop,4,89.3,False,2,1,Saturday,11,Mar,False,0.0
S01209,New_Visitor,Organic,North America,Desktop,2,2.7,False,0,0,Thursday,10,Sep,False,12.44
S01210,Returning_Visitor,Direct,North America,Mobile,6,187.7,False,3,0,Wednesday,15,Apr,False,0.0
S01211,New_Visitor,Organic,Europe,Mobile,6,34.4,False,2,0,Sunday,8,Jun,False,0.0
S01212,New_Visitor,Social,Asia,Desktop,1,64.8,True,0,0,Tuesday,20,Jan,False,0.0
S01213,New_Visitor,Referral,Asia,Mobile,2,,False,1,0,Sunday,21,Oct,False,0.0
S01214,Returning_Visitor,Organic,South America,Desktop,,242.9,False,2,1,Tuesday,16,Feb,False,10.59
S01215,Returning_Visitor,Social,Asia,Desktop,3,41.8,False,2,0,Wednesday,11,Dec,False,0.0
S01216,New_Visitor,Organic,North America,Desktop,1,42.4,True,0,0,Monday,15,Nov,False,0.0
S01217,New_Visitor,Direct,Asia,Desktop,1,74.7,True,0,0,Monday,15,Dec,False,0.0
S01218,Returning_Visitor,Referral,Oceania,Desktop,6,589.8,False,2,2,Tuesday,12,Dec,False,0.0
S01219,Returning_Visitor,Direct,Africa,Desktop,1,20.0,True,0,0,Monday,10,Dec,False,0.0
S01220,New_Visitor,Direct,Africa,Desktop,1,,True,0,0,Sunday,9,Nov,False,0.0
S01221,Returning_Visitor,Organic,Europe,Desktop,1,6.6,True,0,0,Saturday,10,Feb,False,0.0
S01222,New_Visitor,Direct,South America,Desktop,2,155.5,False,0,0,Monday,16,Jun,False,0.0
S01223,New_Visitor,Social,Africa,Tablet,4,136.9,False,1,0,Tuesday,20,Feb,False,0.0
S01224,Returning_Visitor,Paid,Asia,Desktop,3,7.7,False,1,0,Friday,12,Aug,False,0.0
S01225,New_Visitor,Direct,North America,Mobile,3,135.7,False,0,0,Wednesday,8,Jul,False,6.84
S01226,Returning_Visitor,Direct,Oceania,Desktop,4,376.1,False,1,0,Saturday,1,Dec,False,0.0
S01227,New_Visitor,Social,Europe,Desktop,6,16.4,False,1,0,Thursday,12,Dec,False,0.0
S01228,New_Visitor,Paid,North America,Desktop,1,31.0,True,0,0,Friday,10,Apr,False,0.0
S01229,Returning_Visitor,Organic,North America,Tablet,1,39.5,True,0,0,Friday,11,Aug,False,0.0
S01230,New_Visitor,Direct,Asia,Desktop,2,924.7,False,1,0,Friday,10,Jul,False,0.0
S01231,Returning_Visitor,Social,Europe,Mobile,6,88.9,False,1,0,Tuesday,16,Aug,False,0.0
S01232,New_Visitor,Referral,North America,Mobile,3,307.8,False,0,0,Wednesday,16,Jul,False,0.0
S01233,New_Visitor,Organic,Asia,Desktop,1,9.5,True,0,0,Monday,21,Dec,True,0.0
S01234,New_Visitor,Referral,South America,Tablet,1,199.5,True,0,0,Friday,17,Dec,False,0.0
S01235,Returning_Visitor,Organic,Asia,Desktop,7,153.8,False,3,1,Thursday,9,Feb,False,0.0
S01236,New_Visitor,Direct,North America,Desktop,2,18.9,False,0,0,Saturday,18,May,False,0.0
S01237,Returning_Visitor,Direct,Asia,Desktop,1,28.9,True,0,0,Tuesday,9,Oct,False,0.0
S01238,New_Visitor,Paid,North America,Desktop,4,3.7,False,0,0,Thursday,14,Sep,False,0.0
S01239,Returning_Visitor,Direct,Europe,Desktop,6,41.5,False,1,0,Tuesday,7,Sep,False,0.0
S01240,New_Visitor,Organic,Europe,Mobile,2,82.3,False,0,0,Friday,6,Dec,False,0.0
S01241,Returning_Visitor,Organic,South America,Desktop,5,847.2,False,3,2,Saturday,13,May,False,0.0
S01242,Returning_Visitor,Paid,Europe,Mobile,2,70.6,False,0,0,Saturday,8,Jul,False,10.58
S01243,Returning_Visitor,Organic,North America,Desktop,4,259.1,False,0,0,Sunday,11,Dec,False,0.0
S01244,Returning_Visitor,Direct,Europe,Tablet,3,221.0,False,2,1,Sunday,11,Sep,False,50.91
S01245,Returning_Visitor,Organic,Europe,Desktop,7,15.6,False,2,0,Saturday,18,Sep,False,133.05
S01246,Returning_Visitor,Social,Oceania,Mobile,2,46.6,False,0,0,Tuesday,11,Mar,False,0.0
S01247,New_Visitor,Direct,Oceania,Mobile,5,1747.3,False,2,0,Tuesday,13,Apr,False,0.0
S01248,New_Visitor,Direct,North America,Desktop,4,1.7,False,2,1,Thursday,18,May,False,0.0
S01249,Returning_Visitor,Direct,North America,Desktop,6,228.7,False,3,1,Sunday,9,Jul,False,0.0
S01250,Returning_Visitor,Paid,North America,Desktop,3,327.0,False,0,0,Wednesday,19,Jul,False,0.0
S01251,Returning_Visitor,Referral,South America,Desktop,2,40.8,False,0,0,Tuesday,19,Dec,False,11.76
S01252,New_Visitor,Social,North America,Desktop,1,341.6,True,0,0,Sunday,23,Feb,False,0.0
S01253,New_Visitor,Paid,North America,Mobile,6,239.7,False,3,1,Wednesday,13,Apr,False,0.0
S01254,New_Visitor,Paid,Europe,Desktop,8,1177.6,False,2,0,Friday,12,Mar,False,0.0
S01255,Returning_Visitor,Direct,North America,Mobile,2,90.2,False,1,0,Saturday,17,Oct,False,0.0
S01256,New_Visitor,Paid,North America,Desktop,1,30.4,True,0,0,Saturday,6,Dec,False,0.0
S01257,New_Visitor,Organic,Europe,Tablet,4,297.2,False,0,0,Saturday,5,Dec,False,0.0
S01258,New_Visitor,Direct,North America,Desktop,1,190.6,True,0,0,Saturday,11,Oct,False,0.0
S01259,New_Visitor,Paid,Europe,Desktop,1,28.3,True,0,0,Friday,17,Jan,False,0.0
S01260,Returning_Visitor,Organic,Oceania,Desktop,2,,False,0,0,Wednesday,8,May,False,0.0
S01261,New_Visitor,Organic,North America,Desktop,4,258.6,False,3,2,Friday,16,Nov,False,0.0
S01262,Returning_Visitor,Direct,Europe,Mobile,6,171.3,False,2,0,Saturday,10,Sep,False,0.0
S01263,New_Visitor,Referral,Oceania,Mobile,1,3.4,True,0,0,Wednesday,16,Mar,False,0.0
S01264,New_Visitor,Direct,Africa,Mobile,9,201.5,False,2,0,Wednesday,13,Jul,False,0.0
S01265,New_Visitor,Social,Europe,Mobile,3,320.3,False,1,1,Wednesday,8,Feb,False,0.0
S01266,New_Visitor,Paid,Asia,Tablet,8,48.0,False,2,1,Thursday,10,Jul,False,0.0
S01267,New_Visitor,Referral,North America,Mobile,1,50.9,True,0,0,Monday,10,Dec,False,0.0
S01268,New_Visitor,Organic,Asia,Desktop,2,86.1,False,1,0,Saturday,9,Jan,False,0.0
S01269,Returning_Visitor,Paid,Oceania,Desktop,2,130.0,False,0,0,Monday,13,Aug,False,0.0
S01270,New_Visitor,Organic,Europe,Desktop,2,335.6,False,0,0,Monday,22,Apr,False,0.0
S01271,Returning_Visitor,Organic,Europe,Mobile,9,752.4,False,4,2,Tuesday,16,Dec,False,0.0
S01272,Returning_Visitor,Organic,North America,Desktop,6,257.3,False,3,1,Friday,19,Jan,False,0.0
S01273,Returning_Visitor,Referral,Asia,Mobile,5,532.2,False,2,1,Tuesday,23,Aug,False,0.0
S01274,New_Visitor,Organic,Asia,Desktop,2,145.1,False,0,0,Wednesday,14,Apr,False,0.0
S01275,New_Visitor,Organic,Asia,Mobile,2,271.1,False,0,0,Sunday,10,Nov,True,0.0
S01276,New_Visitor,Direct,North America,Tablet,1,77.3,True,0,0,Saturday,21,Feb,True,0.0
S01277,New_Visitor,Organic,Europe,Desktop,5,419.5,False,1,0,Saturday,17,Jun,False,0.0
S01278,Returning_Visitor,Referral,Asia,Mobile,2,10.5,False,0,0,Friday,22,Mar,False,0.0
S01279,New_Visitor,Social,North America,Tablet,12,2.8,False,7,1,Sunday,16,Nov,False,0.0
S01280,New_Visitor,Social,North America,Tablet,2,373.8,False,0,0,Saturday,18,May,False,0.0
S01281,Returning_Visitor,Organic,North America,Desktop,1,17.4,True,0,0,Sunday,20,Mar,False,0.0
S01282,Returning_Visitor,Organic,Asia,Mobile,8,86.6,False,3,2,Monday,18,Oct,True,0.0
S01283,Returning_Visitor,Paid,Asia,Desktop,5,51.8,False,2,1,Monday,14,Nov,True,34.25
S01284,New_Visitor,Organic,South America,Mobile,3,241.0,False,1,0,Tuesday,13,Jul,False,0.0
S01285,New_Visitor,Paid,North America,Mobile,6,17.1,False,2,0,Sunday,19,May,False,0.0
S01286,New_Visitor,Organic,Africa,Mobile,9,584.2,False,4,3,Friday,18,Sep,False,0.0
S01287,New_Visitor,Paid,Asia,Desktop,6,305.1,False,2,0,Wednesday,11,Sep,False,0.0
S01288,New_Visitor,Direct,Europe,Mobile,8,76.5,False,5,4,Thursday,13,Sep,False,0.0
S01289,New_Visitor,Direct,North America,Desktop,1,8.7,True,0,0,Saturday,16,Apr,False,0.0
S01290,New_Visitor,Social,North America,Desktop,3,25.6,False,0,0,Sunday,3,Dec,False,0.0
S01291,New_Visitor,Referral,Oceania,Mobile,5,90.1,False,0,0,Saturday,10,Mar,False,0.0
S01292,New_Visitor,Direct,Europe,Tablet,3,184.8,False,0,0,Saturday,10,May,False,0.0
S01293,Returning_Visitor,Referral,Europe,Tablet,4,55.6,False,2,0,Wednesday,20,Apr,False,0.0
S01294,Returning_Visitor,Social,North America,Mobile,8,517.9,False,5,0,Thursday,11,Dec,False,0.0
S01295,Returning_Visitor,Organic,South America,Desktop,2,427.8,False,0,0,Sunday,14,Nov,False,0.0
S01296,New_Visitor,Organic,North America,Desktop,3,356.6,False,2,0,Saturday,19,Nov,False,0.0
S01297,New_Visitor,Direct,Europe,Desktop,,288.0,False,2,0,Friday,10,Jan,False,0.0
S01298,New_Visitor,Organic,Europe,Desktop,2,357.4,False,1,0,Monday,8,Sep,False,0.0
S01299,Returning_Visitor,Referral,Europe,Desktop,2,113.8,False,1,0,Monday,22,Apr,False,0.0
S01300,Returning_Visitor,Organic,Europe,Desktop,5,439.4,False,0,0,Monday,17,Dec,False,0.0
S01301,New_Visitor,Direct,Europe,Desktop,8,713.7,False,2,1,Friday,9,Jul,False,0.0
S01302,Returning_Visitor,Organic,South America,Tablet,4,881.0,False,0,0,Thursday,19,Aug,False,0.0
S01303,New_Visitor,Direct,South America,Mobile,3,187.5,False,1,0,Sunday,18,May,False,0.0
S01304,New_Visitor,Organic,South America,Mobile,5,95.7,False,2,2,Friday,19,Jul,False,0.0
S01305,Returning_Visitor,Organic,North America,Desktop,19,248.2,False,8,1,Wednesday,10,Oct,False,0.0
S01306,Returning_Visitor,Organic,South America,Desktop,1,22.0,True,0,0,Tuesday,13,Aug,False,0.0
S01307,Returning_Visitor,Paid,North America,Desktop,4,344.3,False,1,1,Saturday,17,Sep,False,0.0
S01308,Returning_Visitor,Organic,North America,Desktop,3,,False,1,0,Thursday,12,Jul,False,0.0
S01309,New_Visitor,Social,Oceania,Mobile,3,44.6,False,0,0,Friday,7,Oct,False,0.0
S01310,Returning_Visitor,Organic,South America,Mobile,1,117.9,True,0,0,Thursday,8,Dec,False,0.0
S01311,New_Visitor,Organic,Asia,Mobile,10,1800.0,False,8,2,Monday,15,Jan,False,0.0
S01312,Returning_Visitor,Direct,Africa,Tablet,1,84.9,True,0,0,Monday,12,Feb,False,0.0
S01313,New_Visitor,Direct,Oceania,Mobile,2,7.7,False,1,0,Wednesday,0,Sep,False,0.0
S01314,Returning_Visitor,Paid,Asia,Desktop,2,118.5,False,0,0,Wednesday,18,May,False,0.0
S01315,New_Visitor,Paid,Asia,Tablet,4,666.2,False,1,0,Friday,12,Apr,False,0.0
S01316,Returning_Visitor,Social,South America,Mobile,4,90.1,False,1,0,Friday,11,Mar,False,0.0
S01317,New_Visitor,Referral,North America,Mobile,1,52.8,True,0,0,Sunday,17,Aug,False,0.0
S01318,Returning_Visitor,Direct,North America,Mobile,1,15.4,True,0,0,Saturday,13,May,False,0.0
S01319,New_Visitor,Direct,South America,Desktop,2,255.1,False,0,0,Thursday,17,Jul,False,0.0
S01320,New_Visitor,Paid,Europe,Desktop,4,489.6,False,2,0,Thursday,1,Dec,False,0.0
S01321,New_Visitor,Referral,North America,Desktop,8,217.6,False,2,0,Friday,0,Oct,False,0.0
S01322,New_Visitor,Referral,Europe,Desktop,2,51.6,False,0,0,Monday,14,Nov,False,0.0
S01323,Returning_Visitor,Organic,Europe,Desktop,3,0.0,False,0,0,Sunday,23,Feb,False,0.0
S01324,New_Visitor,Organic,Oceania,Desktop,2,45.8,False,0,0,Thursday,10,May,False,0.0
S01325,Returning_Visitor,Paid,Asia,Tablet,3,273.7,False,1,0,Sunday,16,Feb,False,8.99
S01326,New_Visitor,Direct,Europe,Mobile,3,5.2,False,1,0,Sunday,9,Dec,True,0.0
S01327,New_Visitor,Direct,Oceania,Desktop,3,40.8,False,2,0,Friday,11,Sep,False,0.0
S01328,Returning_Visitor,Organic,Africa,Desktop,2,157.2,False,1,1,Monday,7,Jan,False,0.0
S01329,Returning_Visitor,Social,Europe,Mobile,7,438.5,False,1,0,Friday,20,Jul,False,0.0
S01330,New_Visitor,Organic,Africa,Desktop,5,1294.9,False,2,0,Friday,11,Apr,False,0.0
S01331,Returning_Visitor,Social,Europe,Mobile,20,594.4,False,8,4,Saturday,10,Jul,False,0.0
S01332,Returning_Visitor,Organic,North America,Mobile,2,17.2,False,1,0,Monday,17,Mar,False,0.0
S01333,New_Visitor,Paid,North America,Mobile,1,65.6,True,0,0,Thursday,9,Jan,False,0.0
S01334,Returning_Visitor,Social,Asia,Desktop,4,19.8,False,1,1,Sunday,10,May,False,0.0
S01335,Returning_Visitor,Organic,Europe,Mobile,5,37.2,False,1,1,Sunday,8,Apr,False,0.0
S01336,Returning_Visitor,Referral,Asia,Desktop,9,453.1,False,3,2,Tuesday,22,Oct,False,3.34
S01337,New_Visitor,Direct,Asia,Desktop,1,38.3,True,0,0,Sunday,10,Jul,False,0.0
S01338,Returning_Visitor,Organic,North America,Mobile,7,128.5,False,2,0,Monday,23,Apr,True,0.0
S01339,New_Visitor,Paid,North America,Tablet,3,117.0,False,2,1,Saturday,9,Aug,False,0.0
S01340,New_Visitor,Direct,Europe,Desktop,2,243.3,False,0,0,Tuesday,2,Feb,False,21.69
S01341,New_Visitor,Direct,North America,Tablet,1,77.5,True,0,0,Sunday,20,Sep,False,0.0
S01342,New_Visitor,Organic,Asia,Desktop,6,218.4,False,1,0,Friday,15,Mar,False,0.0
S01343,Returning_Visitor,Direct,Asia,Desktop,2,44.8,False,1,1,Wednesday,11,Apr,False,134.34
S01344,Returning_Visitor,Paid,Asia,Mobile,3,157.1,False,1,0,Tuesday,14,Apr,False,0.0
S01345,Returning_Visitor,Direct,Europe,Desktop,3,0.5,False,1,0,Tuesday,10,Jul,False,0.0
S01346,New_Visitor,Paid,Asia,Desktop,1,79.2,True,0,0,Friday,16,Dec,False,0.0
S01347,New_Visitor,Paid,South America,Desktop,5,486.5,False,1,0,Sunday,15,May,True,0.0
S01348,New_Visitor,Organic,Oceania,Desktop,2,15.6,False,0,0,Saturday,7,Apr,False,0.0
S01349,Returning_Visitor,Organic,South America,Desktop,5,154.6,False,1,0,Saturday,21,Mar,False,0.0
S01350,New_Visitor,Paid,Asia,Mobile,2,18.8,False,0,0,Saturday,13,Jun,False,0.0
S01351,Returning_Visitor,Direct,North America,Mobile,1,178.3,True,0,0,Sunday,9,Mar,False,0.0
S01352,Returning_Visitor,Organic,Asia,Tablet,5,524.6,False,1,0,Saturday,11,Feb,False,0.0
S01353,New_Visitor,Organic,Oceania,Mobile,7,8.5,False,3,0,Tuesday,20,Nov,False,0.0
S01354,Returning_Visitor,Referral,North America,Mobile,1,211.2,True,0,0,Saturday,12,Jan,False,0.0
S01355,New_Visitor,Social,North America,Mobile,3,27.5,False,1,0,Wednesday,14,Oct,True,0.0
S01356,Returning_Visitor,Organic,North America,Tablet,1,5.3,True,0,0,Sunday,22,Mar,False,0.0
S01357,Returning_Visitor,Organic,Asia,Desktop,6,11.9,False,4,1,Wednesday,16,Jan,True,4.55
S01358,New_Visitor,Paid,Europe,Desktop,14,1313.6,False,6,2,Wednesday,16,Nov,False,0.0
S01359,New_Visitor,Social,North America,Mobile,3,466.9,False,0,0,Tuesday,10,Oct,False,0.0
S01360,Returning_Visitor,Referral,Africa,Desktop,2,12.1,False,0,0,Friday,16,May,True,0.0
S01361,Returning_Visitor,Social,Asia,Tablet,6,,False,1,0,Monday,12,Feb,False,0.0
S01362,New_Visitor,Direct,Europe,Mobile,3,68.3,False,0,0,Sunday,21,May,False,0.0
S01363,Returning_Visitor,Social,Europe,Desktop,2,136.3,False,0,0,Wednesday,8,Mar,False,0.0
S01364,Returning_Visitor,Direct,North America,Mobile,1,257.3,True,0,0,Wednesday,10,Dec,False,0.0
S01365,Returning_Visitor,Organic,Europe,Desktop,3,1.5,False,2,0,Monday,7,Jul,False,48.97
S01366,New_Visitor,Social,Europe,Tablet,3,142.5,False,1,0,Tuesday,12,Dec,False,0.0
S01367,Returning_Visitor,Direct,Europe,Tablet,1,64.0,True,0,0,Wednesday,8,May,False,0.0
S01368,Returning_Visitor,Paid,South America,Mobile,1,27.9,True,0,0,Wednesday,19,Aug,False,0.0
S01369,New_Visitor,Direct,Asia,Desktop,2,14.0,False,0,0,Tuesday,21,Mar,False,0.0
S01370,New_Visitor,Paid,North America,Desktop,2,116.5,False,1,0,Monday,16,Nov,False,0.0
S01371,Returning_Visitor,Paid,Europe,Mobile,1,2.9,True,0,0,Wednesday,8,Jan,False,0.0
S01372,New_Visitor,Organic,South America,Tablet,1,154.2,True,0,0,Saturday,11,Sep,False,0.0
S01373,Returning_Visitor,Social,North America,Desktop,1,37.2,True,0,0,Thursday,22,Jun,False,0.0
S01374,New_Visitor,Direct,North America,Desktop,7,1012.6,False,4,2,Wednesday,8,Aug,False,0.0
S01375,New_Visitor,Paid,Asia,Desktop,1,108.7,True,0,0,Wednesday,14,Aug,False,0.0
S01376,Returning_Visitor,Direct,Asia,Mobile,7,1.5,False,3,2,Thursday,11,Oct,False,0.0
S01377,New_Visitor,Social,North America,Tablet,3,110.7,False,1,0,Wednesday,23,Mar,False,0.0
S01378,New_Visitor,Direct,Asia,Desktop,4,525.0,False,0,0,Friday,10,Jul,False,0.0
S01379,New_Visitor,Organic,Asia,Desktop,8,223.5,False,1,0,Sunday,6,Jun,True,0.0
S01380,Returning_Visitor,Organic,Africa,Mobile,2,46.8,False,0,0,Monday,17,Apr,False,0.0
S01381,New_Visitor,Direct,North America,Mobile,4,277.7,False,2,0,Tuesday,11,Jul,False,0.0
S01382,New_Visitor,Social,South America,Mobile,4,293.0,False,0,0,Tuesday,16,Dec,False,0.0
S01383,Returning_Visitor,Referral,North America,Mobile,14,865.6,False,5,2,Thursday,8,Dec,False,0.0
S01384,New_Visitor,Referral,Asia,Desktop,1,27.1,True,0,0,Monday,14,Apr,False,0.0
S01385,Returning_Visitor,Organic,Asia,Desktop,2,7.9,False,0,0,Thursday,12,Nov,True,0.0
S01386,New_Visitor,Direct,Europe,Tablet,14,1800.0,False,6,1,Sunday,14,Nov,False,10.58
S01387,Returning_Visitor,Organic,South America,Tablet,2,45.8,False,0,0,Monday,20,Apr,False,0.0
S01388,New_Visitor,Social,North America,Mobile,11,1048.0,False,7,3,Wednesday,22,Aug,False,13.13
S01389,Returning_Visitor,Paid,Europe,Mobile,6,156.0,False,3,0,Saturday,18,Nov,False,0.0
S01390,New_Visitor,Direct,North America,Tablet,2,81.9,False,1,0,Tuesday,18,Jul,False,0.0
S01391,New_Visitor,Organic,Asia,Desktop,1,28.1,True,0,0,Monday,14,May,False,0.0
S01392,New_Visitor,Organic,North America,Desktop,1,5.1,True,0,0,Friday,8,Sep,False,0.0
S01393,New_Visitor,Referral,South America,Mobile,1,,True,0,0,Monday,16,Mar,False,0.0
S01394,New_Visitor,Referral,South America,Tablet,2,374.0,False,0,0,Saturday,8,Mar,False,0.0
S01395,New_Visitor,Social,South America,Mobile,9,63.1,False,1,0,Monday,10,Nov,False,0.0
S01396,Returning_Visitor,Organic,North America,Mobile,3,146.1,False,1,0,Thursday,17,Jan,False,0.0
S01397,New_Visitor,Social,Asia,Desktop,2,414.6,False,0,0,Saturday,16,Nov,False,0.0
S01398,New_Visitor,Referral,North America,Desktop,1,1.2,True,0,0,Tuesday,11,Apr,False,0.0
S01399,Returning_Visitor,Direct,South America,Desktop,3,12.9,False,2,1,Monday,18,Jul,False,0.0
S01400,Returning_Visitor,Direct,Asia,Tablet,2,287.8,False,1,0,Tuesday,21,Aug,False,0.0
S01401,New_Visitor,Organic,Europe,Mobile,5,399.0,False,0,0,Saturday,14,Oct,False,0.0
S01402,New_Visitor,Direct,Asia,Desktop,3,141.9,False,1,0,Friday,16,Nov,False,0.0
S01403,New_Visitor,Paid,North America,Tablet,7,323.1,False,3,1,Tuesday,10,Nov,False,0.0
S01404,Returning_Visitor,Direct,Europe,Mobile,5,1105.3,False,2,0,Friday,22,Aug,False,0.0
S01405,Returning_Visitor,Social,North America,Mobile,1,1.3,True,0,0,Friday,10,May,False,0.0
S01406,New_Visitor,Referral,Oceania,Mobile,1,18.9,True,0,0,Sunday,20,Jul,True,0.0
S01407,Returning_Visitor,Organic,Africa,Desktop,1,22.9,True,0,0,Wednesday,21,Jan,False,0.0
S01408,Returning_Visitor,Referral,Asia,Mobile,2,15.3,False,0,0,Sunday,17,Apr,False,0.0
S01409,Returning_Visitor,Direct,Oceania,Tablet,1,26.5,True,0,0,Thursday,19,May,False,0.0
S01410,Returning_Visitor,Direct,Europe,Desktop,2,55.5,False,0,0,Sunday,13,May,False,0.0
S01411,New_Visitor,Organic,Africa,Mobile,1,191.4,True,0,0,Monday,21,Feb,False,0.0
S01412,New_Visitor,Direct,Europe,Desktop,3,105.0,False,1,1,Tuesday,17,Jan,False,25.09
S01413,New_Visitor,Organic,Asia,Desktop,1,163.8,True,0,0,Saturday,11,Jun,False,0.0
S01414,New_Visitor,Organic,Asia,Desktop,3,299.0,False,2,0,Saturday,4,Feb,False,0.0
S01415,New_Visitor,Direct,North America,Tablet,11,881.1,False,5,1,Wednesday,14,Apr,False,0.0
S01416,Returning_Visitor,Direct,Europe,Mobile,4,96.3,False,1,1,Friday,19,Jul,False,0.0
S01417,New_Visitor,Paid,North America,Desktop,3,100.2,False,1,0,Wednesday,20,Mar,False,0.0
S01418,New_Visitor,Direct,Oceania,Mobile,5,13.7,False,2,1,Monday,19,Feb,False,0.0
S01419,New_Visitor,Social,North America,Desktop,1,28.4,True,0,0,Monday,10,Jun,False,0.0
S01420,Returning_Visitor,Direct,Europe,Desktop,1,122.6,True,0,0,Monday,12,Jun,False,0.0
S01421,New_Visitor,Social,South America,Desktop,14,1277.1,False,6,3,Friday,15,Dec,False,0.0
S01422,New_Visitor,Organic,North America,Mobile,5,495.6,False,3,1,Tuesday,16,Feb,False,0.0
S01423,New_Visitor,Paid,Europe,Mobile,1,15.0,True,0,0,Monday,11,Aug,False,0.0
S01424,New_Visitor,Direct,Asia,Tablet,2,28.3,False,1,0,Sunday,17,May,False,0.0
S01425,Returning_Visitor,Social,North America,Mobile,2,130.6,False,0,0,Monday,15,Feb,False,0.0
S01426,Returning_Visitor,Direct,South America,Desktop,9,568.9,False,6,1,Friday,14,Jun,True,0.0
S01427,New_Visitor,Organic,North America,Mobile,3,39.1,False,2,0,Sunday,16,Jun,False,0.0
S01428,Returning_Visitor,Referral,North America,Desktop,1,76.3,True,0,0,Tuesday,15,May,False,0.0
S01429,Returning_Visitor,Organic,Asia,Tablet,3,84.9,False,1,0,Tuesday,9,Oct,False,0.0
S01430,Returning_Visitor,Direct,Europe,Desktop,2,261.4,False,0,0,Friday,20,Nov,False,0.0
S01431,New_Visitor,Organic,Africa,Desktop,2,54.4,False,1,0,Thursday,10,Mar,False,40.07
S01432,New_Visitor,Referral,Africa,Mobile,1,15.7,True,0,0,Thursday,18,Mar,False,0.0
S01433,New_Visitor,Paid,Europe,Desktop,2,26.2,False,0,0,Thursday,9,Jun,False,0.0
S01434,Returning_Visitor,Direct,Europe,Desktop,4,548.3,False,0,0,Sunday,16,May,False,0.0
S01435,New_Visitor,Social,Europe,Mobile,5,589.9,False,1,0,Monday,20,Nov,False,0.0
S01436,New_Visitor,Direct,North America,Desktop,4,133.2,False,1,0,Saturday,0,Dec,False,0.0
S01437,New_Visitor,Direct,Europe,Desktop,4,66.1,False,1,1,Tuesday,23,Mar,False,9.53
S01438,Returning_Visitor,Paid,South America,Desktop,,140.6,False,2,1,Wednesday,3,Oct,False,0.0
S01439,New_Visitor,Paid,Europe,Mobile,2,58.3,False,0,0,Monday,1,Aug,False,0.0
S01440,Returning_Visitor,Social,North America,Desktop,1,2.7,True,0,0,Thursday,20,Sep,False,0.0
S01441,Returning_Visitor,Organic,Europe,Desktop,1,4.2,True,0,0,Saturday,17,Apr,False,0.0
S01442,New_Visitor,Direct,North America,Mobile,1,157.4,True,0,0,Monday,8,Feb,False,0.0
S01443,Returning_Visitor,Organic,Asia,Mobile,1,87.2,True,0,0,Tuesday,21,Aug,False,0.0
S01444,New_Visitor,Direct,Europe,Mobile,8,807.3,False,3,0,Wednesday,16,Aug,False,0.0
S01445,Returning_Visitor,Direct,Europe,Desktop,1,39.1,True,0,0,Monday,8,Dec,False,0.0
S01446,New_Visitor,Social,Europe,Desktop,1,27.2,True,0,0,Saturday,20,Sep,False,0.0
S01447,Returning_Visitor,Paid,Africa,Mobile,2,11.6,False,0,0,Saturday,13,Jun,False,0.0
S01448,Returning_Visitor,Direct,North America,Tablet,1,49.0,True,0,0,Saturday,10,Dec,False,0.0
S01449,Returning_Visitor,Organic,Africa,Mobile,1,81.6,True,0,0,Friday,19,May,False,0.0
S01450,Returning_Visitor,Paid,Europe,Desktop,2,26.2,False,0,0,Thursday,17,Mar,False,0.0
S01451,New_Visitor,Organic,Africa,Desktop,8,236.6,False,3,0,Tuesday,15,Aug,False,0.0
S01452,Returning_Visitor,Referral,Asia,Tablet,1,157.3,True,0,0,Friday,20,Apr,False,0.0
S01453,Returning_Visitor,Organic,North America,Mobile,1,111.4,True,0,0,Thursday,20,Dec,False,0.0
S01454,Returning_Visitor,Direct,South America,Desktop,6,576.3,False,3,3,Sunday,10,Jun,False,41.86
S01455,New_Visitor,Paid,Asia,Desktop,1,2.4,True,0,0,Sunday,20,Mar,False,0.0
S01456,Returning_Visitor,Organic,North America,Tablet,2,21.7,False,0,0,Sunday,12,Mar,False,0.0
S01457,Returning_Visitor,Direct,North America,Desktop,1,21.9,True,0,0,Wednesday,12,Sep,False,0.0
S01458,Returning_Visitor,Direct,Asia,Mobile,5,108.6,False,3,0,Wednesday,22,May,False,0.0
S01459,New_Visitor,Paid,Asia,Mobile,5,41.4,False,2,0,Saturday,18,May,True,0.0
S01460,Returning_Visitor,Paid,Asia,Desktop,1,20.5,True,0,0,Saturday,11,Aug,False,0.0
S01461,New_Visitor,Organic,Asia,Desktop,9,,False,3,0,Friday,16,Apr,False,0.0
S01462,Returning_Visitor,Organic,Asia,Desktop,3,9.1,False,0,0,Tuesday,14,Mar,False,0.0
S01463,New_Visitor,Referral,South America,Tablet,5,154.8,False,2,0,Saturday,8,Sep,False,46.15
S01464,Returning_Visitor,Direct,Asia,Mobile,5,205.9,False,0,0,Friday,20,Jan,False,0.0
S01465,Returning_Visitor,Referral,North America,Mobile,3,7.5,False,1,0,Thursday,19,Dec,False,14.7
S01466,New_Visitor,Organic,Africa,Mobile,5,336.4,False,0,0,Sunday,18,Mar,False,0.0
S01467,Returning_Visitor,Organic,North America,Tablet,1,,True,0,0,Wednesday,14,Jun,False,0.0
S01468,New_Visitor,Referral,Europe,Tablet,1,62.6,True,0,0,Friday,10,Mar,False,0.0
S01469,Returning_Visitor,Organic,Asia,Mobile,2,615.6,False,0,0,Thursday,20,Mar,False,0.0
S01470,Returning_Visitor,Paid,Europe,Desktop,1,3.8,True,0,0,Friday,11,Nov,False,0.0
S01471,Returning_Visitor,Organic,North America,Mobile,12,228.7,False,3,1,Monday,2,Aug,False,16.65
S01472,Returning_Visitor,Organic,North America,Mobile,8,66.5,False,2,1,Thursday,23,May,False,0.0
S01473,Returning_Visitor,Paid,Asia,Mobile,1,27.6,True,0,0,Thursday,20,Apr,False,0.0
S01474,New_Visitor,Direct,Oceania,Mobile,2,216.4,False,0,0,Thursday,15,Mar,False,0.0
S01475,New_Visitor,Social,Asia,Desktop,3,477.3,False,0,0,Saturday,1,Aug,False,0.0
S01476,Returning_Visitor,Organic,Europe,Desktop,2,219.7,False,0,0,Wednesday,10,Oct,False,0.0
S01477,Returning_Visitor,Referral,Europe,Mobile,4,281.9,False,1,0,Sunday,13,Apr,False,0.0
S01478,Returning_Visitor,Social,North America,Desktop,3,227.4,False,1,1,Wednesday,15,May,False,0.0
S01479,Returning_Visitor,Direct,North America,Desktop,3,23.1,False,0,0,Friday,17,Oct,False,0.0
S01480,New_Visitor,Social,North America,Tablet,4,68.6,False,2,1,Monday,18,Oct,False,14.0
S01481,Returning_Visitor,Referral,Europe,Mobile,1,27.1,True,0,0,Tuesday,14,Mar,False,0.0
S01482,New_Visitor,Direct,North America,Tablet,1,3.1,True,0,0,Saturday,16,Jun,False,0.0
S01483,New_Visitor,Referral,North America,Mobile,1,103.4,True,0,0,Monday,19,Nov,False,0.0
S01484,New_Visitor,Referral,Asia,Mobile,4,70.9,False,0,0,Sunday,17,Oct,False,0.0
S01485,New_Visitor,Organic,Africa,Mobile,1,3.2,True,0,0,Tuesday,22,Mar,False,0.0
S01486,New_Visitor,Direct,Oceania,Desktop,8,36.4,False,3,0,Sunday,20,Jun,False,0.0
S01487,New_Visitor,Direct,Asia,Mobile,1,209.4,True,0,0,Thursday,9,Dec,False,0.0
S01488,Returning_Visitor,Direct,North America,Desktop,3,437.4,False,0,0,Thursday,22,Jul,False,0.0
S01489,New_Visitor,Social,Asia,Tablet,1,191.3,True,0,0,Monday,9,Oct,False,0.0
S01490,New_Visitor,Direct,North America,Desktop,11,1800.0,False,3,0,Wednesday,23,Feb,False,0.0
S01491,New_Visitor,Paid,Asia,Desktop,1,96.4,True,0,0,Tuesday,17,Nov,False,0.0
S01492,New_Visitor,Organic,South America,Mobile,3,58.1,False,2,1,Thursday,15,Aug,False,0.0
S01493,New_Visitor,Direct,Asia,Mobile,10,235.6,False,7,2,Thursday,11,Mar,False,0.0
S01494,New_Visitor,Social,Oceania,Desktop,1,30.9,True,0,0,Friday,8,Jun,False,0.0
S01495,Returning_Visitor,Direct,Asia,Desktop,3,276.7,False,2,1,Sunday,8,Feb,False,0.0
S01496,Returning_Visitor,Direct,Asia,Mobile,3,470.6,False,1,0,Thursday,20,Oct,False,0.0
S01497,Returning_Visitor,Organic,North America,Mobile,2,69.6,False,0,0,Tuesday,12,Oct,False,0.0
S01498,New_Visitor,Direct,Africa,Desktop,4,86.1,False,1,0,Wednesday,14,Jul,False,0.0
S01499,New_Visitor,Organic,North America,Mobile,3,50.1,False,0,0,Saturday,21,Jun,False,0.0
S01500,Returning_Visitor,Paid,Africa,Desktop,1,17.8,True,0,0,Monday,10,Jul,False,0.0
S01501,New_Visitor,Direct,Europe,Desktop,4,1.7,False,0,0,Friday,18,Jan,False,0.0
S01502,New_Visitor,Paid,North America,Tablet,2,32.0,False,1,0,Monday,13,May,False,0.0
S01503,New_Visitor,Referral,South America,Desktop,2,41.9,False,0,0,Tuesday,9,Feb,False,0.0
S01504,New_Visitor,Direct,North America,Desktop,10,896.6,False,4,0,Friday,20,Mar,False,0.0
S01505,New_Visitor,Direct,South America,Tablet,3,143.1,False,1,0,Thursday,16,Dec,False,0.0
S01506,New_Visitor,Social,North America,Mobile,5,120.6,False,0,0,Thursday,8,Apr,False,0.0
S01507,Returning_Visitor,Paid,Africa,Desktop,7,381.8,False,2,0,Friday,14,Jul,False,0.0
S01508,New_Visitor,Organic,Asia,Desktop,3,279.5,False,1,0,Tuesday,19,Nov,False,0.0
S01509,Returning_Visitor,Direct,Asia,Tablet,5,282.5,False,3,0,Tuesday,7,Jun,False,0.0
S01510,Returning_Visitor,Direct,Europe,Desktop,2,8.7,False,0,0,Friday,12,Jul,False,0.0
S01511,Returning_Visitor,Organic,North America,Mobile,1,16.5,True,0,0,Thursday,19,Mar,False,0.0
S01512,Returning_Visitor,Referral,South America,Mobile,4,80.8,False,0,0,Monday,20,Apr,False,0.0
S01513,Returning_Visitor,Paid,North America,Desktop,8,216.4,False,5,0,Friday,18,Jul,False,0.0
S01514,New_Visitor,Direct,Europe,Mobile,1,1.5,True,0,0,Friday,11,May,False,0.0
S01515,New_Visitor,Social,Asia,Mobile,5,409.1,False,3,0,Monday,14,Jan,False,0.0
S01516,New_Visitor,Referral,Europe,Desktop,1,38.1,True,0,0,Saturday,17,Jun,False,0.0
S01517,Returning_Visitor,Direct,North America,Mobile,2,272.3,False,1,0,Thursday,9,Nov,False,0.0
S01518,Returning_Visitor,Organic,North America,Desktop,4,175.0,False,0,0,Tuesday,15,Feb,False,95.53
S01519,New_Visitor,Social,North America,Mobile,2,532.4,False,1,0,Thursday,17,Jan,False,0.0
S01520,Returning_Visitor,Paid,Africa,Mobile,2,144.8,False,0,0,Friday,19,Feb,False,0.0
S01521,New_Visitor,Referral,North America,Mobile,1,130.8,True,0,0,Sunday,8,Sep,False,0.0
S01522,Returning_Visitor,Organic,Oceania,Desktop,,1800.0,False,6,3,Saturday,11,Nov,False,0.0
S01523,New_Visitor,Organic,North America,Mobile,3,114.9,False,0,0,Wednesday,14,Jan,True,0.0
S01524,New_Visitor,Organic,North America,Desktop,1,60.2,True,0,0,Monday,17,Nov,False,0.0
S01525,New_Visitor,Referral,Asia,Mobile,1,147.2,True,0,0,Saturday,17,Sep,False,0.0
S01526,New_Visitor,Social,North America,Mobile,1,51.4,True,0,0,Saturday,10,Jul,False,0.0
S01527,New_Visitor,Organic,Asia,Tablet,3,9.8,False,1,0,Tuesday,1,Apr,False,0.0
S01528,New_Visitor,Social,Africa,Mobile,5,358.2,False,1,0,Monday,17,May,False,0.0
S01529,Returning_Visitor,Referral,North America,Desktop,12,1800.0,False,5,0,Friday,21,Dec,True,0.0
S01530,New_Visitor,Referral,South America,Desktop,6,547.0,False,2,0,Saturday,18,Dec,False,0.0
S01531,New_Visitor,Paid,Europe,Desktop,3,282.0,False,1,0,Tuesday,15,Sep,False,0.0
S01532,Returning_Visitor,Organic,North America,Mobile,4,19.8,False,1,1,Friday,22,Aug,False,47.47
S01533,Returning_Visitor,Paid,North America,Desktop,3,240.7,False,1,1,Tuesday,12,Mar,False,0.0
S01534,New_Visitor,Organic,Africa,Tablet,2,3.9,False,1,0,Tuesday,14,Dec,False,0.0
S01535,New_Visitor,Direct,North America,Tablet,5,800.6,False,1,0,Wednesday,1,Oct,True,0.0
S01536,New_Visitor,Paid,Africa,Desktop,1,147.4,True,0,0,Thursday,22,Jun,False,0.0
S01537,New_Visitor,Paid,Europe,Mobile,2,471.1,False,1,0,Saturday,15,Nov,False,0.0
S01538,Returning_Visitor,Direct,North America,Mobile,12,260.1,False,2,0,Thursday,12,Mar,True,0.0
S01539,New_Visitor,Referral,Europe,Desktop,3,139.9,False,0,0,Wednesday,5,Mar,False,0.0
S01540,New_Visitor,Social,South America,Mobile,3,155.6,False,1,1,Sunday,11,Nov,False,22.74
S01541,Returning_Visitor,Social,Asia,Desktop,6,292.9,False,5,3,Monday,0,Aug,True,0.0
S01542,New_Visitor,Organic,Europe,Desktop,5,159.4,False,3,1,Saturday,11,Aug,False,30.54
S01543,Returning_Visitor,Social,Africa,Mobile,2,520.2,False,0,0,Saturday,22,Aug,False,0.0
S01544,New_Visitor,Direct,North America,Tablet,3,392.0,False,1,0,Tuesday,9,Feb,False,0.0
S01545,Returning_Visitor,Direct,Africa,Desktop,1,56.6,True,0,0,Tuesday,14,May,False,0.0
S01546,New_Visitor,Direct,South America,Mobile,1,62.6,True,0,0,Sunday,9,Aug,False,0.0
S01547,Returning_Visitor,Direct,Asia,Desktop,14,1052.2,False,5,2,Thursday,18,Apr,False,0.0
S01548,Returning_Visitor,Paid,South America,Tablet,5,277.7,False,2,0,Monday,14,Jul,False,0.0
S01549,New_Visitor,Direct,Europe,Tablet,9,663.9,False,3,1,Sunday,9,Aug,False,0.0
S01550,Returning_Visitor,Paid,Asia,Desktop,6,,False,1,1,Wednesday,20,Dec,False,0.0
S01551,Returning_Visitor,Organic,Asia,Tablet,2,457.3,False,1,0,Wednesday,18,Apr,False,0.0
S01552,Returning_Visitor,Social,Europe,Desktop,6,680.7,False,3,1,Friday,22,Jun,False,95.44
S01553,Returning_Visitor,Social,Asia,Desktop,5,41.6,False,3,0,Friday,0,Dec,False,0.0
S01554,Returning_Visitor,Referral,North America,Mobile,,47.4,True,0,0,Wednesday,13,Mar,False,0.0
S01555,New_Visitor,Referral,Europe,Desktop,3,179.9,False,1,1,Monday,23,Oct,False,0.0
S01556,New_Visitor,Referral,North America,Mobile,2,37.1,False,0,0,Thursday,19,Mar,False,0.0
S01557,Returning_Visitor,Paid,North America,Mobile,1,38.7,True,0,0,Friday,19,Nov,False,0.0
S01558,New_Visitor,Social,Europe,Desktop,1,161.9,True,0,0,Sunday,15,Jul,False,0.0
S01559,Returning_Visitor,Organic,Africa,Desktop,3,54.0,False,0,0,Thursday,17,Dec,False,0.0
S01560,Returning_Visitor,Social,Europe,Mobile,2,45.8,False,0,0,Friday,19,Mar,False,0.0
S01561,New_Visitor,Direct,Asia,Desktop,1,143.3,True,0,0,Monday,7,Sep,False,0.0
S01562,New_Visitor,Organic,North America,Desktop,4,23.8,False,1,1,Sunday,17,Sep,True,0.0
S01563,Returning_Visitor,Paid,Europe,Desktop,4,509.2,False,1,0,Wednesday,19,Oct,False,0.0
S01564,New_Visitor,Direct,North America,Mobile,1,21.7,True,0,0,Friday,5,Feb,False,0.0
S01565,Returning_Visitor,Social,North America,Tablet,10,414.0,False,2,0,Sunday,11,Apr,False,0.0
S01566,New_Visitor,Organic,Asia,Desktop,5,308.9,False,1,1,Saturday,11,May,False,79.37
S01567,Returning_Visitor,Organic,Asia,Desktop,5,311.9,False,1,0,Friday,20,May,False,0.0
S01568,New_Visitor,Direct,North America,Mobile,1,234.7,True,0,0,Friday,18,Sep,False,0.0
S01569,Returning_Visitor,Organic,Europe,Tablet,12,25.5,False,3,0,Sunday,16,Jan,False,0.0
S01570,New_Visitor,Social,Africa,Desktop,14,1022.1,False,4,0,Saturday,19,Oct,False,0.0
S01571,Returning_Visitor,Organic,North America,Tablet,3,336.3,False,0,0,Friday,13,Jul,False,0.0
S01572,New_Visitor,Direct,North America,Mobile,13,692.3,False,2,2,Friday,20,Mar,False,0.0
S01573,Returning_Visitor,Organic,Asia,Tablet,3,669.3,False,0,0,Monday,10,Apr,False,0.0
S01574,Returning_Visitor,Organic,North America,Desktop,1,32.4,True,0,0,Thursday,17,Feb,True,0.0
S01575,New_Visitor,Social,Oceania,Tablet,6,498.9,False,2,0,Wednesday,10,Jun,True,0.0
S01576,New_Visitor,Organic,Asia,Desktop,3,208.7,False,0,0,Thursday,5,Aug,False,0.0
S01577,New_Visitor,Referral,Europe,Tablet,2,3.8,False,1,1,Friday,10,Aug,False,0.0
S01578,Returning_Visitor,Paid,Europe,Mobile,1,48.3,True,0,0,Monday,13,Dec,True,0.0
S01579,Returning_Visitor,Referral,Asia,Mobile,3,54.4,False,1,0,Monday,19,Apr,False,0.0
S01580,New_Visitor,Social,North America,Mobile,4,180.6,False,2,1,Wednesday,14,Oct,False,0.0
S01581,New_Visitor,Organic,Oceania,Mobile,7,905.0,False,2,0,Wednesday,9,Oct,False,0.0
S01582,New_Visitor,Organic,Asia,Mobile,3,179.0,False,0,0,Wednesday,23,Jan,False,0.0
S01583,Returning_Visitor,Paid,North America,Desktop,2,108.1,False,0,0,Sunday,10,Dec,False,0.0
S01584,New_Visitor,Social,Asia,Mobile,4,267.9,False,2,0,Friday,23,Dec,False,0.0
S01585,Returning_Visitor,Referral,North America,Tablet,3,135.3,False,2,1,Wednesday,21,Jun,False,0.0
S01586,New_Visitor,Referral,North America,Desktop,4,142.5,False,0,0,Tuesday,14,Jun,False,0.0
S01587,Returning_Visitor,Direct,Asia,Mobile,3,84.4,False,2,0,Friday,7,Nov,False,0.0
S01588,New_Visitor,Organic,Asia,Tablet,12,867.0,False,5,2,Friday,17,Jul,False,0.0
S01589,New_Visitor,Social,Asia,Mobile,3,269.1,False,1,0,Thursday,19,Nov,False,0.0
S01590,Returning_Visitor,Referral,North America,Mobile,4,132.1,False,2,1,Tuesday,13,Jan,False,0.0
S01591,Returning_Visitor,Direct,Asia,Tablet,7,18.8,False,1,1,Monday,10,Apr,False,0.0
S01592,Returning_Visitor,Paid,North America,Mobile,8,376.0,False,3,0,Tuesday,19,Feb,False,0.0
S01593,New_Visitor,Direct,Asia,Mobile,,51.1,True,0,0,Thursday,14,Jun,False,0.0
S01594,New_Visitor,Organic,Asia,Tablet,2,78.2,False,0,0,Saturday,9,Nov,False,0.0
S01595,Returning_Visitor,Paid,Asia,Tablet,9,240.9,False,5,1,Saturday,22,Aug,False,106.04
S01596,Returning_Visitor,Social,Africa,Mobile,10,1357.5,False,3,1,Wednesday,22,Jul,False,0.0
S01597,New_Visitor,Direct,Africa,Desktop,1,39.4,True,0,0,Saturday,12,May,False,0.0
S01598,New_Visitor,Organic,Oceania,Desktop,2,192.5,False,0,0,Sunday,7,Jan,False,0.0
S01599,New_Visitor,Organic,Oceania,Mobile,1,60.9,True,0,0,Friday,16,Oct,False,0.0
S01600,Returning_Visitor,Referral,South America,Mobile,5,464.0,False,2,1,Saturday,11,Aug,False,44.85
S01601,New_Visitor,Direct,Oceania,Desktop,6,756.4,False,2,0,Sunday,7,Dec,False,0.0
S01602,New_Visitor,Social,Africa,Desktop,2,33.5,False,0,0,Wednesday,20,Jun,False,0.0
S01603,New_Visitor,Paid,Asia,Desktop,4,423.4,False,0,0,Monday,23,Jun,False,0.0
S01604,New_Visitor,Social,North America,Mobile,7,536.3,False,2,1,Sunday,11,Dec,False,0.0
S01605,New_Visitor,Direct,North America,Tablet,4,197.6,False,1,0,Thursday,18,Mar,False,0.0
S01606,New_Visitor,Social,South America,Tablet,1,47.2,True,0,0,Saturday,7,Apr,False,0.0
S01607,New_Visitor,Direct,Europe,Desktop,4,89.5,False,1,0,Saturday,12,Jul,True,0.0
S01608,Returning_Visitor,Organic,South America,Desktop,1,46.7,True,0,0,Wednesday,8,Jul,False,0.0
S01609,New_Visitor,Organic,Europe,Desktop,4,116.4,False,1,0,Thursday,6,Aug,False,0.0
S01610,New_Visitor,Direct,Europe,Desktop,2,263.6,False,1,0,Thursday,15,Mar,False,0.0
S01611,Returning_Visitor,Paid,Asia,Mobile,1,52.3,True,0,0,Tuesday,19,Dec,True,0.0
S01612,Returning_Visitor,Organic,Africa,Desktop,1,21.3,True,0,0,Monday,13,Oct,True,0.0
S01613,New_Visitor,Organic,North America,Desktop,2,18.7,False,0,0,Thursday,14,Apr,False,0.0
S01614,New_Visitor,Paid,Africa,Desktop,,1136.8,False,5,2,Monday,10,Apr,False,0.0
S01615,New_Visitor,Organic,South America,Desktop,1,65.6,True,0,0,Wednesday,17,Nov,False,0.0
S01616,Returning_Visitor,Social,Europe,Desktop,12,321.4,False,4,1,Tuesday,11,Jun,False,0.0
S01617,Returning_Visitor,Direct,Europe,Mobile,2,21.2,False,0,0,Friday,7,Aug,False,0.0
S01618,Returning_Visitor,Organic,North America,Desktop,10,755.6,False,1,0,Sunday,9,Feb,False,0.0
S01619,Returning_Visitor,Paid,North America,Mobile,10,189.2,False,3,0,Friday,8,Apr,False,0.0
S01620,Returning_Visitor,Organic,Europe,Desktop,1,118.8,True,0,0,Wednesday,12,Jun,False,0.0
S01621,New_Visitor,Referral,North America,Mobile,6,466.4,False,2,1,Sunday,7,Sep,False,34.98
S01622,New_Visitor,Organic,North America,Tablet,3,401.3,False,0,0,Monday,19,Apr,False,0.0
S01623,Returning_Visitor,Organic,South America,Mobile,,1001.5,False,2,1,Wednesday,21,Dec,False,0.0
S01624,Returning_Visitor,Organic,Asia,Mobile,5,125.1,False,3,0,Tuesday,10,Apr,False,0.0
S01625,New_Visitor,Organic,Asia,Tablet,1,42.1,True,0,0,Wednesday,13,Oct,False,0.0
S01626,Returning_Visitor,Organic,North America,Desktop,5,155.1,False,1,0,Tuesday,14,May,False,0.0
S01627,New_Visitor,Social,South America,Desktop,2,9.7,False,0,0,Tuesday,23,Nov,False,0.0
S01628,New_Visitor,Direct,Africa,Desktop,4,124.6,False,2,1,Tuesday,7,Dec,False,0.0
S01629,New_Visitor,Direct,Europe,Desktop,3,105.6,False,1,0,Thursday,16,Mar,False,0.0
S01630,New_Visitor,Direct,Africa,Mobile,4,45.7,False,0,0,Wednesday,11,Jul,False,0.0
S01631,Returning_Visitor,Paid,South America,Desktop,3,386.7,False,1,0,Friday,13,Mar,False,0.0
S01632,New_Visitor,Paid,Asia,Tablet,5,103.8,False,0,0,Thursday,10,Oct,False,0.0
S01633,Returning_Visitor,Social,Asia,Desktop,7,596.9,False,3,1,Tuesday,9,Nov,False,0.0
S01634,Returning_Visitor,Paid,North America,Tablet,2,9.5,False,0,0,Saturday,10,Jun,False,0.0
S01635,Returning_Visitor,Direct,North America,Tablet,2,3.7,False,1,0,Thursday,7,Jun,False,0.0
S01636,New_Visitor,Direct,North America,Tablet,1,324.0,True,0,0,Tuesday,10,Mar,False,0.0
S01637,New_Visitor,Referral,North America,Mobile,6,47.3,False,2,0,Tuesday,17,May,False,0.0
S01638,New_Visitor,Referral,North America,Desktop,11,958.2,False,6,1,Saturday,16,May,True,9.84
S01639,Returning_Visitor,Direct,Africa,Mobile,1,55.7,True,0,0,Friday,14,Mar,False,0.0
S01640,Returning_Visitor,Direct,North America,Desktop,,72.4,False,1,1,Thursday,0,May,False,0.0
S01641,New_Visitor,Paid,Oceania,Tablet,5,11.3,False,2,0,Wednesday,8,Dec,False,0.0
S01642,Returning_Visitor,Social,Asia,Desktop,4,95.6,False,1,0,Thursday,19,May,True,0.0
S01643,New_Visitor,Direct,North America,Desktop,6,829.3,False,2,0,Friday,10,Apr,False,0.0
S01644,Returning_Visitor,Social,Europe,Tablet,1,141.3,True,0,0,Sunday,21,Jun,False,0.0
S01645,New_Visitor,Organic,North America,Desktop,8,439.5,False,2,0,Thursday,20,Dec,True,0.0
S01646,Returning_Visitor,Organic,Oceania,Desktop,1,51.3,True,0,0,Tuesday,9,Oct,False,0.0
S01647,New_Visitor,Direct,South America,Desktop,2,66.5,False,0,0,Monday,20,Mar,False,0.0
S01648,Returning_Visitor,Direct,North America,Mobile,,89.7,True,0,0,Tuesday,15,Oct,False,0.0
S01649,Returning_Visitor,Organic,Oceania,Mobile,8,1029.7,False,3,1,Friday,16,Oct,False,0.0
S01650,Returning_Visitor,Social,Asia,Mobile,1,78.0,True,0,0,Tuesday,20,Dec,False,0.0
S01651,New_Visitor,Direct,North America,Tablet,2,89.4,False,1,1,Thursday,12,Dec,False,0.0
S01652,New_Visitor,Referral,Asia,Desktop,7,422.8,False,3,0,Friday,17,Feb,False,0.0
S01653,New_Visitor,Organic,Asia,Mobile,3,44.7,False,1,0,Wednesday,16,Jun,False,0.0
S01654,New_Visitor,Organic,North America,Mobile,7,1800.0,False,2,1,Friday,18,Oct,False,60.43
S01655,New_Visitor,Paid,South America,Mobile,4,659.2,False,2,1,Friday,16,Dec,False,125.67
S01656,Returning_Visitor,Referral,North America,Desktop,1,188.3,True,0,0,Thursday,7,Feb,False,0.0
S01657,Returning_Visitor,Paid,Europe,Desktop,2,21.9,False,0,0,Sunday,11,May,False,0.0
S01658,New_Visitor,Paid,North America,Desktop,1,63.5,True,0,0,Friday,21,Jul,False,0.0
S01659,New_Visitor,Direct,Oceania,Desktop,1,64.1,True,0,0,Wednesday,10,Jun,False,0.0
S01660,New_Visitor,Organic,South America,Desktop,2,52.6,False,1,0,Saturday,13,Jun,False,0.0
S01661,Returning_Visitor,Paid,North America,Desktop,8,961.8,False,2,1,Saturday,11,May,False,0.0
S01662,New_Visitor,Paid,Europe,Desktop,1,91.5,True,0,0,Saturday,7,Dec,False,0.0
S01663,Returning_Visitor,Referral,North America,Desktop,1,76.3,True,0,0,Friday,9,Nov,False,0.0
S01664,New_Visitor,Social,South America,Mobile,9,15.8,False,1,0,Wednesday,10,Oct,False,0.0
S01665,Returning_Visitor,Social,North America,Tablet,3,839.4,False,0,0,Wednesday,13,Jun,False,0.0
S01666,Returning_Visitor,Direct,South America,Desktop,3,228.1,False,1,1,Friday,20,Nov,False,0.0
S01667,New_Visitor,Referral,Oceania,Mobile,8,1674.3,False,3,0,Monday,14,Feb,False,0.0
S01668,Returning_Visitor,Social,Asia,Tablet,4,21.8,False,0,0,Saturday,16,Mar,False,0.0
S01669,New_Visitor,Referral,North America,Mobile,6,426.7,False,3,1,Wednesday,12,Dec,False,0.0
S01670,Returning_Visitor,Organic,Europe,Tablet,5,409.7,False,2,0,Friday,20,Aug,False,0.0
S01671,New_Visitor,Direct,Europe,Desktop,3,12.0,False,1,0,Thursday,16,Mar,False,0.0
S01672,Returning_Visitor,Organic,Asia,Tablet,4,16.0,False,2,2,Thursday,7,Dec,False,0.0
S01673,Returning_Visitor,Organic,Asia,Mobile,3,258.6,False,1,0,Saturday,13,Dec,False,0.0
S01674,Returning_Visitor,Paid,Asia,Desktop,2,191.7,False,0,0,Friday,19,Nov,False,0.0
S01675,Returning_Visitor,Organic,Europe,Tablet,2,289.2,False,1,0,Tuesday,17,Apr,False,0.0
S01676,New_Visitor,Organic,Africa,Tablet,1,88.7,True,0,0,Monday,21,Apr,False,0.0
S01677,New_Visitor,Direct,North America,Desktop,2,33.0,False,1,0,Saturday,10,Jun,False,0.0
S01678,New_Visitor,Referral,Europe,Tablet,,623.6,False,1,0,Sunday,22,Aug,False,0.0
S01679,New_Visitor,Direct,South America,Desktop,3,56.0,False,0,0,Tuesday,10,Dec,False,22.58
S01680,Returning_Visitor,Organic,North America,Mobile,4,311.8,False,0,0,Wednesday,6,Dec,False,0.0
S01681,New_Visitor,Organic,Asia,Desktop,7,316.6,False,3,1,Tuesday,13,Dec,False,0.0
S01682,Returning_Visitor,Organic,South America,Desktop,4,31.3,False,2,1,Sunday,8,Feb,False,102.64
S01683,Returning_Visitor,Direct,Asia,Mobile,1,157.1,True,0,0,Tuesday,16,Oct,False,0.0
S01684,Returning_Visitor,Organic,North America,Desktop,1,53.2,True,0,0,Tuesday,20,Nov,False,0.0
S01685,New_Visitor,Paid,North America,Desktop,1,5.8,True,0,0,Tuesday,21,May,False,0.0
S01686,Returning_Visitor,Direct,Europe,Desktop,8,232.1,False,5,2,Saturday,15,Mar,False,0.0
S01687,Returning_Visitor,Organic,North America,Desktop,3,260.7,False,1,0,Sunday,14,Oct,False,0.0
S01688,New_Visitor,Social,Oceania,Mobile,6,346.8,False,2,0,Wednesday,23,Feb,False,0.0
S01689,Returning_Visitor,Direct,Asia,Desktop,1,15.2,True,0,0,Monday,15,Dec,False,0.0
S01690,Returning_Visitor,Referral,North America,Mobile,4,202.2,False,2,1,Friday,21,Mar,False,0.0
S01691,New_Visitor,Organic,Africa,Desktop,4,88.7,False,0,0,Tuesday,21,Jun,False,0.0
S01692,New_Visitor,Referral,Asia,Desktop,5,224.8,False,2,0,Monday,10,Dec,False,0.0
S01693,New_Visitor,Social,North America,Desktop,3,68.9,False,0,0,Sunday,1,Dec,False,0.0
S01694,New_Visitor,Paid,Europe,Mobile,5,205.7,False,3,1,Sunday,13,Oct,False,0.0
S01695,New_Visitor,Organic,North America,Desktop,,996.9,False,4,1,Sunday,20,Nov,False,0.0
S01696,New_Visitor,Direct,Oceania,Mobile,10,143.0,False,3,1,Thursday,19,Dec,False,24.3
S01697,New_Visitor,Direct,Europe,Desktop,1,0.1,True,0,0,Wednesday,15,Dec,False,0.0
S01698,New_Visitor,Paid,Africa,Tablet,3,30.3,False,1,0,Saturday,9,Sep,False,0.0
S01699,Returning_Visitor,Paid,Europe,Desktop,1,,True,0,0,Tuesday,8,Oct,False,0.0
S01700,New_Visitor,Organic,Africa,Mobile,8,257.4,False,4,1,Tuesday,22,Aug,False,62.24
S01701,Returning_Visitor,Organic,North America,Desktop,10,807.7,False,3,0,Tuesday,12,Jul,False,0.0
S01702,New_Visitor,Direct,Oceania,Desktop,3,5.6,False,1,1,Sunday,16,Nov,False,0.0
S01703,New_Visitor,Organic,Africa,Desktop,10,94.9,False,3,1,Saturday,21,Oct,False,46.42
S01704,New_Visitor,Direct,Europe,Desktop,5,252.5,False,3,1,Monday,20,Nov,False,0.0
S01705,New_Visitor,Organic,South America,Mobile,4,305.8,False,3,0,Monday,14,Feb,False,0.0
S01706,New_Visitor,Referral,South America,Tablet,3,279.1,False,0,0,Saturday,13,Aug,False,0.0
S01707,Returning_Visitor,Paid,Africa,Desktop,2,123.6,False,0,0,Saturday,17,May,False,0.0
S01708,New_Visitor,Paid,Europe,Mobile,10,848.0,False,4,1,Friday,11,Jul,False,0.0
S01709,Returning_Visitor,Direct,Europe,Desktop,1,10.9,True,0,0,Tuesday,15,Aug,False,0.0
S01710,Returning_Visitor,Referral,Africa,Desktop,5,322.0,False,3,1,Thursday,2,Nov,False,21.96
S01711,New_Visitor,Paid,South America,Desktop,2,66.5,False,1,0,Friday,19,Jan,False,0.0
S01712,New_Visitor,Organic,Europe,Tablet,5,739.1,False,1,0,Sunday,23,Mar,False,0.0
S01713,Returning_Visitor,Referral,South America,Desktop,1,57.3,True,0,0,Tuesday,22,Dec,False,0.0
S01714,New_Visitor,Direct,North America,Mobile,2,93.6,False,0,0,Thursday,11,Dec,False,0.0
S01715,New_Visitor,Organic,South America,Desktop,9,466.2,False,3,0,Tuesday,14,Jan,False,0.0
S01716,Returning_Visitor,Direct,North America,Desktop,3,320.4,False,0,0,Thursday,10,May,False,0.0
S01717,New_Visitor,Organic,North America,Desktop,3,2.0,False,1,1,Tuesday,11,Jan,True,0.0
S01718,Returning_Visitor,Referral,Europe,Desktop,5,590.4,False,2,0,Saturday,13,Oct,False,0.0
S01719,Returning_Visitor,Organic,Europe,Desktop,2,3.6,False,0,0,Tuesday,18,Sep,False,0.0
S01720,New_Visitor,Direct,Europe,Desktop,3,157.3,False,1,0,Wednesday,1,Aug,False,0.0
S01721,New_Visitor,Organic,Europe,Desktop,3,125.7,False,1,0,Wednesday,12,Sep,False,0.0
S01722,New_Visitor,Paid,Europe,Mobile,14,388.6,False,4,1,Sunday,14,Jul,False,0.0
S01723,New_Visitor,Direct,North America,Desktop,5,41.3,False,0,0,Saturday,10,Apr,False,0.0
S01724,New_Visitor,Referral,South America,Mobile,1,7.9,True,0,0,Monday,7,Oct,False,0.0
S01725,Returning_Visitor,Referral,Europe,Desktop,5,406.6,False,3,1,Monday,14,Oct,False,0.0
S01726,New_Visitor,Direct,Europe,Tablet,3,21.7,False,2,1,Thursday,16,Nov,False,0.0
S01727,New_Visitor,Organic,Asia,Desktop,1,69.7,True,0,0,Wednesday,16,Dec,False,0.0
S01728,Returning_Visitor,Social,Africa,Desktop,6,1669.1,False,1,1,Tuesday,11,Oct,False,0.0
S01729,Returning_Visitor,Organic,Asia,Tablet,1,68.7,True,0,0,Saturday,10,Jan,False,0.0
S01730,Returning_Visitor,Organic,North America,Desktop,2,9.4,False,0,0,Monday,10,Jan,False,0.0
S01731,New_Visitor,Social,South America,Mobile,1,46.9,True,0,0,Sunday,5,Oct,False,0.0
S01732,Returning_Visitor,Organic,Oceania,Mobile,12,1294.9,False,6,2,Monday,9,Jan,False,24.73
S01733,New_Visitor,Direct,Europe,Desktop,5,927.7,False,2,0,Monday,19,May,False,0.0
S01734,New_Visitor,Direct,Oceania,Tablet,1,78.0,True,0,0,Wednesday,0,Feb,False,0.0
S01735,New_Visitor,Direct,Europe,Mobile,3,66.7,False,0,0,Thursday,5,Dec,False,0.0
S01736,Returning_Visitor,Social,Europe,Mobile,2,34.7,False,0,0,Tuesday,8,May,False,0.0
S01737,New_Visitor,Referral,Europe,Tablet,1,91.9,True,0,0,Saturday,12,Jan,False,0.0
S01738,New_Visitor,Referral,Asia,Mobile,8,685.6,False,2,0,Wednesday,11,Dec,False,0.0
S01739,New_Visitor,Social,North America,Desktop,6,239.9,False,2,1,Monday,9,Aug,False,0.0
S01740,New_Visitor,Organic,North America,Mobile,14,76.3,False,7,3,Sunday,8,Jan,True,0.0
S01741,Returning_Visitor,Direct,North America,Desktop,1,66.9,True,0,0,Sunday,21,Nov,False,0.0
S01742,Returning_Visitor,Direct,North America,Desktop,4,214.2,False,1,1,Friday,21,Mar,False,0.0
S01743,Returning_Visitor,Direct,Europe,Mobile,1,0.7,True,0,0,Saturday,18,Nov,False,0.0
S01744,New_Visitor,Paid,Asia,Tablet,2,123.4,False,1,1,Monday,10,Aug,False,0.0
S01745,New_Visitor,Social,North America,Desktop,6,51.1,False,1,0,Tuesday,11,Mar,False,0.0
S01746,New_Visitor,Organic,Oceania,Mobile,1,104.9,True,0,0,Wednesday,16,Oct,False,0.0
S01747,New_Visitor,Organic,North America,Desktop,2,134.3,False,0,0,Sunday,11,Jun,False,0.0
S01748,New_Visitor,Organic,Europe,Desktop,2,6.4,False,0,0,Thursday,14,Sep,False,0.0
S01749,Returning_Visitor,Organic,North America,Mobile,4,182.1,False,3,0,Monday,16,Nov,False,0.0
S01750,New_Visitor,Organic,North America,Tablet,1,98.2,True,0,0,Wednesday,14,Apr,True,0.0
S01751,New_Visitor,Direct,North America,Desktop,1,106.3,True,0,0,Monday,12,May,False,0.0
S01752,New_Visitor,Paid,Asia,Desktop,4,21.4,False,0,0,Tuesday,11,Dec,False,0.0
S01753,New_Visitor,Social,South America,Desktop,4,19.7,False,1,0,Thursday,18,Jul,False,0.0
S01754,New_Visitor,Organic,North America,Mobile,5,447.5,False,2,0,Wednesday,17,Aug,False,0.0
S01755,Returning_Visitor,Direct,Europe,Desktop,1,15.9,True,0,0,Monday,17,Apr,False,0.0
S01756,Returning_Visitor,Direct,North America,Desktop,1,54.1,True,0,0,Monday,12,Jun,False,0.0
S01757,Returning_Visitor,Social,South America,Mobile,7,394.2,False,2,0,Thursday,18,Jul,False,0.0
S01758,New_Visitor,Social,South America,Desktop,1,59.6,True,0,0,Friday,22,Apr,False,0.0
S01759,New_Visitor,Paid,North America,Desktop,2,49.5,False,0,0,Wednesday,17,Apr,False,0.0
S01760,New_Visitor,Direct,Europe,Tablet,2,4.9,False,1,1,Saturday,12,Aug,False,0.0
S01761,New_Visitor,Referral,Oceania,Tablet,1,46.3,True,0,0,Tuesday,18,Mar,False,0.0
S01762,Returning_Visitor,Organic,Europe,Tablet,3,130.3,False,1,0,Monday,15,Aug,False,0.0
S01763,New_Visitor,Referral,Europe,Desktop,8,272.5,False,3,0,Saturday,20,Oct,False,0.0
S01764,New_Visitor,Organic,Europe,Tablet,1,19.7,True,0,0,Wednesday,17,Mar,False,0.0
S01765,New_Visitor,Direct,Asia,Mobile,3,333.3,False,1,0,Thursday,18,Oct,False,20.0
S01766,New_Visitor,Referral,Oceania,Desktop,2,55.5,False,0,0,Sunday,16,May,False,0.0
S01767,Returning_Visitor,Organic,Oceania,Mobile,12,97.6,False,5,0,Wednesday,7,Dec,False,0.0
S01768,New_Visitor,Organic,South America,Desktop,1,85.2,True,0,0,Monday,13,Dec,False,0.0
S01769,New_Visitor,Organic,Europe,Mobile,1,60.7,True,0,0,Sunday,6,Nov,False,0.0
S01770,New_Visitor,Organic,Europe,Mobile,1,22.2,True,0,0,Monday,13,May,False,0.0
S01771,New_Visitor,Organic,Europe,Mobile,2,19.7,False,0,0,Friday,17,Dec,False,0.0
S01772,Returning_Visitor,Organic,Oceania,Desktop,3,104.3,False,1,0,Wednesday,12,Dec,True,0.0
S01773,Returning_Visitor,Organic,Asia,Mobile,4,16.4,False,0,0,Thursday,0,Jul,False,0.0
S01774,Returning_Visitor,Organic,Europe,Desktop,3,45.4,False,1,0,Thursday,12,Aug,False,0.0
S01775,Returning_Visitor,Paid,North America,Tablet,8,1595.2,False,3,0,Wednesday,7,Jan,False,0.0
S01776,New_Visitor,Direct,Europe,Mobile,2,19.6,False,0,0,Saturday,18,Jan,False,0.0
S01777,Returning_Visitor,Organic,Oceania,Desktop,4,77.2,False,0,0,Sunday,18,Jul,False,0.0
S01778,New_Visitor,Direct,Europe,Desktop,1,9.0,True,0,0,Monday,19,Aug,False,0.0
S01779,New_Visitor,Paid,North America,Mobile,4,583.3,False,1,0,Saturday,3,May,False,0.0
S01780,Returning_Visitor,Referral,North America,Mobile,,1242.3,False,3,0,Monday,4,Feb,False,0.0
S01781,New_Visitor,Organic,Europe,Mobile,12,44.1,False,5,1,Monday,21,Oct,True,0.0
S01782,Returning_Visitor,Referral,Africa,Desktop,4,548.4,False,1,0,Sunday,8,Jun,False,0.0
S01783,New_Visitor,Social,Oceania,Mobile,9,82.9,False,4,1,Thursday,16,Sep,False,0.0
S01784,Returning_Visitor,Social,Oceania,Desktop,4,121.5,False,1,0,Tuesday,18,Sep,False,0.0
S01785,Returning_Visitor,Referral,Asia,Mobile,10,529.6,False,4,1,Thursday,13,Aug,False,0.0
S01786,Returning_Visitor,Paid,Asia,Tablet,7,260.7,False,4,1,Tuesday,14,Mar,False,0.0
S01787,Returning_Visitor,Paid,Asia,Mobile,1,8.8,True,0,0,Thursday,10,Aug,False,0.0
S01788,Returning_Visitor,Referral,Europe,Desktop,2,188.2,False,1,0,Friday,21,May,False,0.0
S01789,New_Visitor,Direct,Asia,Tablet,2,139.5,False,0,0,Sunday,11,Nov,False,0.0
S01790,New_Visitor,Referral,Europe,Desktop,1,170.0,True,0,0,Monday,10,Mar,False,0.0
S01791,New_Visitor,Social,Asia,Mobile,2,52.2,False,0,0,Tuesday,14,Apr,False,0.0
S01792,Returning_Visitor,Organic,North America,Mobile,1,33.8,True,0,0,Monday,9,Jun,False,0.0
S01793,New_Visitor,Paid,North America,Desktop,1,25.8,True,0,0,Monday,16,Oct,False,0.0
S01794,Returning_Visitor,Organic,South America,Desktop,2,7.8,False,0,0,Sunday,14,Oct,False,0.0
S01795,New_Visitor,Direct,Africa,Desktop,1,3.4,True,0,0,Sunday,8,May,False,0.0
S01796,New_Visitor,Paid,Europe,Tablet,9,773.6,False,4,1,Saturday,7,Jul,False,0.0
S01797,Returning_Visitor,Organic,North America,Tablet,6,120.7,False,2,0,Friday,8,Apr,False,0.0
S01798,New_Visitor,Direct,Africa,Mobile,10,400.6,False,3,0,Saturday,8,Oct,False,0.0
S01799,New_Visitor,Organic,Asia,Desktop,7,1622.0,False,2,1,Monday,11,Mar,False,0.0
S01800,New_Visitor,Direct,Europe,Tablet,4,4.3,False,2,1,Monday,19,Nov,False,0.0
S01801,Returning_Visitor,Organic,Asia,Mobile,3,131.2,False,2,0,Wednesday,6,Dec,False,0.0
S01802,Returning_Visitor,Direct,Europe,Desktop,1,43.8,True,0,0,Saturday,8,Dec,False,0.0
S01803,New_Visitor,Direct,Europe,Desktop,1,392.2,True,0,0,Thursday,11,Nov,False,0.0
S01804,New_Visitor,Paid,Africa,Desktop,4,431.5,False,2,0,Thursday,14,Apr,False,0.0
S01805,New_Visitor,Paid,North America,Mobile,2,8.3,False,0,0,Tuesday,18,Jun,False,0.0
S01806,Returning_Visitor,Organic,North America,Mobile,2,20.5,False,0,0,Friday,21,Feb,False,0.0
S01807,Returning_Visitor,Social,North America,Mobile,1,2.1,True,0,0,Sunday,12,Mar,False,0.0
S01808,New_Visitor,Organic,Europe,Tablet,1,13.2,True,0,0,Wednesday,8,Jan,False,0.0
S01809,New_Visitor,Organic,North America,Desktop,1,14.3,True,0,0,Friday,9,Sep,False,0.0
S01810,New_Visitor,Organic,North America,Mobile,6,33.9,False,2,0,Wednesday,10,Jul,False,0.0
S01811,Returning_Visitor,Paid,North America,Desktop,4,179.8,False,0,0,Saturday,18,Dec,False,0.0
S01812,Returning_Visitor,Paid,North America,Mobile,2,442.7,False,1,0,Thursday,16,Jul,False,0.0
S01813,New_Visitor,Organic,Europe,Desktop,1,97.7,True,0,0,Wednesday,9,Sep,False,0.0
S01814,New_Visitor,Organic,North America,Desktop,1,13.6,True,0,0,Wednesday,19,Jun,False,0.0
S01815,New_Visitor,Organic,Asia,Mobile,2,,False,0,0,Monday,20,Nov,False,0.0
S01816,Returning_Visitor,Direct,Asia,Desktop,1,241.9,True,0,0,Sunday,20,Dec,False,0.0
S01817,New_Visitor,Referral,North America,Mobile,5,541.0,False,3,1,Sunday,10,Jun,False,0.0
S01818,Returning_Visitor,Organic,Asia,Tablet,5,189.7,False,2,1,Thursday,8,Feb,False,14.42
S01819,Returning_Visitor,Social,Oceania,Mobile,,18.8,True,0,0,Tuesday,8,Mar,False,0.0
S01820,New_Visitor,Direct,Oceania,Desktop,4,330.7,False,2,1,Friday,12,Oct,False,0.0
S01821,New_Visitor,Paid,North America,Desktop,3,277.9,False,1,1,Thursday,12,May,False,0.0
S01822,New_Visitor,Referral,South America,Mobile,10,211.3,False,5,0,Tuesday,20,Oct,False,0.0
S01823,Returning_Visitor,Direct,Europe,Desktop,5,76.2,False,1,0,Monday,10,Oct,False,0.0
S01824,Returning_Visitor,Social,North America,Mobile,3,200.7,False,2,1,Sunday,15,Sep,False,0.0
S01825,Returning_Visitor,Social,North America,Mobile,3,394.8,False,1,0,Saturday,18,Nov,False,0.0
S01826,New_Visitor,Organic,Europe,Mobile,1,1.3,True,0,0,Saturday,10,Oct,False,0.0
S01827,New_Visitor,Direct,Europe,Mobile,7,1800.0,False,2,0,Thursday,10,Sep,False,41.81
S01828,Returning_Visitor,Paid,Asia,Desktop,3,38.3,False,1,1,Saturday,16,Jan,False,0.0
S01829,Returning_Visitor,Organic,Asia,Mobile,3,77.4,False,1,0,Friday,17,Jul,False,0.0
S01830,New_Visitor,Organic,North America,Mobile,3,,False,1,0,Wednesday,22,Aug,False,0.0
S01831,Returning_Visitor,Direct,Europe,Desktop,1,3.4,True,0,0,Saturday,19,Dec,False,0.0
S01832,Returning_Visitor,Social,Europe,Desktop,6,114.7,False,1,0,Sunday,19,Sep,False,0.0
S01833,Returning_Visitor,Social,Europe,Mobile,6,299.7,False,0,0,Sunday,17,Aug,False,0.0
S01834,Returning_Visitor,Paid,Oceania,Mobile,2,277.6,False,1,0,Saturday,8,Aug,False,0.0
S01835,Returning_Visitor,Direct,South America,Mobile,2,8.7,False,1,0,Saturday,19,Feb,False,0.0
S01836,Returning_Visitor,Organic,Oceania,Mobile,1,47.4,True,0,0,Friday,21,Jun,False,0.0
S01837,New_Visitor,Referral,Asia,Mobile,1,32.3,True,0,0,Saturday,12,Feb,False,0.0
S01838,New_Visitor,Social,Europe,Tablet,2,544.1,False,0,0,Thursday,11,Jan,False,0.0
S01839,Returning_Visitor,Organic,Europe,Mobile,7,87.0,False,1,0,Tuesday,14,May,False,0.0
S01840,New_Visitor,Organic,Europe,Desktop,3,83.0,False,1,0,Saturday,22,Sep,False,0.0
S01841,New_Visitor,Organic,Europe,Desktop,3,6.1,False,0,0,Sunday,6,Nov,False,0.0
S01842,New_Visitor,Referral,South America,Mobile,9,1326.3,False,2,0,Wednesday,17,Nov,False,0.0
S01843,New_Visitor,Paid,Europe,Tablet,5,292.2,False,2,1,Saturday,19,Apr,False,0.0
S01844,Returning_Visitor,Referral,North America,Desktop,1,53.2,True,0,0,Tuesday,18,Jan,False,0.0
S01845,Returning_Visitor,Paid,South America,Mobile,1,3.0,True,0,0,Sunday,14,Jun,False,0.0
S01846,New_Visitor,Organic,Africa,Desktop,1,6.3,True,0,0,Friday,21,May,False,0.0
S01847,New_Visitor,Paid,Europe,Desktop,2,187.4,False,1,1,Thursday,8,May,False,0.0
S01848,New_Visitor,Social,Asia,Mobile,6,287.0,False,2,1,Saturday,10,Aug,False,20.13
S01849,Returning_Visitor,Direct,North America,Desktop,5,66.6,False,2,1,Saturday,11,Jan,False,0.0
S01850,Returning_Visitor,Paid,Europe,Mobile,1,47.9,True,0,0,Sunday,0,May,False,0.0
S01851,New_Visitor,Organic,North America,Tablet,3,620.2,False,2,2,Sunday,12,Aug,False,0.0
S01852,Returning_Visitor,Paid,North America,Tablet,1,6.6,True,0,0,Monday,9,Jun,False,0.0
S01853,Returning_Visitor,Paid,Asia,Desktop,1,210.8,True,0,0,Monday,17,Sep,False,0.0
S01854,Returning_Visitor,Social,Europe,Mobile,1,89.5,True,0,0,Saturday,12,Mar,False,0.0
S01855,Returning_Visitor,Referral,Asia,Tablet,8,74.8,False,4,0,Sunday,17,Mar,False,0.0
S01856,New_Visitor,Organic,Africa,Desktop,2,202.3,False,0,0,Wednesday,11,May,True,0.0
S01857,Returning_Visitor,Direct,North America,Desktop,8,654.1,False,2,1,Monday,8,Feb,False,0.0
S01858,New_Visitor,Direct,Asia,Tablet,5,255.9,False,1,0,Wednesday,8,Apr,False,0.0
S01859,Returning_Visitor,Social,Europe,Desktop,5,446.6,False,2,1,Wednesday,9,Feb,False,0.0
S01860,Returning_Visitor,Social,North America,Tablet,5,45.7,False,2,0,Saturday,8,Jun,False,0.0
S01861,Returning_Visitor,Paid,Asia,Mobile,1,76.7,True,0,0,Monday,10,Oct,True,0.0
S01862,Returning_Visitor,Organic,Asia,Desktop,6,368.7,False,1,0,Tuesday,15,Apr,False,0.0
S01863,New_Visitor,Social,Europe,Desktop,1,20.1,True,0,0,Sunday,10,Jan,True,0.0
S01864,New_Visitor,Paid,Africa,Desktop,13,914.5,False,4,0,Tuesday,11,Aug,False,0.0
S01865,Returning_Visitor,Social,Europe,Desktop,6,408.9,False,1,0,Saturday,6,Sep,False,0.0
S01866,Returning_Visitor,Organic,Oceania,Mobile,18,295.0,False,3,2,Wednesday,20,Jun,False,44.19
S01867,New_Visitor,Organic,Europe,Mobile,9,86.3,False,4,1,Friday,8,Apr,False,0.0
S01868,New_Visitor,Organic,North America,Mobile,2,54.0,False,1,0,Monday,11,Jul,False,0.0
S01869,New_Visitor,Referral,Europe,Desktop,9,275.1,False,2,0,Tuesday,12,Feb,False,0.0
S01870,Returning_Visitor,Referral,North America,Mobile,2,208.6,False,1,1,Wednesday,18,Sep,False,0.0
S01871,Returning_Visitor,Paid,Asia,Mobile,4,137.5,False,1,1,Saturday,13,Oct,False,0.0
S01872,New_Visitor,Direct,Asia,Mobile,6,480.3,False,3,0,Thursday,12,Oct,False,90.87
S01873,New_Visitor,Direct,Europe,Mobile,2,74.5,False,0,0,Monday,17,May,True,0.0
S01874,Returning_Visitor,Referral,North America,Desktop,1,4.2,True,0,0,Saturday,15,Nov,False,0.0
S01875,Returning_Visitor,Social,Europe,Desktop,7,444.2,False,1,0,Monday,7,Dec,False,0.0
S01876,New_Visitor,Paid,North America,Tablet,1,135.4,True,0,0,Sunday,11,Apr,False,0.0
S01877,Returning_Visitor,Social,Asia,Mobile,2,87.7,False,0,0,Tuesday,23,Apr,False,0.0
S01878,New_Visitor,Direct,South America,Desktop,3,218.0,False,2,1,Thursday,13,Oct,False,0.0
S01879,New_Visitor,Referral,Oceania,Mobile,5,452.7,False,1,1,Monday,12,Oct,False,0.0
S01880,Returning_Visitor,Paid,North America,Desktop,7,264.6,False,4,1,Thursday,9,Jul,False,0.0
S01881,Returning_Visitor,Direct,Europe,Desktop,3,51.7,False,0,0,Thursday,19,Dec,False,0.0
S01882,Returning_Visitor,Organic,Asia,Mobile,3,354.0,False,0,0,Wednesday,8,Mar,False,0.0
S01883,Returning_Visitor,Organic,Africa,Desktop,6,635.1,False,4,1,Monday,8,Jul,False,0.0
S01884,Returning_Visitor,Organic,Asia,Tablet,2,235.5,False,0,0,Sunday,13,Jan,False,0.0
S01885,New_Visitor,Social,North America,Tablet,3,314.5,False,1,0,Saturday,12,Jan,False,0.0
S01886,New_Visitor,Organic,Europe,Mobile,1,8.6,True,0,0,Friday,23,Jan,False,0.0
S01887,New_Visitor,Organic,Asia,Desktop,10,321.4,False,5,1,Friday,8,Jul,False,35.08
S01888,New_Visitor,Organic,Asia,Desktop,3,38.3,False,0,0,Friday,13,Aug,False,0.0
S01889,Returning_Visitor,Referral,Africa,Desktop,4,40.5,False,1,0,Monday,9,Jan,False,0.0
S01890,Returning_Visitor,Direct,North America,Mobile,1,91.3,True,0,0,Sunday,17,Sep,False,0.0
S01891,New_Visitor,Referral,Oceania,Desktop,4,157.6,False,0,0,Tuesday,12,Jul,False,0.0
S01892,New_Visitor,Organic,North America,Mobile,2,11.4,False,0,0,Friday,16,Apr,False,0.0
S01893,Returning_Visitor,Organic,Oceania,Desktop,1,31.3,True,0,0,Friday,11,Jan,False,0.0
S01894,New_Visitor,Direct,Africa,Tablet,6,1800.0,False,3,3,Friday,14,Mar,False,0.0
S01895,Returning_Visitor,Direct,Asia,Tablet,6,86.0,False,1,0,Sunday,13,Aug,False,0.0
S01896,Returning_Visitor,Organic,Asia,Mobile,1,30.4,True,0,0,Wednesday,12,Sep,False,0.0
S01897,Returning_Visitor,Organic,North America,Mobile,2,,False,0,0,Saturday,14,Sep,True,0.0
S01898,New_Visitor,Paid,North America,Desktop,1,13.4,True,0,0,Friday,12,Mar,False,0.0
S01899,New_Visitor,Referral,North America,Desktop,3,618.2,False,0,0,Monday,19,Dec,False,0.0
S01900,Returning_Visitor,Organic,North America,Tablet,3,181.4,False,1,0,Wednesday,13,Jun,False,0.0
S01901,Returning_Visitor,Organic,Europe,Mobile,4,62.5,False,3,3,Saturday,21,Oct,False,0.0
S01902,New_Visitor,Paid,North America,Desktop,1,35.5,True,0,0,Wednesday,10,Mar,False,0.0
S01903,Returning_Visitor,Referral,Africa,Mobile,1,26.9,True,0,0,Thursday,8,Jul,False,0.0
S01904,New_Visitor,Direct,Europe,Tablet,4,,False,1,0,Thursday,12,Jul,False,0.0
S01905,Returning_Visitor,Social,Asia,Desktop,12,241.1,False,2,1,Friday,9,Oct,False,0.0
S01906,New_Visitor,Social,Asia,Desktop,9,435.7,False,2,2,Sunday,12,Sep,False,0.0
S01907,Returning_Visitor,Social,Europe,Tablet,5,27.7,False,2,1,Tuesday,9,Jun,False,0.0
S01908,New_Visitor,Direct,North America,Mobile,1,3.0,True,0,0,Thursday,20,Apr,False,0.0
S01909,New_Visitor,Direct,Europe,Desktop,1,46.8,True,0,0,Wednesday,14,Dec,False,0.0
S01910,New_Visitor,Organic,South America,Desktop,4,136.6,False,2,2,Wednesday,13,Apr,False,0.0
S01911,New_Visitor,Paid,Asia,Tablet,2,,False,0,0,Sunday,18,Feb,False,0.0
S01912,Returning_Visitor,Referral,North America,Mobile,2,149.7,False,0,0,Monday,8,May,False,0.0
S01913,Returning_Visitor,Organic,South America,Desktop,10,55.2,False,6,1,Monday,20,May,False,0.0
S01914,New_Visitor,Paid,North America,Desktop,1,18.9,True,0,0,Saturday,13,Feb,False,0.0
S01915,New_Visitor,Paid,Asia,Desktop,6,38.4,False,4,0,Tuesday,8,Oct,True,0.0
S01916,Returning_Visitor,Paid,Europe,Desktop,1,78.0,True,0,0,Saturday,19,Aug,False,0.0
S01917,Returning_Visitor,Paid,Asia,Desktop,2,120.2,False,0,0,Saturday,13,May,False,0.0
S01918,Returning_Visitor,Paid,Africa,Desktop,3,37.6,False,1,1,Tuesday,15,Dec,False,0.0
S01919,New_Visitor,Organic,South America,Desktop,2,97.8,False,1,0,Tuesday,20,Sep,False,23.21
S01920,New_Visitor,Social,Europe,Tablet,10,715.4,False,4,2,Monday,20,Oct,False,71.47
S01921,Returning_Visitor,Social,North America,Desktop,3,6.3,False,1,0,Tuesday,20,Aug,True,0.0
S01922,New_Visitor,Organic,South America,Desktop,4,261.2,False,2,1,Tuesday,12,Aug,False,20.12
S01923,Returning_Visitor,Organic,Europe,Desktop,4,89.6,False,2,0,Sunday,18,Jan,False,0.0
S01924,New_Visitor,Paid,North America,Mobile,6,52.3,False,1,0,Saturday,10,Oct,False,0.0
S01925,Returning_Visitor,Organic,Asia,Desktop,6,619.6,False,0,0,Monday,19,Dec,True,0.0
S01926,New_Visitor,Paid,North America,Mobile,2,111.8,False,1,1,Sunday,11,Feb,False,41.46
S01927,Returning_Visitor,Organic,North America,Mobile,6,284.7,False,0,0,Monday,13,Nov,True,0.0
S01928,New_Visitor,Organic,Africa,Tablet,4,434.6,False,0,0,Friday,20,Jul,False,0.0
S01929,Returning_Visitor,Direct,Europe,Mobile,4,73.9,False,1,0,Tuesday,19,Apr,False,0.0
S01930,New_Visitor,Organic,North America,Desktop,1,0.9,True,0,0,Monday,22,Dec,False,0.0
S01931,Returning_Visitor,Referral,Asia,Desktop,1,178.2,True,0,0,Saturday,11,Jan,False,0.0
S01932,Returning_Visitor,Referral,Africa,Mobile,4,73.2,False,0,0,Thursday,9,Apr,False,0.0
S01933,Returning_Visitor,Organic,North America,Desktop,1,60.2,True,0,0,Friday,21,Nov,True,0.0
S01934,Returning_Visitor,Organic,Asia,Desktop,3,679.3,False,2,0,Wednesday,13,Jul,False,0.0
S01935,Returning_Visitor,Direct,South America,Tablet,3,47.9,False,0,0,Monday,20,Aug,False,0.0
S01936,Returning_Visitor,Organic,North America,Mobile,1,295.4,True,0,0,Saturday,17,Oct,False,0.0
S01937,New_Visitor,Social,Europe,Mobile,3,139.3,False,1,1,Saturday,20,Mar,False,0.0
S01938,Returning_Visitor,Direct,North America,Tablet,3,574.8,False,0,0,Monday,16,Mar,False,0.0
S01939,New_Visitor,Organic,Asia,Mobile,1,5.4,True,0,0,Wednesday,19,Dec,False,0.0
S01940,New_Visitor,Direct,South America,Mobile,2,90.9,False,0,0,Thursday,8,Apr,False,0.0
S01941,New_Visitor,Organic,North America,Desktop,2,346.7,False,1,1,Friday,22,Jul,False,0.0
S01942,New_Visitor,Organic,South America,Tablet,3,30.4,False,2,1,Friday,9,Apr,False,2.91
S01943,Returning_Visitor,Organic,South America,Desktop,5,96.6,False,2,0,Friday,2,Nov,False,0.0
S01944,Returning_Visitor,Paid,Europe,Mobile,1,14.3,True,0,0,Sunday,14,Dec,False,0.0
S01945,Returning_Visitor,Paid,Asia,Desktop,1,201.9,True,0,0,Wednesday,17,Mar,False,0.0
S01946,New_Visitor,Social,North America,Desktop,,36.7,False,0,0,Thursday,17,Aug,False,0.0
S01947,New_Visitor,Direct,Oceania,Mobile,5,38.7,False,1,1,Friday,11,Nov,False,0.0
S01948,New_Visitor,Organic,Asia,Desktop,2,191.2,False,0,0,Friday,18,Nov,False,0.0
S01949,New_Visitor,Direct,Asia,Mobile,3,129.7,False,0,0,Wednesday,19,Jun,False,0.0
S01950,New_Visitor,Social,Asia,Mobile,2,107.0,False,0,0,Friday,15,Apr,False,0.0
S01951,New_Visitor,Paid,Asia,Mobile,2,112.0,False,0,0,Friday,12,Jun,False,0.0
S01952,New_Visitor,Organic,Africa,Desktop,12,683.5,False,6,1,Friday,15,Oct,False,0.0
S01953,Returning_Visitor,Organic,Asia,Desktop,7,254.4,False,1,0,Tuesday,20,Dec,False,0.0
S01954,Returning_Visitor,Referral,Africa,Mobile,4,890.8,False,1,1,Thursday,20,Aug,False,0.0
S01955,Returning_Visitor,Social,Asia,Desktop,,23.0,False,1,0,Sunday,4,Mar,False,0.0
S01956,Returning_Visitor,Social,North America,Desktop,3,570.0,False,2,1,Sunday,8,Jan,False,0.0
S01957,Returning_Visitor,Referral,Africa,Mobile,4,83.0,False,0,0,Saturday,0,Dec,False,0.0
S01958,New_Visitor,Paid,Asia,Tablet,2,25.3,False,1,1,Friday,13,Jul,False,0.0
S01959,Returning_Visitor,Direct,Asia,Mobile,3,176.9,False,1,0,Tuesday,12,Oct,False,0.0
S01960,Returning_Visitor,Paid,Oceania,Desktop,1,133.5,True,0,0,Thursday,14,Sep,False,0.0
S01961,New_Visitor,Paid,North America,Tablet,1,27.1,True,0,0,Monday,16,Dec,False,0.0
S01962,New_Visitor,Social,Europe,Mobile,1,4.7,True,0,0,Saturday,11,Apr,False,0.0
S01963,Returning_Visitor,Direct,North America,Mobile,5,230.7,False,1,0,Wednesday,9,Jun,True,0.0
S01964,New_Visitor,Organic,Asia,Mobile,1,252.7,True,0,0,Saturday,12,Dec,False,0.0
S01965,Returning_Visitor,Direct,South America,Mobile,8,236.9,False,4,0,Saturday,0,Aug,False,0.0
S01966,Returning_Visitor,Direct,Oceania,Mobile,2,2.4,False,0,0,Sunday,19,Feb,False,0.0
S01967,New_Visitor,Paid,Europe,Mobile,1,41.7,True,0,0,Saturday,12,Mar,False,0.0
S01968,New_Visitor,Organic,South America,Tablet,6,174.3,False,3,0,Thursday,15,Apr,False,0.0
S01969,New_Visitor,Organic,Africa,Tablet,2,8.3,False,0,0,Friday,11,Dec,False,0.0
S01970,New_Visitor,Social,Asia,Mobile,,249.4,False,0,0,Wednesday,15,Apr,False,0.0
S01971,New_Visitor,Organic,North America,Tablet,2,115.7,False,1,1,Tuesday,14,Nov,False,0.0
S01972,Returning_Visitor,Direct,Asia,Desktop,2,20.1,False,1,1,Monday,9,Feb,False,0.0
S01973,New_Visitor,Direct,Oceania,Desktop,4,624.7,False,2,0,Tuesday,15,Mar,False,0.0
S01974,New_Visitor,Referral,Oceania,Mobile,3,154.5,False,1,0,Sunday,8,Nov,False,0.0
S01975,New_Visitor,Organic,Asia,Mobile,2,140.2,False,0,0,Tuesday,13,Dec,False,0.0
S01976,Returning_Visitor,Paid,Africa,Desktop,2,105.1,False,0,0,Saturday,17,Mar,False,0.0
S01977,New_Visitor,Direct,North America,Mobile,1,230.0,True,0,0,Tuesday,14,Apr,False,0.0
S01978,New_Visitor,Paid,North America,Desktop,6,796.7,False,4,0,Sunday,18,Jul,False,66.49
S01979,Returning_Visitor,Direct,Oceania,Mobile,8,8.0,False,4,1,Wednesday,10,Jan,False,0.0
S01980,Returning_Visitor,Organic,North America,Tablet,5,4.4,False,1,0,Wednesday,6,Dec,False,0.0
S01981,New_Visitor,Organic,North America,Mobile,2,80.4,False,0,0,Wednesday,6,May,False,0.0
S01982,Returning_Visitor,Organic,Europe,Desktop,11,248.8,False,5,1,Saturday,10,Jul,False,0.0
S01983,New_Visitor,Direct,Asia,Tablet,3,139.3,False,0,0,Tuesday,12,Feb,False,0.0
S01984,New_Visitor,Organic,Asia,Mobile,5,123.9,False,3,1,Saturday,14,Jan,False,59.22
S01985,New_Visitor,Direct,North America,Mobile,5,631.6,False,0,0,Friday,18,Jul,False,0.0
S01986,New_Visitor,Referral,Africa,Mobile,4,44.7,False,1,1,Tuesday,19,Feb,False,0.0
S01987,Returning_Visitor,Organic,Africa,Tablet,4,14.2,False,2,0,Monday,17,Sep,False,0.0
S01988,New_Visitor,Organic,Europe,Mobile,1,25.2,True,0,0,Saturday,13,Nov,False,0.0
S01989,New_Visitor,Social,Europe,Mobile,2,18.0,False,1,1,Tuesday,10,Jan,True,0.0
S01990,Returning_Visitor,Paid,Asia,Desktop,7,376.0,False,2,0,Sunday,12,Aug,False,5.23
S01991,Returning_Visitor,Organic,Asia,Mobile,1,38.4,True,0,0,Monday,10,Nov,False,0.0
S01992,New_Visitor,Organic,Europe,Mobile,1,73.9,True,0,0,Friday,15,Jun,False,0.0
S01993,Returning_Visitor,Paid,Europe,Mobile,2,9.1,False,0,0,Friday,19,Dec,False,0.0
S01994,New_Visitor,Organic,Europe,Desktop,2,168.5,False,1,0,Friday,14,Feb,False,0.0
S01995,Returning_Visitor,Paid,North America,Desktop,3,58.3,False,2,1,Wednesday,6,May,False,0.0
S01996,Returning_Visitor,Organic,Europe,Mobile,3,200.3,False,0,0,Sunday,21,Apr,False,0.0
S01997,Returning_Visitor,Paid,Asia,Mobile,5,103.2,False,0,0,Saturday,11,Dec,False,0.0
S01998,New_Visitor,Direct,Asia,Mobile,1,107.7,True,0,0,Thursday,21,Apr,False,0.0
S01999,New_Visitor,Paid,South America,Desktop,1,107.8,True,0,0,Friday,19,Jun,False,0.0
S02000,New_Visitor,Direct,Europe,Desktop,3,65.8,False,1,0,Thursday,12,Nov,False,0.0
S02001,New_Visitor,Referral,South America,Desktop,1,144.2,True,0,0,Sunday,6,Dec,False,0.0
S02002,New_Visitor,Organic,North America,Desktop,7,162.6,False,3,1,Sunday,22,Dec,False,0.0
S02003,Returning_Visitor,Organic,Europe,Desktop,4,542.5,False,1,0,Tuesday,16,Aug,False,0.0
S02004,New_Visitor,Social,South America,Mobile,3,38.6,False,1,1,Tuesday,10,Sep,False,0.0
S02005,New_Visitor,Direct,Asia,Tablet,1,20.4,True,0,0,Sunday,14,May,False,0.0
S02006,Returning_Visitor,Paid,Europe,Desktop,6,776.1,False,2,1,Tuesday,16,Aug,False,0.0
S02007,New_Visitor,Direct,Asia,Mobile,2,10.1,False,0,0,Sunday,10,May,False,0.0
S02008,Returning_Visitor,Paid,Africa,Mobile,3,217.8,False,1,0,Friday,7,Oct,False,0.0
S02009,New_Visitor,Direct,Asia,Tablet,4,275.0,False,0,0,Monday,10,May,False,0.0
S02010,New_Visitor,Paid,South America,Tablet,9,1800.0,False,1,1,Wednesday,6,Nov,False,0.0
S02011,New_Visitor,Paid,Oceania,Desktop,1,215.1,True,0,0,Thursday,7,Mar,False,0.0
S02012,New_Visitor,Direct,Asia,Desktop,1,39.3,True,0,0,Saturday,9,Aug,False,0.0
S02013,Returning_Visitor,Paid,Asia,Desktop,1,64.4,True,0,0,Wednesday,9,Jul,False,0.0
S02014,New_Visitor,Social,North America,Mobile,5,50.8,False,0,0,Wednesday,10,Apr,False,0.0
S02015,New_Visitor,Organic,Europe,Mobile,1,15.4,True,0,0,Sunday,21,Jan,False,0.0
S02016,New_Visitor,Referral,Asia,Desktop,3,147.1,False,1,0,Monday,15,Mar,True,0.0
S02017,New_Visitor,Organic,South America,Tablet,4,65.1,False,2,0,Thursday,12,Dec,False,0.0
S02018,Returning_Visitor,Social,Europe,Mobile,4,58.7,False,2,0,Thursday,14,Dec,False,0.0
S02019,New_Visitor,Organic,Oceania,Tablet,2,2.8,False,0,0,Monday,0,Feb,False,0.0
S02020,Returning_Visitor,Organic,North America,Desktop,4,18.3,False,1,0,Monday,20,May,False,0.0
S02021,Returning_Visitor,Direct,Asia,Desktop,9,671.1,False,3,1,Wednesday,14,Jul,False,0.0
S02022,Returning_Visitor,Referral,Europe,Desktop,1,0.9,True,0,0,Monday,13,Jul,False,0.0
S02023,Returning_Visitor,Paid,Europe,Desktop,4,542.7,False,1,1,Thursday,21,Apr,False,16.28
S02024,New_Visitor,Paid,South America,Mobile,3,14.7,False,2,0,Friday,17,Dec,False,0.0
S02025,New_Visitor,Direct,North America,Desktop,1,10.2,True,0,0,Friday,11,Dec,False,0.0
S02026,New_Visitor,Organic,North America,Mobile,2,49.9,False,0,0,Thursday,21,Jan,False,0.0
S02027,Returning_Visitor,Social,Europe,Desktop,6,466.9,False,2,0,Wednesday,19,Sep,False,0.0
S02028,Returning_Visitor,Referral,Europe,Desktop,3,217.1,False,0,0,Monday,22,Feb,False,13.55
S02029,New_Visitor,Direct,South America,Mobile,1,17.0,True,0,0,Tuesday,8,Aug,False,0.0
S02030,Returning_Visitor,Direct,Oceania,Tablet,11,261.4,False,6,1,Wednesday,22,Nov,True,0.0
S02031,New_Visitor,Direct,North America,Desktop,4,413.2,False,3,0,Sunday,14,Sep,False,0.0
S02032,Returning_Visitor,Direct,Asia,Tablet,2,82.4,False,1,0,Tuesday,16,Jul,False,0.0
S02033,New_Visitor,Social,Asia,Mobile,4,147.1,False,0,0,Wednesday,9,Dec,False,0.0
S02034,Returning_Visitor,Direct,Oceania,Desktop,1,60.2,True,0,0,Saturday,8,Oct,False,0.0
S02035,Returning_Visitor,Paid,Oceania,Mobile,1,36.6,True,0,0,Friday,7,Apr,False,0.0
S02036,New_Visitor,Direct,Asia,Desktop,1,34.1,True,0,0,Sunday,12,Jun,False,0.0
S02037,New_Visitor,Organic,Europe,Desktop,2,192.3,False,0,0,Tuesday,10,Oct,False,0.0
S02038,New_Visitor,Paid,North America,Mobile,8,1286.3,False,2,1,Monday,7,Jan,False,0.0
S02039,New_Visitor,Referral,Europe,Desktop,2,95.6,False,1,0,Wednesday,22,Jan,True,0.0
S02040,New_Visitor,Organic,Asia,Desktop,2,41.0,False,0,0,Monday,17,Nov,False,0.0
S02041,Returning_Visitor,Referral,Asia,Desktop,4,717.6,False,2,0,Thursday,14,Jan,False,0.0
S02042,Returning_Visitor,Direct,Asia,Mobile,7,508.4,False,3,2,Sunday,17,Sep,False,27.44
S02043,New_Visitor,Social,Asia,Mobile,1,63.7,True,0,0,Friday,15,May,False,0.0
S02044,New_Visitor,Direct,Europe,Desktop,5,279.9,False,2,1,Monday,9,Nov,False,10.52
S02045,Returning_Visitor,Social,Asia,Tablet,2,161.8,False,0,0,Monday,16,Nov,False,0.0
S02046,Returning_Visitor,Organic,North America,Desktop,1,89.7,True,0,0,Sunday,16,Dec,False,0.0
S02047,New_Visitor,Direct,North America,Mobile,2,188.0,False,1,0,Thursday,10,Feb,False,0.0
S02048,Returning_Visitor,Paid,North America,Tablet,1,223.3,True,0,0,Sunday,11,Jun,False,0.0
S02049,New_Visitor,Social,Africa,Mobile,6,190.7,False,1,1,Saturday,12,Aug,False,0.0
S02050,New_Visitor,Organic,North America,Mobile,7,116.7,False,3,2,Sunday,15,Dec,False,0.0
S02051,New_Visitor,Organic,South America,Mobile,4,120.3,False,1,0,Sunday,8,Apr,False,0.0
S02052,New_Visitor,Direct,North America,Desktop,2,174.7,False,1,1,Wednesday,18,Feb,False,0.0
S02053,New_Visitor,Referral,Europe,Mobile,1,46.7,True,0,0,Saturday,11,Mar,False,0.0
S02054,Returning_Visitor,Social,Africa,Desktop,4,480.0,False,2,0,Thursday,17,Jul,False,0.0
S02055,Returning_Visitor,Social,Asia,Desktop,1,16.2,True,0,0,Tuesday,21,Sep,False,0.0
S02056,Returning_Visitor,Direct,North America,Desktop,2,160.3,False,0,0,Tuesday,20,Sep,False,0.0
S02057,New_Visitor,Social,North America,Desktop,1,17.2,True,0,0,Wednesday,17,Feb,False,0.0
S02058,New_Visitor,Direct,Africa,Mobile,2,192.6,False,1,0,Monday,9,Oct,True,0.0
S02059,Returning_Visitor,Organic,Europe,Tablet,1,34.6,True,0,0,Tuesday,17,Sep,False,0.0
S02060,New_Visitor,Referral,Asia,Desktop,1,272.9,True,0,0,Thursday,16,Jun,False,0.0
S02061,New_Visitor,Paid,Europe,Desktop,2,132.6,False,1,0,Sunday,18,Aug,False,0.0
S02062,New_Visitor,Social,Europe,Mobile,3,243.7,False,1,0,Friday,20,Oct,False,0.0
S02063,Returning_Visitor,Referral,North America,Mobile,2,5.2,False,1,1,Wednesday,11,Apr,False,0.0
S02064,New_Visitor,Referral,Asia,Desktop,1,72.9,True,0,0,Tuesday,16,Dec,False,0.0
S02065,New_Visitor,Paid,Asia,Desktop,1,32.6,True,0,0,Tuesday,10,Feb,False,0.0
S02066,Returning_Visitor,Direct,North America,Mobile,1,23.4,True,0,0,Friday,11,Dec,False,0.0
S02067,New_Visitor,Direct,South America,Mobile,4,380.6,False,2,1,Saturday,14,Oct,True,0.0
S02068,New_Visitor,Paid,Africa,Desktop,1,15.6,True,0,0,Wednesday,12,Sep,False,0.0
S02069,New_Visitor,Paid,Africa,Desktop,6,72.2,False,3,0,Thursday,15,Feb,False,35.87
S02070,New_Visitor,Direct,North America,Mobile,6,158.0,False,1,0,Friday,18,Dec,False,0.0
S02071,Returning_Visitor,Direct,Europe,Desktop,7,416.8,False,2,0,Monday,15,Apr,False,0.0
S02072,New_Visitor,Direct,Africa,Desktop,7,124.9,False,2,2,Wednesday,22,Oct,False,0.0
S02073,New_Visitor,Organic,North America,Mobile,4,196.3,False,1,0,Saturday,17,Nov,True,0.0
S02074,Returning_Visitor,Paid,North America,Tablet,6,174.9,False,3,0,Friday,23,Apr,False,0.0
S02075,Returning_Visitor,Direct,Africa,Desktop,4,121.3,False,2,0,Monday,17,Dec,False,0.0
S02076,Returning_Visitor,Paid,Europe,Mobile,2,27.2,False,1,1,Tuesday,14,Aug,False,0.0
S02077,New_Visitor,Organic,Europe,Desktop,5,116.6,False,0,0,Friday,12,Sep,False,0.0
S02078,New_Visitor,Direct,Europe,Tablet,3,57.6,False,0,0,Tuesday,17,Dec,False,0.0
S02079,Returning_Visitor,Organic,South America,Desktop,1,16.7,True,0,0,Saturday,16,Jul,False,0.0
S02080,Returning_Visitor,Social,Europe,Mobile,5,25.3,False,3,2,Monday,16,Jun,False,143.95
S02081,New_Visitor,Referral,Africa,Mobile,7,238.4,False,1,0,Tuesday,17,Sep,False,0.0
S02082,New_Visitor,Referral,Asia,Tablet,,50.5,False,1,0,Tuesday,20,Aug,False,0.0
S02083,New_Visitor,Organic,Europe,Mobile,3,584.0,False,1,0,Sunday,10,Jan,False,0.0
S02084,Returning_Visitor,Organic,Europe,Desktop,2,110.5,False,0,0,Saturday,14,Mar,False,0.0
S02085,New_Visitor,Organic,North America,Desktop,4,148.8,False,2,1,Sunday,15,Jan,False,0.0
S02086,New_Visitor,Organic,Asia,Desktop,1,24.7,True,0,0,Thursday,11,Feb,False,0.0
S02087,New_Visitor,Referral,Europe,Mobile,5,185.3,False,3,0,Saturday,23,Oct,True,0.0
S02088,Returning_Visitor,Referral,Africa,Mobile,2,50.1,False,0,0,Saturday,18,Jan,True,0.0
S02089,Returning_Visitor,Referral,Europe,Mobile,1,116.6,True,0,0,Wednesday,11,May,False,0.0
S02090,New_Visitor,Direct,Europe,Desktop,5,88.6,False,1,0,Sunday,11,Jun,False,0.0
S02091,Returning_Visitor,Organic,Europe,Mobile,1,19.7,True,0,0,Saturday,17,Dec,False,0.0
S02092,Returning_Visitor,Organic,South America,Tablet,6,445.2,False,1,0,Sunday,1,May,False,0.0
S02093,New_Visitor,Organic,Europe,Tablet,12,1664.6,False,5,1,Sunday,13,Oct,False,0.0
S02094,New_Visitor,Social,North America,Mobile,2,136.8,False,1,0,Saturday,11,Jun,False,0.0
S02095,New_Visitor,Referral,Africa,Mobile,8,42.5,False,3,2,Sunday,20,Feb,False,0.0
S02096,Returning_Visitor,Organic,Asia,Mobile,3,412.6,False,0,0,Wednesday,18,Feb,False,0.0
S02097,Returning_Visitor,Organic,Asia,Desktop,1,88.0,True,0,0,Saturday,11,Jun,False,0.0
S02098,Returning_Visitor,Paid,Asia,Desktop,2,32.9,False,0,0,Tuesday,20,Jan,False,0.0
S02099,Returning_Visitor,Social,Asia,Mobile,5,19.4,False,2,0,Saturday,21,Aug,False,0.0
S02100,New_Visitor,Referral,Europe,Desktop,4,303.4,False,2,0,Saturday,14,Jul,False,0.0
S02101,Returning_Visitor,Direct,North America,Mobile,3,48.1,False,1,0,Friday,9,Oct,False,0.0
S02102,New_Visitor,Organic,South America,Mobile,1,44.5,True,0,0,Saturday,18,Mar,False,0.0
S02103,New_Visitor,Paid,North America,Mobile,4,22.5,False,1,0,Wednesday,11,Aug,False,0.0
S02104,Returning_Visitor,Social,Asia,Desktop,2,100.8,False,1,1,Thursday,14,Mar,False,0.0
S02105,Returning_Visitor,Direct,North America,Desktop,2,2.6,False,1,0,Monday,6,Oct,False,32.36
S02106,New_Visitor,Social,Europe,Desktop,5,229.1,False,3,0,Monday,13,May,False,0.0
S02107,Returning_Visitor,Social,North America,Desktop,3,322.9,False,0,0,Friday,12,Aug,False,0.0
S02108,Returning_Visitor,Organic,Europe,Tablet,1,52.2,True,0,0,Thursday,16,Nov,False,0.0
S02109,New_Visitor,Direct,Asia,Desktop,4,518.3,False,2,0,Tuesday,5,Jul,False,85.64
S02110,Returning_Visitor,Organic,North America,Desktop,1,47.8,True,0,0,Tuesday,15,Mar,True,0.0
S02111,New_Visitor,Organic,Europe,Desktop,5,348.9,False,2,1,Wednesday,18,Nov,False,0.0
S02112,New_Visitor,Social,Oceania,Mobile,2,54.7,False,1,0,Friday,1,May,False,0.0
S02113,New_Visitor,Organic,Europe,Mobile,3,63.4,False,0,0,Friday,18,Oct,False,0.0
S02114,Returning_Visitor,Social,South America,Desktop,3,73.7,False,1,0,Monday,8,May,False,34.71
S02115,Returning_Visitor,Paid,Africa,Tablet,1,6.5,True,0,0,Saturday,17,Apr,False,0.0
S02116,New_Visitor,Organic,Oceania,Mobile,4,70.5,False,1,1,Tuesday,13,Sep,False,10.5
S02117,New_Visitor,Direct,Africa,Desktop,7,205.6,False,3,0,Friday,14,Mar,False,0.0
S02118,Returning_Visitor,Social,Europe,Mobile,7,175.5,False,2,0,Monday,11,Nov,False,0.0
S02119,New_Visitor,Social,Oceania,Mobile,4,164.2,False,1,0,Sunday,10,Jun,False,0.0
S02120,Returning_Visitor,Social,South America,Desktop,11,442.2,False,4,0,Monday,7,Jan,False,0.0
S02121,Returning_Visitor,Direct,South America,Mobile,3,239.3,False,1,0,Saturday,20,May,False,0.0
S02122,New_Visitor,Direct,North America,Desktop,1,30.2,True,0,0,Thursday,15,Oct,False,0.0
S02123,Returning_Visitor,Referral,Oceania,Desktop,4,271.4,False,1,1,Monday,23,Nov,False,0.0
S02124,New_Visitor,Paid,South America,Desktop,8,1062.2,False,2,1,Monday,19,Aug,False,0.0
S02125,Returning_Visitor,Direct,South America,Mobile,2,73.0,False,1,0,Wednesday,20,Apr,False,0.0
S02126,Returning_Visitor,Paid,North America,Tablet,,48.4,True,0,0,Saturday,15,Jul,False,0.0
S02127,Returning_Visitor,Organic,North America,Desktop,11,746.2,False,6,3,Monday,7,Nov,False,29.37
S02128,New_Visitor,Paid,Oceania,Desktop,5,204.4,False,1,0,Friday,21,May,False,0.0
S02129,Returning_Visitor,Referral,Europe,Mobile,1,10.7,True,0,0,Friday,8,Jun,False,0.0
S02130,New_Visitor,Direct,Europe,Desktop,3,62.6,False,1,1,Tuesday,14,Jul,False,0.0
S02131,New_Visitor,Referral,South America,Desktop,1,1.7,True,0,0,Monday,20,Nov,False,0.0
S02132,New_Visitor,Organic,North America,Desktop,2,138.1,False,1,1,Sunday,13,Aug,False,0.0
S02133,Returning_Visitor,Organic,Europe,Desktop,1,19.7,True,0,0,Wednesday,9,Mar,False,0.0
S02134,New_Visitor,Organic,Europe,Desktop,1,104.1,True,0,0,Monday,12,Feb,False,0.0
S02135,Returning_Visitor,Organic,Europe,Desktop,3,192.0,False,1,0,Friday,23,Feb,False,0.0
S02136,Returning_Visitor,Direct,Europe,Desktop,1,79.9,True,0,0,Tuesday,23,Dec,False,0.0
S02137,New_Visitor,Social,North America,Mobile,7,899.2,False,5,1,Thursday,17,Nov,False,5.15
S02138,Returning_Visitor,Referral,North America,Desktop,5,166.4,False,3,0,Monday,20,Oct,False,0.0
S02139,New_Visitor,Organic,Asia,Tablet,2,25.1,False,1,0,Sunday,5,Jul,False,0.0
S02140,Returning_Visitor,Paid,Africa,Desktop,1,164.5,True,0,0,Thursday,10,Sep,False,0.0
S02141,Returning_Visitor,Referral,Europe,Mobile,16,1800.0,False,6,2,Sunday,12,Feb,True,0.0
S02142,New_Visitor,Paid,North America,Mobile,3,44.3,False,0,0,Wednesday,1,Sep,False,0.0
S02143,Returning_Visitor,Referral,North America,Desktop,2,162.1,False,0,0,Wednesday,12,Nov,False,0.0
S02144,New_Visitor,Organic,South America,Mobile,1,4.5,True,0,0,Sunday,7,Jan,False,0.0
S02145,New_Visitor,Direct,Oceania,Mobile,1,1.7,True,0,0,Wednesday,14,Apr,False,0.0
S02146,Returning_Visitor,Referral,Europe,Desktop,5,337.3,False,2,1,Thursday,0,Feb,False,0.0
S02147,New_Visitor,Organic,North America,Tablet,3,53.0,False,0,0,Monday,10,Apr,False,0.0
S02148,New_Visitor,Organic,Asia,Desktop,13,1578.6,False,6,1,Sunday,20,Oct,False,0.0
S02149,New_Visitor,Organic,South America,Desktop,10,431.8,False,5,2,Monday,9,May,False,0.0
S02150,Returning_Visitor,Organic,Europe,Mobile,1,91.4,True,0,0,Saturday,7,Sep,False,0.0
S02151,New_Visitor,Direct,Asia,Desktop,23,150.7,False,4,0,Thursday,10,Oct,False,0.0
S02152,New_Visitor,Direct,Asia,Mobile,13,1618.6,False,6,0,Monday,19,Nov,False,0.0
S02153,Returning_Visitor,Organic,Oceania,Tablet,5,63.2,False,3,0,Monday,15,Nov,False,38.2
S02154,Returning_Visitor,Referral,North America,Tablet,2,100.8,False,0,0,Sunday,15,Aug,False,0.0
S02155,New_Visitor,Referral,Oceania,Mobile,1,56.4,True,0,0,Saturday,0,Apr,False,0.0
S02156,New_Visitor,Organic,Europe,Tablet,1,4.1,True,0,0,Friday,13,Mar,True,0.0
S02157,New_Visitor,Organic,Asia,Desktop,1,227.8,True,0,0,Thursday,10,Jul,False,0.0
S02158,New_Visitor,Organic,Asia,Desktop,6,129.6,False,4,1,Tuesday,11,Feb,False,0.0
S02159,New_Visitor,Direct,Europe,Mobile,9,676.2,False,3,0,Friday,15,Dec,False,0.0
S02160,Returning_Visitor,Organic,Asia,Mobile,5,299.6,False,1,1,Friday,20,Jun,False,0.0
S02161,Returning_Visitor,Direct,Europe,Mobile,5,10.1,False,2,1,Saturday,9,Nov,False,0.0
S02162,Returning_Visitor,Referral,North America,Mobile,2,238.0,False,0,0,Wednesday,18,Oct,False,0.0
S02163,New_Visitor,Direct,Europe,Desktop,4,87.1,False,2,1,Sunday,6,Nov,False,0.0
S02164,Returning_Visitor,Organic,Europe,Mobile,4,68.7,False,2,1,Monday,11,Nov,True,0.0
S02165,New_Visitor,Direct,North America,Tablet,1,3.6,True,0,0,Monday,10,Jan,False,0.0
S02166,Returning_Visitor,Referral,Oceania,Mobile,5,86.4,False,1,0,Sunday,21,Oct,False,0.0
S02167,Returning_Visitor,Paid,North America,Desktop,1,58.1,True,0,0,Friday,9,Apr,False,0.0
S02168,New_Visitor,Social,Europe,Mobile,2,26.9,False,0,0,Wednesday,15,Dec,False,0.0
S02169,Returning_Visitor,Referral,North America,Desktop,3,113.1,False,2,0,Saturday,9,Oct,False,0.0
S02170,New_Visitor,Direct,Europe,Mobile,3,289.4,False,1,0,Thursday,13,Jan,False,0.0
S02171,Returning_Visitor,Direct,Europe,Desktop,4,745.3,False,1,0,Monday,12,Dec,False,0.0
S02172,New_Visitor,Paid,Europe,Desktop,3,217.0,False,2,2,Friday,5,Apr,False,0.0
S02173,New_Visitor,Organic,North America,Desktop,1,13.1,True,0,0,Tuesday,19,Jun,False,0.0
S02174,Returning_Visitor,Paid,North America,Desktop,12,347.8,False,5,2,Monday,18,Aug,False,0.0
S02175,New_Visitor,Referral,South America,Mobile,5,242.3,False,1,0,Tuesday,10,Dec,False,0.0
S02176,Returning_Visitor,Referral,Asia,Desktop,7,861.5,False,0,0,Thursday,15,Dec,False,0.0
S02177,New_Visitor,Organic,Europe,Tablet,5,238.0,False,1,0,Monday,11,Aug,False,0.0
S02178,Returning_Visitor,Referral,North America,Mobile,1,40.6,True,0,0,Sunday,18,May,False,0.0
S02179,Returning_Visitor,Direct,Africa,Desktop,9,162.4,False,2,1,Thursday,17,Apr,False,0.0
S02180,New_Visitor,Organic,North America,Mobile,13,540.0,False,4,1,Wednesday,7,May,False,0.0
S02181,New_Visitor,Organic,Oceania,Mobile,1,23.0,True,0,0,Friday,19,Mar,False,0.0
S02182,New_Visitor,Paid,Europe,Mobile,1,49.9,True,0,0,Saturday,9,Sep,False,0.0
S02183,New_Visitor,Direct,Europe,Mobile,14,1389.3,False,5,0,Friday,9,Jul,False,26.92
S02184,New_Visitor,Direct,Asia,Desktop,2,349.6,False,1,1,Tuesday,17,Oct,False,0.0
S02185,Returning_Visitor,Organic,Africa,Mobile,6,597.1,False,3,1,Monday,9,Feb,False,0.0
S02186,Returning_Visitor,Social,Europe,Desktop,1,105.7,True,0,0,Saturday,8,Jun,False,0.0
S02187,Returning_Visitor,Social,Europe,Mobile,4,106.4,False,0,0,Tuesday,11,Apr,False,0.0
S02188,Returning_Visitor,Referral,Europe,Tablet,4,285.4,False,1,1,Monday,19,Jul,False,0.0
S02189,Returning_Visitor,Direct,Africa,Desktop,9,265.2,False,3,1,Friday,9,Jul,False,0.0
S02190,Returning_Visitor,Direct,Asia,Mobile,4,5.9,False,1,0,Tuesday,11,Jun,False,0.0
S02191,New_Visitor,Referral,North America,Desktop,1,129.5,True,0,0,Sunday,10,May,False,0.0
S02192,Returning_Visitor,Organic,North America,Desktop,2,6.4,False,0,0,Sunday,11,Oct,False,0.0
S02193,Returning_Visitor,Paid,North America,Mobile,2,14.7,False,1,0,Friday,17,Jul,False,0.0
S02194,Returning_Visitor,Referral,North America,Mobile,3,3.3,False,1,0,Saturday,12,Mar,False,0.0
S02195,New_Visitor,Direct,North America,Desktop,2,8.4,False,0,0,Thursday,18,Aug,False,0.0
S02196,New_Visitor,Direct,Asia,Desktop,1,3.6,True,0,0,Saturday,16,Aug,False,0.0
S02197,New_Visitor,Social,North America,Mobile,4,271.5,False,3,0,Friday,11,Jan,False,0.0
S02198,Returning_Visitor,Organic,Europe,Desktop,2,230.5,False,0,0,Monday,12,Mar,False,0.0
S02199,New_Visitor,Organic,Asia,Desktop,6,573.5,False,2,1,Sunday,17,Apr,False,0.0
S02200,New_Visitor,Referral,North America,Mobile,2,118.1,False,1,1,Sunday,14,Apr,False,0.0
S02201,Returning_Visitor,Direct,North America,Tablet,3,277.5,False,0,0,Sunday,20,Apr,False,0.0
S02202,New_Visitor,Social,North America,Desktop,6,219.5,False,2,0,Saturday,21,Apr,True,0.0
S02203,New_Visitor,Organic,North America,Tablet,6,,False,3,1,Wednesday,17,Apr,False,142.48
S02204,New_Visitor,Social,South America,Desktop,3,110.9,False,1,1,Tuesday,23,Nov,False,0.0
S02205,Returning_Visitor,Organic,Asia,Desktop,2,3.4,False,0,0,Tuesday,15,May,False,0.0
S02206,Returning_Visitor,Organic,North America,Mobile,3,218.2,False,1,0,Monday,5,May,False,56.02
S02207,New_Visitor,Paid,Europe,Tablet,6,639.5,False,0,0,Tuesday,14,Apr,False,0.0
S02208,Returning_Visitor,Referral,North America,Desktop,1,15.3,True,0,0,Thursday,10,Dec,False,0.0
S02209,New_Visitor,Direct,Asia,Desktop,1,,True,0,0,Friday,11,Jul,False,0.0
S02210,Returning_Visitor,Organic,Europe,Desktop,3,213.7,False,0,0,Wednesday,13,Aug,False,0.0
S02211,Returning_Visitor,Referral,Europe,Desktop,3,153.5,False,0,0,Thursday,11,Oct,True,0.0
S02212,Returning_Visitor,Direct,Europe,Mobile,2,264.8,False,1,0,Wednesday,11,May,False,0.0
S02213,New_Visitor,Paid,North America,Mobile,2,77.9,False,1,0,Friday,12,Dec,False,0.0
S02214,Returning_Visitor,Paid,Asia,Mobile,1,67.0,True,0,0,Sunday,10,Mar,False,0.0
S02215,Returning_Visitor,Referral,Africa,Mobile,1,19.0,True,0,0,Friday,9,Jun,False,0.0
S02216,New_Visitor,Direct,Oceania,Tablet,6,954.4,False,4,1,Monday,18,Mar,False,0.0
S02217,Returning_Visitor,Direct,North America,Desktop,2,55.4,False,1,1,Thursday,12,Nov,False,0.0
S02218,New_Visitor,Referral,Asia,Mobile,1,46.5,True,0,0,Saturday,19,Feb,False,0.0
S02219,Returning_Visitor,Organic,Asia,Tablet,10,575.0,False,3,0,Thursday,20,Aug,False,0.0
S02220,New_Visitor,Direct,Oceania,Desktop,1,17.6,True,0,0,Sunday,18,Feb,False,0.0
S02221,Returning_Visitor,Organic,North America,Mobile,2,45.7,False,1,0,Monday,12,Jun,False,0.0
S02222,New_Visitor,Organic,Asia,Mobile,11,460.7,False,1,0,Wednesday,17,Apr,False,0.0
S02223,New_Visitor,Organic,North America,Desktop,1,19.0,True,0,0,Tuesday,9,Dec,True,0.0
S02224,New_Visitor,Direct,Asia,Desktop,11,92.0,False,1,1,Saturday,16,Jan,False,0.0
S02225,New_Visitor,Social,Europe,Mobile,4,434.8,False,1,0,Thursday,12,Sep,False,0.0
S02226,New_Visitor,Direct,South America,Mobile,2,47.1,False,0,0,Monday,16,Sep,False,0.0
S02227,New_Visitor,Direct,Africa,Mobile,3,96.8,False,0,0,Tuesday,18,Nov,False,0.0
S02228,Returning_Visitor,Organic,Europe,Desktop,3,142.6,False,0,0,Thursday,14,Nov,False,0.0
S02229,New_Visitor,Referral,Europe,Mobile,5,554.3,False,1,0,Sunday,16,Dec,False,0.0
S02230,New_Visitor,Organic,North America,Desktop,1,9.1,True,0,0,Wednesday,9,Apr,False,0.0
S02231,Returning_Visitor,Referral,Europe,Desktop,6,354.0,False,2,0,Tuesday,15,Apr,False,0.0
S02232,New_Visitor,Paid,Europe,Desktop,11,285.4,False,3,1,Thursday,13,Jun,False,0.0
S02233,Returning_Visitor,Organic,North America,Mobile,2,244.4,False,1,0,Wednesday,12,Jul,False,0.0
S02234,Returning_Visitor,Organic,Africa,Desktop,1,64.9,True,0,0,Thursday,12,May,False,0.0
S02235,Returning_Visitor,Direct,North America,Desktop,1,9.4,True,0,0,Thursday,11,Oct,False,0.0
S02236,Returning_Visitor,Paid,Asia,Desktop,2,42.3,False,0,0,Friday,11,Jan,False,0.0
S02237,Returning_Visitor,Social,Africa,Desktop,1,2.2,True,0,0,Sunday,17,Jan,False,0.0
S02238,New_Visitor,Paid,Africa,Desktop,1,88.3,True,0,0,Tuesday,14,Oct,False,0.0
S02239,New_Visitor,Direct,South America,Mobile,4,127.8,False,2,1,Saturday,3,Nov,False,0.0
S02240,New_Visitor,Paid,North America,Mobile,2,6.0,False,1,1,Sunday,6,Oct,True,0.0
S02241,Returning_Visitor,Organic,South America,Mobile,7,5.7,False,1,0,Wednesday,15,Feb,False,28.42
S02242,New_Visitor,Organic,North America,Mobile,2,373.6,False,0,0,Monday,19,Dec,False,0.0
S02243,Returning_Visitor,Paid,Africa,Desktop,,114.8,True,0,0,Saturday,5,Jul,False,0.0
S02244,Returning_Visitor,Paid,Asia,Tablet,1,24.4,True,0,0,Friday,14,Oct,False,0.0
S02245,Returning_Visitor,Organic,South America,Desktop,4,174.5,False,2,0,Tuesday,19,Mar,False,0.0
S02246,New_Visitor,Organic,North America,Mobile,4,205.9,False,2,0,Thursday,0,Aug,False,0.0
S02247,New_Visitor,Organic,Asia,Tablet,4,173.8,False,1,1,Friday,10,May,False,0.0
S02248,Returning_Visitor,Organic,South America,Mobile,2,44.2,False,1,0,Tuesday,21,Dec,False,0.0
S02249,Returning_Visitor,Organic,Africa,Desktop,8,237.7,False,3,0,Friday,7,Jul,False,0.0
S02250,New_Visitor,Paid,North America,Desktop,1,12.0,True,0,0,Friday,15,Oct,False,0.0
S02251,New_Visitor,Referral,Oceania,Desktop,1,2.0,True,0,0,Sunday,14,Aug,False,0.0
S02252,Returning_Visitor,Social,North America,Mobile,5,50.4,False,1,1,Thursday,9,Feb,True,0.0
S02253,Returning_Visitor,Social,Asia,Mobile,4,3.2,False,1,1,Friday,5,Aug,False,0.0
S02254,Returning_Visitor,Direct,Asia,Mobile,3,102.2,False,1,0,Friday,13,Aug,False,0.0
S02255,Returning_Visitor,Social,North America,Desktop,1,64.9,True,0,0,Tuesday,17,Oct,False,0.0
S02256,Returning_Visitor,Referral,North America,Mobile,1,12.0,True,0,0,Saturday,9,May,False,0.0
S02257,New_Visitor,Direct,South America,Mobile,1,45.8,True,0,0,Friday,17,Nov,False,0.0
S02258,New_Visitor,Referral,Europe,Desktop,4,94.3,False,2,1,Saturday,14,Sep,False,0.0
S02259,New_Visitor,Direct,North America,Desktop,4,30.7,False,0,0,Saturday,11,Jan,False,0.0
S02260,New_Visitor,Social,South America,Mobile,4,32.8,False,1,1,Friday,16,Oct,False,0.0
S02261,Returning_Visitor,Paid,South America,Mobile,5,288.8,False,2,1,Tuesday,9,Dec,False,0.0
S02262,Returning_Visitor,Direct,Asia,Desktop,1,7.5,True,0,0,Sunday,13,Sep,False,0.0
S02263,Returning_Visitor,Social,North America,Desktop,4,193.4,False,1,0,Wednesday,14,May,False,0.0
S02264,New_Visitor,Organic,North America,Mobile,1,12.7,True,0,0,Sunday,13,Aug,False,0.0
S02265,Returning_Visitor,Social,Asia,Desktop,3,362.0,False,0,0,Wednesday,12,Mar,False,0.0
S02266,Returning_Visitor,Direct,Asia,Desktop,5,15.4,False,2,0,Monday,17,Aug,False,0.0
S02267,Returning_Visitor,Organic,Asia,Mobile,4,117.5,False,0,0,Sunday,16,Jul,False,0.0
S02268,Returning_Visitor,Direct,South America,Mobile,2,172.0,False,0,0,Saturday,16,Jan,False,0.0
S02269,New_Visitor,Referral,Europe,Mobile,2,165.9,False,1,0,Saturday,20,May,False,19.63
S02270,New_Visitor,Organic,North America,Mobile,8,75.1,False,2,0,Monday,23,Mar,False,0.0
S02271,New_Visitor,Paid,Oceania,Mobile,6,78.9,False,0,0,Sunday,14,Jun,False,0.0
S02272,New_Visitor,Organic,Europe,Mobile,1,47.4,True,0,0,Friday,11,Apr,False,0.0
S02273,New_Visitor,Paid,Asia,Tablet,3,207.5,False,0,0,Thursday,18,Nov,False,0.0
S02274,Returning_Visitor,Social,Oceania,Desktop,1,83.7,True,0,0,Sunday,8,Sep,False,0.0
S02275,Returning_Visitor,Direct,Oceania,Desktop,4,232.6,False,2,0,Friday,14,Oct,False,0.0
S02276,Returning_Visitor,Direct,Asia,Desktop,3,275.1,False,1,0,Monday,14,May,True,0.0
S02277,Returning_Visitor,Social,North America,Mobile,1,34.8,True,0,0,Thursday,23,Jan,False,0.0
S02278,New_Visitor,Referral,Oceania,Mobile,2,98.7,False,1,0,Friday,23,Mar,False,0.0
S02279,Returning_Visitor,Referral,Asia,Desktop,5,170.3,False,1,0,Sunday,19,Oct,False,0.0
S02280,New_Visitor,Direct,Europe,Desktop,1,85.9,True,0,0,Tuesday,13,Aug,False,0.0
S02281,New_Visitor,Direct,Asia,Desktop,5,57.6,False,1,0,Saturday,14,Jul,False,0.0
S02282,New_Visitor,Paid,Europe,Desktop,2,34.9,False,1,0,Saturday,11,Apr,False,0.0
S02283,New_Visitor,Organic,Africa,Tablet,6,652.7,False,4,0,Monday,19,Feb,False,0.0
S02284,New_Visitor,Direct,Europe,Mobile,1,75.2,True,0,0,Monday,18,Oct,False,0.0
S02285,New_Visitor,Organic,South America,Desktop,1,79.7,True,0,0,Friday,18,Jan,False,0.0
S02286,New_Visitor,Social,South America,Desktop,1,6.3,True,0,0,Saturday,8,Jan,False,0.0
S02287,Returning_Visitor,Social,South America,Desktop,7,278.2,False,5,0,Thursday,12,Apr,True,0.0
S02288,New_Visitor,Organic,Asia,Mobile,2,99.7,False,0,0,Saturday,14,Aug,True,0.0
S02289,New_Visitor,Organic,Africa,Mobile,3,272.5,False,0,0,Friday,8,Dec,True,0.0
S02290,New_Visitor,Organic,Europe,Tablet,1,32.9,True,0,0,Friday,12,Feb,False,0.0
S02291,Returning_Visitor,Direct,North America,Mobile,1,46.7,True,0,0,Monday,7,Jul,False,0.0
S02292,New_Visitor,Direct,South America,Mobile,3,49.0,False,2,1,Monday,22,Aug,False,0.0
S02293,New_Visitor,Paid,Europe,Mobile,1,107.1,True,0,0,Saturday,18,Nov,False,0.0
S02294,New_Visitor,Direct,North America,Mobile,8,,False,2,0,Saturday,15,Sep,False,0.0
S02295,New_Visitor,Organic,North America,Desktop,2,74.9,False,0,0,Thursday,9,Nov,False,0.0
S02296,New_Visitor,Paid,North America,Mobile,1,34.5,True,0,0,Friday,11,Jul,False,0.0
S02297,New_Visitor,Direct,South America,Mobile,1,23.9,True,0,0,Friday,8,Jun,False,0.0
S02298,New_Visitor,Referral,Asia,Mobile,1,18.6,True,0,0,Monday,14,Aug,False,0.0
S02299,New_Visitor,Organic,North America,Desktop,2,96.7,False,0,0,Friday,19,Dec,False,48.34
S02300,New_Visitor,Direct,South America,Desktop,1,11.1,True,0,0,Thursday,1,Aug,False,0.0
S02301,Returning_Visitor,Paid,North America,Desktop,2,106.8,False,1,0,Friday,8,Aug,False,0.0
S02302,Returning_Visitor,Referral,South America,Desktop,7,346.1,False,0,0,Thursday,10,May,False,0.0
S02303,New_Visitor,Direct,Europe,Tablet,1,71.1,True,0,0,Saturday,17,Aug,False,0.0
S02304,New_Visitor,Referral,Asia,Mobile,5,76.8,False,1,1,Wednesday,20,Sep,False,0.0
S02305,Returning_Visitor,Paid,Europe,Mobile,2,145.3,False,0,0,Wednesday,18,Oct,False,0.0
S02306,New_Visitor,Organic,Europe,Mobile,8,8.2,False,2,0,Wednesday,14,Aug,False,0.0
S02307,New_Visitor,Direct,South America,Mobile,4,183.5,False,3,1,Saturday,8,Mar,False,0.0
S02308,Returning_Visitor,Paid,North America,Tablet,1,111.5,True,0,0,Thursday,18,Aug,False,0.0
S02309,New_Visitor,Organic,Oceania,Desktop,10,780.7,False,5,1,Tuesday,8,Apr,False,0.0
S02310,New_Visitor,Social,Asia,Mobile,1,114.2,True,0,0,Sunday,11,Feb,False,0.0
S02311,New_Visitor,Referral,Europe,Desktop,2,19.3,False,0,0,Thursday,11,Nov,False,0.0
S02312,Returning_Visitor,Referral,Asia,Tablet,12,913.7,False,5,2,Monday,11,Jan,False,1.95
S02313,New_Visitor,Direct,North America,Tablet,1,38.0,True,0,0,Friday,11,Sep,False,0.0
S02314,Returning_Visitor,Direct,Europe,Tablet,3,70.3,False,1,1,Saturday,18,Dec,False,0.0
S02315,Returning_Visitor,Referral,Oceania,Desktop,12,316.6,False,4,0,Thursday,9,Feb,False,0.0
S02316,New_Visitor,Organic,North America,Desktop,4,25.8,False,1,0,Friday,19,Apr,False,0.0
S02317,New_Visitor,Direct,Asia,Desktop,4,286.5,False,2,0,Tuesday,20,Oct,False,0.0
S02318,New_Visitor,Organic,Europe,Mobile,3,179.9,False,2,2,Wednesday,13,Feb,False,0.0
S02319,New_Visitor,Organic,Asia,Mobile,3,29.8,False,1,1,Tuesday,8,Nov,False,0.0
S02320,New_Visitor,Paid,North America,Desktop,9,,False,3,2,Wednesday,15,Jan,True,35.95
S02321,Returning_Visitor,Direct,Europe,Mobile,3,25.0,False,1,0,Thursday,19,Nov,False,0.0
S02322,Returning_Visitor,Paid,Oceania,Desktop,4,90.2,False,1,0,Thursday,10,Jan,False,0.0
S02323,Returning_Visitor,Organic,North America,Tablet,5,13.5,False,1,1,Friday,19,Dec,False,0.0
S02324,New_Visitor,Referral,Asia,Desktop,3,174.7,False,0,0,Thursday,16,Nov,False,0.0
S02325,Returning_Visitor,Organic,Asia,Desktop,7,5.3,False,1,0,Wednesday,23,Jul,False,0.0
S02326,Returning_Visitor,Social,Asia,Mobile,1,18.1,True,0,0,Monday,19,Oct,False,0.0
S02327,Returning_Visitor,Social,Asia,Mobile,2,37.2,False,0,0,Tuesday,9,Feb,False,0.0
S02328,New_Visitor,Organic,Europe,Desktop,3,248.4,False,1,0,Tuesday,13,Feb,False,0.0
S02329,Returning_Visitor,Paid,North America,Mobile,1,35.9,True,0,0,Friday,8,May,False,0.0
S02330,New_Visitor,Organic,Africa,Mobile,9,459.8,False,4,0,Saturday,7,Jul,False,0.0
S02331,New_Visitor,Referral,South America,Tablet,6,103.1,False,0,0,Saturday,17,Nov,False,0.0
S02332,New_Visitor,Paid,North America,Tablet,1,47.6,True,0,0,Friday,21,Aug,False,0.0
S02333,Returning_Visitor,Paid,Europe,Mobile,2,19.4,False,0,0,Wednesday,22,Sep,False,0.0
S02334,Returning_Visitor,Paid,South America,Tablet,4,1169.9,False,0,0,Friday,10,Sep,False,0.0
S02335,New_Visitor,Direct,Oceania,Mobile,2,87.3,False,1,0,Friday,9,Nov,False,0.0
S02336,New_Visitor,Organic,Oceania,Tablet,6,761.4,False,3,2,Monday,14,Oct,False,0.0
S02337,New_Visitor,Organic,Africa,Tablet,1,6.7,True,0,0,Sunday,9,Dec,False,0.0
S02338,New_Visitor,Direct,North America,Mobile,6,321.3,False,4,1,Monday,11,Jan,False,0.0
S02339,New_Visitor,Social,Africa,Mobile,2,133.4,False,1,0,Thursday,19,Mar,False,0.0
S02340,New_Visitor,Organic,Africa,Desktop,2,186.7,False,1,1,Thursday,19,Dec,True,0.0
S02341,Returning_Visitor,Referral,Europe,Tablet,1,39.9,True,0,0,Saturday,20,Nov,False,0.0
S02342,New_Visitor,Direct,Europe,Mobile,13,28.7,False,5,0,Sunday,13,Apr,False,0.0
S02343,New_Visitor,Direct,Europe,Desktop,2,36.3,False,0,0,Sunday,14,Dec,False,0.0
S02344,New_Visitor,Referral,Asia,Desktop,1,19.8,True,0,0,Thursday,18,Nov,False,0.0
S02345,Returning_Visitor,Direct,North America,Mobile,1,23.0,True,0,0,Friday,10,Jan,False,0.0
S02346,Returning_Visitor,Social,North America,Mobile,3,17.4,False,1,0,Monday,19,Nov,False,0.0
S02347,Returning_Visitor,Organic,North America,Desktop,1,0.0,True,0,0,Thursday,1,Oct,False,0.0
S02348,New_Visitor,Social,Europe,Desktop,2,88.0,False,1,0,Sunday,18,Apr,False,0.0
S02349,Returning_Visitor,Organic,North America,Mobile,7,560.6,False,1,0,Thursday,18,Sep,False,0.0
S02350,New_Visitor,Organic,South America,Desktop,3,47.1,False,0,0,Monday,11,Dec,True,0.0
S02351,Returning_Visitor,Referral,North America,Mobile,1,71.0,True,0,0,Tuesday,17,Sep,False,0.0
S02352,Returning_Visitor,Paid,Africa,Mobile,1,78.8,True,0,0,Wednesday,10,Nov,False,0.0
S02353,Returning_Visitor,Organic,Africa,Mobile,1,31.8,True,0,0,Tuesday,15,Feb,False,0.0
S02354,Returning_Visitor,Direct,Africa,Desktop,7,,False,1,0,Wednesday,17,Oct,True,0.0
S02355,Returning_Visitor,Direct,Asia,Desktop,1,22.6,True,0,0,Wednesday,17,Mar,False,0.0
S02356,New_Visitor,Organic,North America,Mobile,1,28.2,True,0,0,Wednesday,23,Feb,False,0.0
S02357,Returning_Visitor,Social,Europe,Mobile,11,587.0,False,4,1,Monday,9,Aug,False,24.86
S02358,New_Visitor,Social,North America,Desktop,3,80.9,False,0,0,Sunday,13,Oct,False,0.0
S02359,New_Visitor,Organic,Oceania,Desktop,2,83.4,False,1,0,Friday,20,Aug,False,26.83
S02360,New_Visitor,Direct,Europe,Tablet,8,653.6,False,1,1,Friday,14,Dec,True,0.0
S02361,New_Visitor,Social,Asia,Tablet,3,601.4,False,0,0,Friday,20,Sep,False,0.0
S02362,New_Visitor,Direct,South America,Mobile,1,133.0,True,0,0,Wednesday,12,Feb,True,0.0
S02363,New_Visitor,Referral,Africa,Desktop,5,737.8,False,3,0,Saturday,18,Dec,False,0.0
S02364,New_Visitor,Organic,South America,Desktop,1,145.3,True,0,0,Sunday,20,Mar,False,0.0
S02365,Returning_Visitor,Referral,Asia,Desktop,2,33.2,False,1,0,Monday,19,Oct,False,0.0
S02366,New_Visitor,Organic,Europe,Desktop,5,877.9,False,2,1,Monday,20,Mar,False,0.0
S02367,New_Visitor,Social,Asia,Mobile,9,135.8,False,5,2,Friday,10,Dec,False,0.0
S02368,Returning_Visitor,Direct,North America,Mobile,3,359.4,False,0,0,Tuesday,13,May,False,0.0
S02369,New_Visitor,Organic,Africa,Desktop,3,156.6,False,1,0,Sunday,9,Jul,False,0.0
S02370,Returning_Visitor,Social,Europe,Tablet,1,109.5,True,0,0,Friday,9,Jul,False,0.0
S02371,Returning_Visitor,Organic,North America,Mobile,3,725.4,False,1,0,Wednesday,13,Feb,False,0.0
S02372,Returning_Visitor,Direct,Africa,Mobile,2,250.2,False,1,0,Wednesday,22,Jul,True,0.0
S02373,Returning_Visitor,Direct,Europe,Tablet,3,305.2,False,1,0,Friday,15,Mar,False,0.0
S02374,New_Visitor,Organic,Africa,Mobile,5,,False,2,0,Monday,20,Nov,False,0.0
S02375,Returning_Visitor,Paid,Africa,Tablet,4,471.7,False,1,0,Sunday,21,Dec,False,0.0
S02376,New_Visitor,Social,South America,Desktop,1,10.9,True,0,0,Monday,7,Nov,False,0.0
S02377,New_Visitor,Organic,North America,Desktop,2,86.3,False,0,0,Sunday,9,Jun,False,0.0
S02378,Returning_Visitor,Social,North America,Mobile,1,41.9,True,0,0,Tuesday,11,Jan,False,0.0
S02379,New_Visitor,Direct,Africa,Mobile,1,43.9,True,0,0,Saturday,15,Jan,False,0.0
S02380,Returning_Visitor,Paid,Africa,Desktop,1,77.1,True,0,0,Monday,7,Jul,False,0.0
S02381,Returning_Visitor,Direct,Europe,Mobile,8,242.0,False,2,1,Thursday,18,Sep,False,0.0
S02382,Returning_Visitor,Referral,Europe,Desktop,4,,False,1,0,Friday,7,Nov,False,0.0
S02383,Returning_Visitor,Direct,North America,Mobile,8,516.4,False,2,1,Monday,9,Aug,False,18.7
S02384,New_Visitor,Direct,Oceania,Mobile,3,206.4,False,0,0,Thursday,12,Dec,False,0.0
S02385,New_Visitor,Direct,North America,Mobile,1,34.5,True,0,0,Wednesday,14,Jul,False,0.0
S02386,Returning_Visitor,Organic,North America,Mobile,1,3.2,True,0,0,Thursday,20,Aug,False,0.0
S02387,New_Visitor,Social,Asia,Tablet,1,18.0,True,0,0,Thursday,22,Apr,False,0.0
S02388,Returning_Visitor,Direct,North America,Desktop,5,864.8,False,1,1,Saturday,20,May,False,124.99
S02389,Returning_Visitor,Paid,Oceania,Tablet,1,157.4,True,0,0,Monday,8,Sep,False,0.0
S02390,Returning_Visitor,Organic,North America,Desktop,1,62.9,True,0,0,Monday,16,Aug,False,0.0
S02391,New_Visitor,Referral,North America,Mobile,6,73.7,False,4,0,Wednesday,13,May,False,0.0
S02392,New_Visitor,Paid,Europe,Mobile,1,6.0,True,0,0,Sunday,8,Feb,False,0.0
S02393,New_Visitor,Referral,Europe,Mobile,3,537.5,False,1,0,Saturday,14,May,False,0.0
S02394,New_Visitor,Paid,North America,Mobile,2,247.8,False,1,0,Thursday,11,Jan,False,0.0
S02395,Returning_Visitor,Social,Europe,Mobile,7,213.1,False,3,0,Sunday,11,Aug,False,0.0
S02396,New_Visitor,Direct,Europe,Desktop,4,238.4,False,1,1,Saturday,8,May,False,0.0
S02397,New_Visitor,Referral,Africa,Mobile,2,294.6,False,0,0,Tuesday,23,May,False,0.0
S02398,New_Visitor,Organic,North America,Desktop,6,53.5,False,1,1,Tuesday,17,Aug,False,0.0
S02399,Returning_Visitor,Direct,Oceania,Desktop,4,242.7,False,2,0,Wednesday,10,Aug,True,0.0
S02400,Returning_Visitor,Organic,Asia,Desktop,5,755.8,False,0,0,Tuesday,21,Aug,False,0.0
S02401,New_Visitor,Social,North America,Mobile,12,1304.0,False,3,1,Friday,22,Jul,False,0.0
S02402,New_Visitor,Direct,North America,Mobile,1,20.3,True,0,0,Friday,19,Jul,False,0.0
S02403,New_Visitor,Direct,Europe,Desktop,1,182.3,True,0,0,Friday,16,Nov,True,0.0
S02404,New_Visitor,Organic,North America,Desktop,3,40.9,False,2,0,Tuesday,12,Jul,False,0.0
S02405,Returning_Visitor,Paid,Europe,Mobile,3,42.1,False,1,0,Saturday,12,Jul,False,0.0
S02406,Returning_Visitor,Organic,North America,Tablet,7,,False,1,0,Thursday,13,Dec,False,0.0
S02407,New_Visitor,Organic,Asia,Mobile,1,7.5,True,0,0,Thursday,22,Mar,False,0.0
S02408,New_Visitor,Organic,Asia,Mobile,2,172.1,False,1,0,Sunday,18,Oct,False,0.0
S02409,Returning_Visitor,Paid,North America,Mobile,3,58.1,False,1,0,Tuesday,11,Jul,False,0.0
S02410,New_Visitor,Paid,Europe,Mobile,2,244.0,False,0,0,Wednesday,15,Nov,False,0.0
S02411,Returning_Visitor,Referral,South America,Tablet,1,116.9,True,0,0,Friday,15,Jun,False,0.0
S02412,New_Visitor,Paid,North America,Mobile,1,7.4,True,0,0,Sunday,19,May,False,0.0
S02413,New_Visitor,Organic,Africa,Desktop,1,45.6,True,0,0,Monday,8,Mar,False,0.0
S02414,New_Visitor,Paid,Asia,Tablet,3,242.1,False,1,1,Saturday,17,Nov,False,0.0
S02415,New_Visitor,Organic,Oceania,Tablet,2,137.7,False,0,0,Sunday,11,Oct,False,0.0
S02416,Returning_Visitor,Organic,North America,Desktop,1,6.6,True,0,0,Wednesday,8,Feb,False,0.0
S02417,New_Visitor,Organic,Oceania,Mobile,5,116.5,False,3,2,Tuesday,17,Oct,False,0.0
S02418,New_Visitor,Referral,Asia,Mobile,5,284.0,False,1,0,Friday,11,Jan,False,0.0
S02419,New_Visitor,Social,Asia,Mobile,1,52.7,True,0,0,Tuesday,17,Mar,False,0.0
S02420,New_Visitor,Direct,Europe,Desktop,4,403.7,False,0,0,Wednesday,9,Aug,False,0.0
S02421,New_Visitor,Paid,North America,Mobile,1,3.5,True,0,0,Sunday,23,Jul,False,0.0
S02422,New_Visitor,Direct,Oceania,Desktop,6,235.7,False,2,1,Friday,19,Nov,False,0.0
S02423,Returning_Visitor,Organic,Asia,Desktop,10,1134.1,False,2,1,Monday,10,Aug,False,0.0
S02424,New_Visitor,Direct,North America,Tablet,1,303.6,True,0,0,Wednesday,17,Dec,False,0.0
S02425,New_Visitor,Referral,North America,Mobile,5,41.3,False,1,0,Friday,8,Nov,True,0.0
S02426,Returning_Visitor,Social,North America,Tablet,1,62.3,True,0,0,Thursday,16,May,False,0.0
S02427,New_Visitor,Direct,Asia,Mobile,10,0.8,False,1,0,Friday,6,Nov,False,0.0
S02428,Returning_Visitor,Referral,Asia,Mobile,2,51.6,False,1,0,Saturday,11,Nov,False,0.0
S02429,New_Visitor,Organic,Europe,Mobile,3,105.9,False,0,0,Thursday,23,Dec,True,0.0
S02430,Returning_Visitor,Referral,Europe,Desktop,5,127.3,False,3,0,Sunday,8,Jan,False,0.0
S02431,Returning_Visitor,Paid,Europe,Mobile,1,58.8,True,0,0,Sunday,15,Nov,True,0.0
S02432,Returning_Visitor,Organic,Europe,Mobile,2,1.9,False,0,0,Monday,7,Jan,False,0.0
S02433,Returning_Visitor,Paid,North America,Mobile,1,143.3,True,0,0,Tuesday,16,Jul,True,0.0
S02434,New_Visitor,Referral,North America,Desktop,3,69.0,False,0,0,Wednesday,10,Jun,False,0.0
S02435,Returning_Visitor,Organic,North America,Desktop,5,48.9,False,1,0,Tuesday,11,Dec,False,0.0
S02436,New_Visitor,Paid,Africa,Desktop,6,204.4,False,2,0,Wednesday,11,Jun,False,0.0
S02437,New_Visitor,Direct,Asia,Mobile,3,129.9,False,1,0,Wednesday,9,Aug,False,0.0
S02438,New_Visitor,Direct,Oceania,Tablet,5,16.0,False,2,1,Monday,21,Sep,False,34.42
S02439,New_Visitor,Organic,Europe,Tablet,1,96.3,True,0,0,Monday,21,Jan,False,0.0
S02440,New_Visitor,Organic,Africa,Desktop,5,401.2,False,3,1,Monday,20,Aug,False,80.42
S02441,Returning_Visitor,Social,Asia,Desktop,1,43.0,True,0,0,Monday,8,Jul,False,0.0
S02442,New_Visitor,Referral,Europe,Desktop,1,12.3,True,0,0,Thursday,10,Aug,False,0.0
S02443,Returning_Visitor,Paid,North America,Desktop,4,626.8,False,1,0,Wednesday,15,Feb,True,0.0
S02444,Returning_Visitor,Organic,Asia,Mobile,2,189.7,False,0,0,Sunday,22,Jan,False,0.0
S02445,New_Visitor,Organic,Africa,Tablet,2,31.9,False,0,0,Monday,15,Mar,False,0.0
S02446,New_Visitor,Organic,North America,Desktop,6,479.4,False,2,1,Sunday,11,Nov,False,0.0
S02447,New_Visitor,Direct,North America,Desktop,3,19.2,False,2,1,Monday,19,May,False,0.0
S02448,New_Visitor,Paid,Asia,Desktop,2,15.1,False,0,0,Friday,8,Jun,False,0.0
S02449,New_Visitor,Referral,Oceania,Desktop,2,70.6,False,1,0,Tuesday,20,Jun,False,0.0
S02450,New_Visitor,Direct,Asia,Mobile,6,435.5,False,0,0,Saturday,22,Oct,False,0.0
S02451,New_Visitor,Paid,North America,Mobile,2,299.1,False,1,0,Monday,22,Apr,False,22.83
S02452,Returning_Visitor,Social,Europe,Mobile,7,1486.8,False,2,0,Sunday,8,Jan,False,0.0
S02453,Returning_Visitor,Organic,Europe,Mobile,1,70.6,True,0,0,Monday,14,May,False,0.0
S02454,New_Visitor,Social,Africa,Desktop,3,275.2,False,0,0,Tuesday,15,Oct,False,0.0
S02455,Returning_Visitor,Direct,South America,Desktop,2,85.7,False,0,0,Thursday,9,Dec,False,0.0
S02456,New_Visitor,Organic,Asia,Desktop,3,10.4,False,0,0,Saturday,14,Jan,False,0.0
S02457,New_Visitor,Organic,North America,Mobile,3,24.1,False,1,0,Sunday,16,Nov,False,0.0
S02458,Returning_Visitor,Direct,Oceania,Mobile,3,636.0,False,1,0,Wednesday,11,Jan,False,0.0
S02459,New_Visitor,Direct,Asia,Mobile,3,89.9,False,1,0,Saturday,11,May,False,0.0
S02460,New_Visitor,Organic,Oceania,Desktop,2,177.3,False,1,0,Saturday,6,Jan,False,0.0
S02461,Returning_Visitor,Organic,Asia,Mobile,8,119.6,False,2,0,Friday,22,Dec,False,0.0
S02462,Returning_Visitor,Social,South America,Desktop,1,45.7,True,0,0,Friday,19,Oct,False,0.0
S02463,Returning_Visitor,Paid,South America,Desktop,2,19.9,False,0,0,Monday,18,May,False,0.0
S02464,Returning_Visitor,Social,Europe,Desktop,1,99.2,True,0,0,Thursday,2,May,False,0.0
S02465,Returning_Visitor,Organic,Oceania,Mobile,2,22.1,False,0,0,Saturday,15,Sep,False,0.0
S02466,New_Visitor,Organic,North America,Mobile,1,73.4,True,0,0,Thursday,9,Feb,False,0.0
S02467,New_Visitor,Organic,South America,Mobile,4,39.3,False,1,1,Sunday,16,Mar,False,0.0
S02468,New_Visitor,Organic,Oceania,Desktop,4,409.8,False,1,0,Saturday,15,Nov,False,0.0
S02469,New_Visitor,Referral,Europe,Desktop,1,41.9,True,0,0,Sunday,19,Mar,False,0.0
S02470,New_Visitor,Referral,Asia,Desktop,13,414.8,False,5,1,Monday,10,Oct,False,0.0
S02471,New_Visitor,Social,Asia,Desktop,2,49.3,False,0,0,Tuesday,3,Apr,False,0.0
S02472,Returning_Visitor,Referral,South America,Desktop,6,419.0,False,0,0,Monday,21,Feb,False,0.0
S02473,Returning_Visitor,Organic,Africa,Mobile,2,11.1,False,1,0,Sunday,21,Dec,False,0.0
S02474,Returning_Visitor,Direct,Asia,Desktop,2,232.7,False,0,0,Tuesday,13,Dec,False,0.0
S02475,New_Visitor,Referral,South America,Mobile,4,343.8,False,1,0,Wednesday,7,Aug,False,0.0
S02476,Returning_Visitor,Direct,Europe,Mobile,3,84.0,False,0,0,Tuesday,13,Jul,False,0.0
S02477,New_Visitor,Organic,North America,Desktop,3,684.0,False,1,0,Monday,14,Aug,False,0.0
S02478,Returning_Visitor,Direct,Europe,Desktop,5,535.2,False,3,1,Tuesday,19,Jun,False,0.0
S02479,New_Visitor,Organic,Asia,Mobile,4,75.8,False,2,0,Monday,17,Oct,False,0.0
S02480,Returning_Visitor,Organic,North America,Mobile,8,1049.7,False,5,0,Wednesday,7,Oct,True,0.0
S02481,New_Visitor,Social,Asia,Desktop,1,6.3,True,0,0,Sunday,17,Nov,False,0.0
S02482,Returning_Visitor,Paid,Europe,Tablet,1,70.2,True,0,0,Friday,8,Jul,True,0.0
S02483,Returning_Visitor,Organic,South America,Desktop,27,228.1,False,4,2,Friday,7,Nov,False,0.0
S02484,New_Visitor,Organic,North America,Tablet,1,223.6,True,0,0,Thursday,12,Mar,False,0.0
S02485,New_Visitor,Social,Asia,Desktop,1,3.1,True,0,0,Saturday,7,Jan,False,0.0
S02486,Returning_Visitor,Organic,Asia,Mobile,1,,True,0,0,Sunday,19,Sep,False,0.0
S02487,New_Visitor,Direct,Oceania,Mobile,4,181.3,False,0,0,Sunday,13,Feb,False,0.0
S02488,Returning_Visitor,Organic,Asia,Mobile,3,157.9,False,1,0,Monday,15,Aug,False,0.0
S02489,Returning_Visitor,Organic,South America,Desktop,1,43.2,True,0,0,Sunday,15,Oct,False,0.0
S02490,New_Visitor,Social,Africa,Desktop,1,80.8,True,0,0,Tuesday,22,Jun,False,0.0
S02491,New_Visitor,Social,Asia,Mobile,2,0.2,False,0,0,Wednesday,21,Jan,False,0.0
S02492,New_Visitor,Organic,North America,Tablet,1,49.8,True,0,0,Wednesday,19,Nov,False,0.0
S02493,Returning_Visitor,Direct,Africa,Mobile,1,57.3,True,0,0,Friday,12,Jan,False,0.0
S02494,New_Visitor,Organic,Asia,Desktop,3,42.2,False,2,0,Friday,8,Dec,False,0.0
S02495,New_Visitor,Organic,Europe,Desktop,2,129.2,False,0,0,Monday,15,Jan,False,0.0
S02496,New_Visitor,Paid,Asia,Mobile,1,63.7,True,0,0,Saturday,13,Oct,False,0.0
S02497,Returning_Visitor,Referral,Africa,Desktop,2,90.6,False,0,0,Thursday,10,Dec,False,0.0
S02498,Returning_Visitor,Direct,Oceania,Desktop,9,,False,3,2,Monday,8,Dec,False,22.46
S02499,Returning_Visitor,Social,Oceania,Mobile,1,32.3,True,0,0,Wednesday,12,Dec,False,0.0
S02500,New_Visitor,Social,Europe,Mobile,1,19.1,True,0,0,Thursday,16,Nov,False,0.0
S02501,Returning_Visitor,Social,Europe,Desktop,2,176.2,False,1,1,Monday,15,Jul,False,0.0
S02502,Returning_Visitor,Organic,North America,Desktop,1,57.8,True,0,0,Tuesday,18,Aug,False,0.0
S02503,Returning_Visitor,Organic,North America,Mobile,4,39.3,False,1,0,Sunday,13,Aug,False,0.0
S02504,Returning_Visitor,Referral,Africa,Desktop,6,301.8,False,0,0,Sunday,11,Dec,True,0.0
S02505,New_Visitor,Direct,Europe,Tablet,1,140.1,True,0,0,Monday,14,Nov,False,0.0
S02506,New_Visitor,Paid,Asia,Desktop,4,429.3,False,2,0,Friday,22,Oct,False,0.0
S02507,Returning_Visitor,Referral,Asia,Desktop,7,931.7,False,4,2,Wednesday,6,Sep,False,0.0
S02508,New_Visitor,Paid,South America,Mobile,8,1194.7,False,4,1,Thursday,14,Aug,False,101.39
S02509,Returning_Visitor,Organic,North America,Mobile,3,37.5,False,2,0,Thursday,11,Dec,False,0.0
S02510,Returning_Visitor,Paid,Europe,Desktop,1,76.3,True,0,0,Monday,8,Mar,False,0.0
S02511,New_Visitor,Direct,Europe,Desktop,4,248.1,False,2,2,Wednesday,12,Mar,False,0.0
S02512,Returning_Visitor,Paid,Europe,Desktop,4,8.2,False,2,0,Monday,16,Dec,False,0.0
S02513,New_Visitor,Organic,Oceania,Mobile,5,451.8,False,2,1,Thursday,14,Aug,False,0.0
S02514,New_Visitor,Direct,South America,Desktop,9,125.4,False,1,0,Sunday,3,Jul,True,0.0
S02515,Returning_Visitor,Social,Europe,Mobile,3,448.0,False,0,0,Sunday,15,Nov,False,0.0
S02516,Returning_Visitor,Direct,Africa,Mobile,2,216.4,False,0,0,Sunday,10,Nov,False,0.0
S02517,New_Visitor,Direct,Europe,Mobile,3,263.7,False,1,1,Sunday,11,Mar,False,62.34
S02518,New_Visitor,Paid,South America,Mobile,2,143.2,False,0,0,Monday,11,Mar,False,0.0
S02519,Returning_Visitor,Direct,North America,Mobile,1,38.1,True,0,0,Saturday,20,Nov,False,0.0
S02520,Returning_Visitor,Referral,South America,Desktop,4,383.7,False,0,0,Tuesday,6,Oct,False,0.0
S02521,Returning_Visitor,Organic,Europe,Desktop,1,102.6,True,0,0,Sunday,11,Apr,False,0.0
S02522,New_Visitor,Social,North America,Desktop,1,6.2,True,0,0,Saturday,12,Nov,False,0.0
S02523,New_Visitor,Referral,North America,Mobile,2,48.2,False,0,0,Wednesday,15,Jul,False,0.0
S02524,New_Visitor,Direct,Europe,Mobile,9,205.6,False,1,0,Thursday,18,Jul,True,0.0
S02525,Returning_Visitor,Organic,Asia,Desktop,2,16.0,False,1,1,Tuesday,17,Dec,False,21.1
S02526,New_Visitor,Referral,North America,Tablet,1,223.3,True,0,0,Tuesday,18,Jul,False,0.0
S02527,New_Visitor,Organic,Asia,Mobile,7,368.0,False,1,0,Sunday,9,Feb,False,0.0
S02528,Returning_Visitor,Organic,Asia,Mobile,3,160.4,False,2,0,Sunday,21,Apr,False,0.0
S02529,New_Visitor,Referral,Asia,Desktop,2,57.8,False,1,1,Tuesday,12,May,False,0.0
S02530,Returning_Visitor,Organic,South America,Desktop,4,351.4,False,1,0,Tuesday,1,Dec,False,0.0
S02531,Returning_Visitor,Organic,North America,Mobile,2,77.5,False,0,0,Monday,16,Apr,False,0.0
S02532,Returning_Visitor,Referral,Asia,Desktop,4,325.4,False,1,1,Sunday,15,Jun,False,0.0
S02533,New_Visitor,Organic,Oceania,Mobile,1,126.2,True,0,0,Sunday,8,Oct,False,0.0
S02534,New_Visitor,Direct,Asia,Tablet,1,64.2,True,0,0,Thursday,22,Apr,True,0.0
S02535,Returning_Visitor,Organic,Asia,Mobile,2,117.1,False,1,1,Friday,14,Oct,False,0.0
S02536,Returning_Visitor,Referral,Asia,Mobile,2,185.5,False,1,0,Saturday,13,Mar,False,0.0
S02537,Returning_Visitor,Referral,Europe,Mobile,3,125.9,False,0,0,Tuesday,12,Apr,False,0.0
S02538,New_Visitor,Social,Asia,Desktop,5,500.8,False,3,1,Sunday,9,Dec,True,0.0
S02539,Returning_Visitor,Organic,Africa,Tablet,7,40.8,False,1,0,Thursday,22,May,False,0.0
S02540,Returning_Visitor,Organic,North America,Tablet,5,83.1,False,1,0,Monday,17,Oct,False,0.0
S02541,Returning_Visitor,Organic,Africa,Mobile,2,310.2,False,1,0,Wednesday,14,Nov,False,0.0
S02542,Returning_Visitor,Direct,North America,Desktop,4,45.1,False,1,0,Friday,16,May,False,0.0
S02543,Returning_Visitor,Paid,Europe,Desktop,3,108.6,False,0,0,Wednesday,19,May,False,0.0
S02544,Returning_Visitor,Organic,Africa,Desktop,8,314.6,False,4,2,Friday,16,Oct,False,0.0
S02545,New_Visitor,Organic,South America,Mobile,4,129.7,False,1,0,Sunday,8,Aug,False,0.0
S02546,New_Visitor,Organic,Africa,Desktop,1,121.0,True,0,0,Saturday,17,May,False,0.0
S02547,New_Visitor,Referral,Oceania,Mobile,1,83.1,True,0,0,Friday,14,Oct,False,0.0
S02548,New_Visitor,Referral,Europe,Mobile,3,299.1,False,1,1,Thursday,22,Nov,False,0.0
S02549,New_Visitor,Referral,Asia,Desktop,2,569.3,False,0,0,Tuesday,17,Apr,False,0.0
S02550,New_Visitor,Paid,Europe,Mobile,1,220.9,True,0,0,Thursday,11,Jan,False,0.0
S02551,New_Visitor,Direct,Europe,Desktop,5,668.0,False,3,3,Wednesday,8,Apr,False,0.0
S02552,New_Visitor,Organic,Europe,Mobile,2,100.1,False,1,1,Sunday,13,Sep,False,0.0
S02553,Returning_Visitor,Organic,Asia,Desktop,1,21.5,True,0,0,Sunday,16,Dec,False,0.0
S02554,Returning_Visitor,Referral,Europe,Desktop,1,77.2,True,0,0,Tuesday,9,Nov,False,0.0
S02555,New_Visitor,Referral,South America,Desktop,4,715.5,False,3,2,Saturday,16,Apr,True,0.0
S02556,Returning_Visitor,Direct,Asia,Tablet,4,1110.8,False,1,1,Friday,19,Nov,False,72.95
S02557,New_Visitor,Referral,North America,Mobile,1,57.0,True,0,0,Sunday,9,Nov,False,0.0
S02558,New_Visitor,Referral,Asia,Desktop,2,144.8,False,0,0,Thursday,17,Oct,False,0.0
S02559,New_Visitor,Paid,Europe,Desktop,1,19.6,True,0,0,Saturday,7,Sep,False,0.0
S02560,New_Visitor,Referral,Europe,Mobile,10,135.1,False,4,2,Thursday,0,Nov,False,0.0
S02561,Returning_Visitor,Social,South America,Desktop,2,122.2,False,0,0,Monday,4,Nov,False,0.0
S02562,Returning_Visitor,Organic,Europe,Tablet,8,122.4,False,2,1,Monday,16,Nov,False,0.0
S02563,New_Visitor,Referral,Africa,Tablet,6,181.1,False,1,0,Monday,22,Feb,False,0.0
S02564,New_Visitor,Paid,Asia,Mobile,2,81.4,False,1,0,Wednesday,18,Oct,True,0.0
S02565,New_Visitor,Direct,Asia,Tablet,4,647.6,False,0,0,Tuesday,10,Nov,False,0.0
S02566,New_Visitor,Social,South America,Desktop,2,455.6,False,1,0,Saturday,7,Mar,False,0.0
S02567,New_Visitor,Social,North America,Desktop,12,204.4,False,4,1,Friday,15,Mar,False,0.0
S02568,New_Visitor,Organic,North America,Desktop,4,34.0,False,2,0,Sunday,0,Oct,False,0.0
S02569,Returning_Visitor,Referral,North America,Desktop,3,45.9,False,1,1,Wednesday,18,May,False,0.0
S02570,Returning_Visitor,Organic,Europe,Tablet,4,175.6,False,2,0,Sunday,10,Jun,False,0.0
S02571,New_Visitor,Paid,North America,Desktop,1,91.6,True,0,0,Friday,11,May,False,0.0
S02572,Returning_Visitor,Social,Oceania,Tablet,2,88.6,False,1,0,Thursday,11,Mar,False,0.0
S02573,New_Visitor,Organic,Europe,Mobile,4,649.2,False,1,1,Friday,18,Dec,False,0.0
S02574,New_Visitor,Organic,Asia,Desktop,1,60.9,True,0,0,Friday,10,Nov,False,0.0
S02575,New_Visitor,Referral,North America,Desktop,2,79.3,False,0,0,Tuesday,10,Apr,False,0.0
S02576,Returning_Visitor,Direct,Europe,Desktop,3,264.8,False,0,0,Saturday,14,Feb,False,0.0
S02577,Returning_Visitor,Organic,Europe,Desktop,17,1800.0,False,5,1,Saturday,13,May,False,0.0
S02578,Returning_Visitor,Direct,Asia,Mobile,8,194.5,False,2,0,Sunday,22,Jun,False,0.0
S02579,New_Visitor,Direct,Europe,Mobile,6,115.8,False,0,0,Sunday,10,Jan,False,0.0
S02580,Returning_Visitor,Organic,Europe,Mobile,3,43.2,False,2,0,Friday,7,Nov,False,0.0
S02581,New_Visitor,Social,Asia,Mobile,5,230.1,False,2,1,Friday,14,Nov,False,0.0
S02582,Returning_Visitor,Paid,South America,Desktop,3,113.7,False,1,0,Sunday,9,Nov,False,0.0
S02583,New_Visitor,Social,North America,Desktop,2,34.1,False,0,0,Sunday,12,Nov,False,0.0
S02584,New_Visitor,Social,South America,Mobile,1,76.7,True,0,0,Saturday,9,Oct,True,0.0
S02585,Returning_Visitor,Organic,Asia,Desktop,10,211.9,False,1,0,Saturday,20,Sep,False,0.0
S02586,Returning_Visitor,Organic,Asia,Desktop,3,254.3,False,1,1,Monday,11,Dec,False,0.0
S02587,New_Visitor,Organic,Europe,Mobile,4,438.2,False,0,0,Saturday,18,Oct,False,0.0
S02588,Returning_Visitor,Social,Europe,Tablet,1,120.7,True,0,0,Tuesday,22,Sep,False,0.0
S02589,New_Visitor,Paid,North America,Tablet,2,19.0,False,0,0,Thursday,21,Oct,False,0.0
S02590,Returning_Visitor,Social,Oceania,Desktop,11,241.0,False,2,0,Wednesday,14,Apr,False,0.0
S02591,Returning_Visitor,Paid,Europe,Mobile,5,,False,2,0,Wednesday,23,Dec,False,0.0
S02592,Returning_Visitor,Referral,Oceania,Desktop,7,784.6,False,3,0,Wednesday,16,Jan,False,0.0
S02593,Returning_Visitor,Direct,Europe,Tablet,2,61.5,False,0,0,Saturday,8,Sep,False,0.0
S02594,New_Visitor,Direct,North America,Desktop,1,64.7,True,0,0,Saturday,20,Feb,False,0.0
S02595,New_Visitor,Organic,Europe,Desktop,2,72.7,False,0,0,Thursday,13,Nov,False,0.0
S02596,Returning_Visitor,Organic,North America,Tablet,2,3.6,False,0,0,Friday,9,Dec,False,0.0
S02597,New_Visitor,Referral,Africa,Tablet,2,45.6,False,0,0,Sunday,18,Jun,False,0.0
S02598,New_Visitor,Direct,South America,Mobile,3,254.4,False,2,0,Wednesday,15,Nov,True,0.0
S02599,New_Visitor,Referral,Asia,Desktop,1,78.6,True,0,0,Thursday,20,May,False,0.0
S02600,New_Visitor,Referral,Asia,Mobile,9,1161.7,False,3,1,Thursday,19,Mar,True,0.0
S02601,Returning_Visitor,Organic,Asia,Mobile,8,,False,1,0,Sunday,11,Apr,True,0.0
S02602,New_Visitor,Direct,Oceania,Mobile,1,87.3,True,0,0,Wednesday,10,May,False,0.0
S02603,Returning_Visitor,Direct,North America,Desktop,4,128.7,False,0,0,Sunday,17,Sep,False,0.0
S02604,New_Visitor,Direct,South America,Desktop,3,77.5,False,0,0,Wednesday,15,Nov,False,0.0
S02605,New_Visitor,Social,Asia,Tablet,1,24.9,True,0,0,Monday,7,Mar,False,0.0
S02606,New_Visitor,Direct,Oceania,Mobile,7,72.8,False,3,0,Tuesday,9,Feb,False,0.0
S02607,New_Visitor,Referral,South America,Mobile,1,34.6,True,0,0,Wednesday,9,Apr,False,0.0
S02608,New_Visitor,Paid,Oceania,Desktop,3,299.6,False,1,0,Friday,15,Apr,False,0.0
S02609,Returning_Visitor,Paid,Asia,Mobile,2,1.5,False,1,0,Thursday,7,Apr,False,0.0
S02610,New_Visitor,Paid,North America,Tablet,6,307.9,False,1,0,Wednesday,9,Mar,False,0.0
S02611,Returning_Visitor,Organic,Europe,Desktop,3,34.2,False,1,1,Thursday,14,Jul,False,0.0
S02612,New_Visitor,Organic,Asia,Mobile,6,490.8,False,2,1,Saturday,8,Nov,False,0.0
S02613,New_Visitor,Organic,South America,Desktop,2,18.1,False,1,0,Saturday,10,Feb,False,0.0
S02614,Returning_Visitor,Organic,North America,Desktop,1,10.8,True,0,0,Saturday,21,Nov,True,0.0
S02615,New_Visitor,Paid,Europe,Mobile,1,2.6,True,0,0,Sunday,17,Jul,False,0.0
S02616,New_Visitor,Referral,North America,Mobile,6,210.5,False,2,0,Friday,11,Sep,False,0.0
S02617,New_Visitor,Organic,Africa,Mobile,2,125.1,False,0,0,Monday,20,Nov,False,0.0
S02618,New_Visitor,Organic,North America,Desktop,2,40.9,False,1,0,Wednesday,10,May,False,0.0
S02619,Returning_Visitor,Organic,Asia,Desktop,2,5.1,False,0,0,Wednesday,15,Dec,True,0.0
S02620,New_Visitor,Referral,North America,Tablet,1,161.9,True,0,0,Thursday,12,Feb,False,0.0
S02621,Returning_Visitor,Social,Europe,Desktop,5,590.9,False,2,0,Sunday,18,Jul,False,0.0
S02622,Returning_Visitor,Paid,Oceania,Mobile,2,74.6,False,0,0,Saturday,12,Apr,False,0.0
S02623,New_Visitor,Paid,North America,Desktop,3,312.0,False,0,0,Tuesday,10,Jun,True,0.0
S02624,Returning_Visitor,Organic,North America,Tablet,2,193.8,False,0,0,Thursday,15,Jun,False,0.0
S02625,New_Visitor,Direct,North America,Tablet,2,99.0,False,0,0,Friday,18,Dec,False,0.0
S02626,Returning_Visitor,Organic,Europe,Desktop,1,,True,0,0,Sunday,14,Jun,False,0.0
S02627,New_Visitor,Direct,Asia,Mobile,3,189.5,False,0,0,Monday,17,Sep,False,13.33
S02628,Returning_Visitor,Paid,Europe,Desktop,1,76.8,True,0,0,Thursday,12,Dec,False,0.0
S02629,New_Visitor,Referral,Asia,Desktop,2,206.3,False,1,0,Sunday,18,Jul,False,0.0
S02630,New_Visitor,Social,North America,Mobile,1,51.3,True,0,0,Sunday,15,Jun,False,0.0
S02631,Returning_Visitor,Direct,Africa,Mobile,5,411.4,False,1,0,Wednesday,9,Dec,False,0.0
S02632,Returning_Visitor,Organic,South America,Desktop,1,12.3,True,0,0,Monday,20,Nov,False,0.0
S02633,New_Visitor,Organic,Oceania,Mobile,7,575.8,False,3,1,Friday,19,Dec,False,0.0
S02634,New_Visitor,Direct,Oceania,Desktop,1,3.6,True,0,0,Sunday,22,Jun,False,0.0
S02635,Returning_Visitor,Social,Europe,Desktop,6,386.7,False,2,0,Wednesday,15,Sep,False,0.0
S02636,Returning_Visitor,Organic,Europe,Mobile,4,299.2,False,1,0,Sunday,16,Apr,False,0.0
S02637,Returning_Visitor,Social,Asia,Mobile,,617.0,False,1,0,Wednesday,20,Nov,False,0.0
S02638,Returning_Visitor,Social,North America,Mobile,1,32.9,True,0,0,Friday,6,Dec,False,0.0
S02639,Returning_Visitor,Direct,Europe,Mobile,1,7.3,True,0,0,Saturday,21,Apr,False,0.0
S02640,Returning_Visitor,Social,North America,Tablet,4,97.8,False,1,0,Wednesday,10,Feb,False,0.0
S02641,New_Visitor,Direct,Europe,Mobile,3,97.8,False,2,1,Wednesday,6,Mar,False,0.0
S02642,New_Visitor,Referral,Asia,Desktop,3,264.5,False,1,0,Thursday,10,Sep,False,0.0
S02643,Returning_Visitor,Social,North America,Mobile,1,,True,0,0,Saturday,15,Apr,False,0.0
S02644,Returning_Visitor,Paid,North America,Mobile,2,22.3,False,1,0,Monday,6,Sep,False,0.0
S02645,New_Visitor,Direct,Asia,Mobile,3,44.7,False,1,0,Friday,0,May,False,0.0
S02646,New_Visitor,Direct,North America,Mobile,1,15.8,True,0,0,Friday,16,Dec,False,0.0
S02647,Returning_Visitor,Organic,Oceania,Desktop,11,1699.0,False,5,0,Thursday,13,Jun,False,0.0
S02648,New_Visitor,Organic,North America,Desktop,6,62.9,False,3,1,Sunday,19,Jul,False,0.0
S02649,New_Visitor,Referral,Asia,Mobile,2,63.9,False,0,0,Friday,10,May,False,0.0
S02650,New_Visitor,Paid,Europe,Desktop,3,92.9,False,2,2,Friday,10,Feb,True,0.0
S02651,New_Visitor,Direct,North America,Mobile,3,24.6,False,1,0,Friday,7,Jul,False,0.0
S02652,New_Visitor,Organic,Europe,Mobile,1,6.9,True,0,0,Saturday,14,Oct,False,0.0
S02653,New_Visitor,Organic,Europe,Mobile,2,288.7,False,0,0,Monday,11,Dec,False,0.0
S02654,New_Visitor,Direct,Africa,Mobile,1,108.6,True,0,0,Sunday,11,Feb,False,0.0
S02655,Returning_Visitor,Organic,Asia,Desktop,2,324.8,False,1,0,Monday,13,Nov,False,0.0
S02656,New_Visitor,Organic,North America,Tablet,9,206.0,False,3,0,Friday,19,Apr,False,0.0
S02657,Returning_Visitor,Social,North America,Mobile,3,134.6,False,0,0,Friday,8,Nov,False,0.0
S02658,Returning_Visitor,Organic,Europe,Desktop,1,17.7,True,0,0,Tuesday,14,May,False,0.0
S02659,New_Visitor,Direct,North America,Desktop,4,119.4,False,1,1,Monday,9,Feb,False,0.0
S02660,Returning_Visitor,Social,Europe,Desktop,20,1800.0,False,9,2,Monday,9,Aug,True,0.0
S02661,New_Visitor,Organic,Oceania,Mobile,1,38.8,True,0,0,Tuesday,10,Dec,False,0.0
S02662,Returning_Visitor,Referral,Europe,Desktop,4,27.9,False,2,0,Sunday,13,Mar,False,0.0
S02663,New_Visitor,Referral,Asia,Desktop,6,1.2,False,1,0,Saturday,13,Jan,False,0.0
S02664,Returning_Visitor,Referral,Asia,Desktop,6,97.0,False,2,1,Monday,20,Nov,False,0.0
S02665,Returning_Visitor,Direct,South America,Mobile,4,48.6,False,1,0,Tuesday,20,Sep,False,0.0
S02666,New_Visitor,Direct,North America,Mobile,8,758.5,False,3,1,Sunday,15,Nov,False,0.0
S02667,New_Visitor,Social,South America,Mobile,1,65.9,True,0,0,Tuesday,10,Jan,False,0.0
S02668,Returning_Visitor,Social,Africa,Tablet,1,109.3,True,0,0,Sunday,19,Dec,False,0.0
S02669,Returning_Visitor,Direct,North America,Desktop,1,32.6,True,0,0,Tuesday,18,Jun,False,0.0
S02670,New_Visitor,Organic,Europe,Mobile,1,52.6,True,0,0,Saturday,18,Dec,False,0.0
S02671,Returning_Visitor,Organic,Oceania,Desktop,1,32.4,True,0,0,Wednesday,1,Jan,False,0.0
S02672,New_Visitor,Organic,South America,Mobile,6,90.0,False,3,1,Monday,18,Nov,False,0.0
S02673,Returning_Visitor,Referral,North America,Mobile,7,418.7,False,4,1,Tuesday,20,Sep,False,0.0
S02674,New_Visitor,Organic,Asia,Desktop,2,59.0,False,0,0,Friday,15,Aug,False,0.0
S02675,Returning_Visitor,Direct,Europe,Desktop,10,172.1,False,5,1,Wednesday,18,Jan,False,0.0
S02676,New_Visitor,Social,Europe,Mobile,2,334.6,False,0,0,Friday,18,Sep,True,0.0
S02677,New_Visitor,Organic,Europe,Desktop,1,6.8,True,0,0,Tuesday,14,Aug,False,0.0
S02678,New_Visitor,Social,North America,Desktop,,359.9,False,0,0,Thursday,19,Oct,False,0.0
S02679,New_Visitor,Social,Asia,Tablet,2,95.7,False,0,0,Thursday,18,Oct,False,0.0
S02680,New_Visitor,Organic,South America,Mobile,1,86.4,True,0,0,Wednesday,21,Jun,False,0.0
S02681,New_Visitor,Social,Africa,Mobile,11,62.2,False,2,0,Tuesday,21,Mar,False,0.0
S02682,Returning_Visitor,Social,North America,Mobile,3,89.1,False,1,0,Thursday,14,Dec,False,0.0
S02683,New_Visitor,Direct,South America,Desktop,3,286.2,False,1,0,Friday,4,Dec,False,0.0
S02684,New_Visitor,Organic,North America,Desktop,13,1316.5,False,6,2,Sunday,1,Mar,False,0.0
S02685,New_Visitor,Direct,Europe,Mobile,6,560.0,False,2,1,Saturday,21,Sep,False,0.0
S02686,New_Visitor,Paid,Africa,Mobile,2,163.7,False,1,0,Tuesday,11,Mar,False,0.0
S02687,New_Visitor,Referral,Europe,Desktop,1,28.4,True,0,0,Tuesday,12,Nov,False,0.0
S02688,New_Visitor,Organic,North America,Desktop,1,75.6,True,0,0,Monday,13,Feb,False,0.0
S02689,New_Visitor,Referral,North America,Desktop,,13.9,False,0,0,Monday,10,Dec,False,0.0
S02690,New_Visitor,Direct,Europe,Mobile,10,106.5,False,6,2,Tuesday,15,Aug,False,0.0
S02691,New_Visitor,Referral,South America,Desktop,7,326.1,False,4,1,Tuesday,18,Jan,False,0.0
S02692,Returning_Visitor,Social,Oceania,Tablet,1,47.9,True,0,0,Tuesday,10,Nov,False,0.0
S02693,New_Visitor,Direct,South America,Tablet,14,536.1,False,7,3,Tuesday,17,Sep,False,0.0
S02694,New_Visitor,Social,Africa,Mobile,1,79.7,True,0,0,Wednesday,16,Sep,False,0.0
S02695,Returning_Visitor,Social,Asia,Mobile,5,248.9,False,0,0,Monday,14,Apr,False,0.0
S02696,New_Visitor,Referral,Africa,Desktop,1,4.1,True,0,0,Tuesday,11,May,False,0.0
S02697,Returning_Visitor,Organic,North America,Desktop,1,130.9,True,0,0,Friday,20,Dec,False,0.0
S02698,New_Visitor,Social,Africa,Mobile,3,178.0,False,0,0,Tuesday,12,Sep,False,0.0
S02699,Returning_Visitor,Paid,Europe,Desktop,4,541.9,False,0,0,Tuesday,12,Jan,False,0.0
S02700,Returning_Visitor,Organic,Africa,Desktop,2,67.4,False,1,0,Monday,16,May,False,0.0
S02701,New_Visitor,Direct,North America,Mobile,7,0.8,False,3,1,Thursday,21,Aug,False,0.0
S02702,Returning_Visitor,Organic,Asia,Mobile,9,776.7,False,1,1,Saturday,14,Mar,False,79.44
S02703,New_Visitor,Social,Asia,Mobile,1,50.1,True,0,0,Monday,17,Feb,False,0.0
S02704,New_Visitor,Social,Oceania,Desktop,4,4.8,False,1,0,Thursday,13,Jan,False,0.0
S02705,Returning_Visitor,Organic,South America,Desktop,1,51.0,True,0,0,Friday,10,Sep,False,0.0
S02706,Returning_Visitor,Paid,Europe,Mobile,2,321.0,False,0,0,Friday,8,May,False,0.0
S02707,New_Visitor,Organic,Asia,Tablet,6,84.3,False,3,0,Sunday,8,May,False,0.0
S02708,New_Visitor,Social,Europe,Mobile,2,39.7,False,0,0,Sunday,2,Jan,True,0.0
S02709,New_Visitor,Direct,North America,Desktop,8,503.2,False,2,0,Monday,14,Oct,False,0.0
S02710,New_Visitor,Direct,North America,Desktop,2,206.4,False,0,0,Wednesday,8,Oct,False,0.0
S02711,Returning_Visitor,Organic,North America,Tablet,2,123.2,False,0,0,Friday,20,Nov,False,0.0
S02712,New_Visitor,Organic,Europe,Desktop,14,935.6,False,3,2,Sunday,23,Sep,False,0.0
S02713,New_Visitor,Referral,Africa,Desktop,2,47.5,False,1,0,Saturday,13,Oct,False,0.0
S02714,New_Visitor,Referral,Africa,Desktop,5,3.0,False,1,1,Tuesday,13,Aug,False,0.0
S02715,New_Visitor,Organic,North America,Mobile,,329.7,False,2,1,Tuesday,11,Jul,False,0.0
S02716,New_Visitor,Organic,North America,Desktop,1,320.9,True,0,0,Saturday,16,Apr,False,0.0
S02717,Returning_Visitor,Organic,North America,Desktop,3,362.3,False,1,0,Thursday,15,Jan,False,0.0
S02718,Returning_Visitor,Social,North America,Mobile,1,,True,0,0,Thursday,11,Apr,False,0.0
S02719,Returning_Visitor,Social,North America,Desktop,4,104.1,False,3,0,Friday,11,Sep,False,0.0
S02720,New_Visitor,Organic,Europe,Mobile,3,578.8,False,0,0,Monday,16,Dec,True,0.0
S02721,Returning_Visitor,Referral,Asia,Mobile,1,267.4,True,0,0,Saturday,14,Apr,False,0.0
S02722,Returning_Visitor,Organic,Asia,Mobile,5,,False,3,0,Sunday,17,Sep,False,0.0
S02723,Returning_Visitor,Paid,Europe,Desktop,5,216.8,False,2,0,Thursday,21,Jul,False,0.0
S02724,New_Visitor,Paid,Europe,Mobile,4,174.3,False,2,0,Friday,18,Sep,False,0.0
S02725,New_Visitor,Referral,Asia,Desktop,2,27.0,False,0,0,Friday,11,Jan,False,0.0
S02726,New_Visitor,Paid,South America,Desktop,4,312.6,False,1,0,Tuesday,18,Feb,False,0.0
S02727,New_Visitor,Social,Europe,Mobile,3,33.8,False,0,0,Monday,13,Mar,False,0.0
S02728,New_Visitor,Social,North America,Mobile,3,42.3,False,0,0,Monday,18,Dec,False,0.0
S02729,New_Visitor,Referral,North America,Desktop,4,269.1,False,2,0,Sunday,20,Jan,True,0.0
S02730,New_Visitor,Direct,North America,Desktop,3,366.2,False,1,0,Wednesday,10,Aug,False,0.0
S02731,Returning_Visitor,Organic,Europe,Desktop,5,328.9,False,2,0,Monday,10,Dec,False,0.0
S02732,New_Visitor,Direct,North America,Mobile,13,502.5,False,5,2,Thursday,12,Sep,True,54.88
S02733,New_Visitor,Referral,Europe,Mobile,4,285.2,False,1,0,Monday,6,Jul,False,0.0
S02734,Returning_Visitor,Organic,North America,Mobile,2,72.8,False,1,1,Monday,16,Jun,False,0.0
S02735,Returning_Visitor,Organic,Asia,Mobile,2,127.4,False,0,0,Thursday,18,Sep,False,0.0
S02736,Returning_Visitor,Direct,North America,Tablet,1,90.9,True,0,0,Thursday,11,Jul,False,0.0
S02737,Returning_Visitor,Organic,Asia,Desktop,1,0.9,True,0,0,Friday,13,Oct,False,0.0
S02738,New_Visitor,Referral,North America,Desktop,1,14.8,True,0,0,Friday,15,Aug,False,0.0
S02739,Returning_Visitor,Paid,North America,Mobile,14,1020.1,False,2,0,Friday,7,Aug,False,30.88
S02740,New_Visitor,Social,Africa,Desktop,5,153.9,False,2,2,Thursday,17,Dec,False,42.05
S02741,New_Visitor,Referral,Asia,Mobile,1,44.3,True,0,0,Friday,14,Nov,False,0.0
S02742,New_Visitor,Referral,North America,Desktop,3,207.9,False,0,0,Wednesday,15,Aug,False,0.0
S02743,New_Visitor,Direct,Asia,Tablet,1,44.9,True,0,0,Thursday,17,Jul,False,0.0
S02744,New_Visitor,Organic,Asia,Desktop,2,217.6,False,1,1,Wednesday,16,Oct,False,0.0
S02745,Returning_Visitor,Paid,Europe,Desktop,3,85.8,False,1,0,Wednesday,8,Nov,False,0.0
S02746,Returning_Visitor,Organic,Europe,Mobile,3,211.8,False,0,0,Tuesday,18,Apr,False,0.0
S02747,Returning_Visitor,Organic,Africa,Desktop,7,232.7,False,1,1,Monday,15,Sep,False,0.0
S02748,New_Visitor,Social,North America,Tablet,1,45.2,True,0,0,Thursday,17,Feb,False,0.0
S02749,Returning_Visitor,Organic,Europe,Desktop,3,21.7,False,1,0,Thursday,10,Jun,True,14.31
S02750,Returning_Visitor,Direct,Europe,Mobile,3,320.5,False,0,0,Wednesday,10,Dec,False,0.0
S02751,New_Visitor,Organic,South America,Desktop,8,185.1,False,2,0,Sunday,19,May,False,0.0
S02752,Returning_Visitor,Organic,Africa,Mobile,3,64.5,False,0,0,Thursday,12,Mar,False,0.0
S02753,New_Visitor,Organic,South America,Tablet,2,11.2,False,0,0,Sunday,15,Mar,False,0.0
S02754,New_Visitor,Organic,South America,Mobile,2,84.7,False,0,0,Friday,14,Jun,False,0.0
S02755,Returning_Visitor,Referral,Oceania,Mobile,1,32.5,True,0,0,Tuesday,15,Apr,False,0.0
S02756,New_Visitor,Social,Asia,Desktop,10,62.5,False,2,1,Sunday,7,Jun,False,0.0
S02757,New_Visitor,Direct,South America,Tablet,3,250.7,False,2,1,Sunday,11,Oct,False,0.0
S02758,Returning_Visitor,Paid,Oceania,Mobile,2,8.2,False,1,0,Thursday,7,Nov,False,0.0
S02759,Returning_Visitor,Organic,North America,Tablet,5,47.0,False,2,0,Tuesday,13,Feb,False,0.0
S02760,New_Visitor,Direct,Asia,Mobile,2,74.1,False,0,0,Tuesday,21,Oct,False,0.0
S02761,New_Visitor,Organic,Asia,Desktop,3,79.7,False,1,0,Saturday,12,Feb,False,0.0
S02762,New_Visitor,Referral,Africa,Mobile,1,19.3,True,0,0,Monday,18,May,False,0.0
S02763,Returning_Visitor,Direct,Africa,Desktop,6,298.8,False,1,1,Friday,10,Dec,False,0.0
S02764,New_Visitor,Referral,South America,Mobile,10,445.8,False,2,1,Friday,20,Jan,False,0.0
S02765,New_Visitor,Social,Oceania,Desktop,7,237.9,False,1,0,Tuesday,12,Jan,False,0.0
S02766,Returning_Visitor,Direct,Europe,Desktop,1,89.8,True,0,0,Friday,11,May,False,0.0
S02767,New_Visitor,Referral,North America,Tablet,6,248.2,False,3,0,Friday,17,Dec,False,0.0
S02768,New_Visitor,Paid,North America,Tablet,2,462.4,False,1,0,Wednesday,14,Jan,False,0.0
S02769,New_Visitor,Organic,Europe,Tablet,9,874.0,False,3,2,Thursday,11,Apr,False,0.0
S02770,Returning_Visitor,Direct,Europe,Mobile,2,13.5,False,0,0,Saturday,6,Aug,False,0.0
S02771,New_Visitor,Social,Europe,Mobile,1,19.2,True,0,0,Thursday,9,Apr,True,0.0
S02772,New_Visitor,Referral,Europe,Mobile,6,276.3,False,1,1,Friday,18,Jan,False,24.73
S02773,Returning_Visitor,Organic,Africa,Desktop,1,38.0,True,0,0,Wednesday,21,Jan,True,0.0
S02774,New_Visitor,Direct,Europe,Tablet,3,8.7,False,1,1,Monday,9,Aug,True,0.0
S02775,New_Visitor,Direct,Africa,Tablet,2,90.1,False,0,0,Sunday,15,Aug,False,0.0
S02776,New_Visitor,Direct,Africa,Mobile,5,278.9,False,1,1,Thursday,4,Oct,False,0.0
S02777,New_Visitor,Organic,Europe,Tablet,5,186.7,False,2,0,Wednesday,11,Feb,False,0.0
S02778,New_Visitor,Paid,Europe,Mobile,5,603.3,False,1,1,Friday,13,Jul,False,0.0
S02779,New_Visitor,Social,South America,Desktop,1,48.8,True,0,0,Friday,17,Aug,False,0.0
S02780,New_Visitor,Direct,Asia,Tablet,6,555.8,False,0,0,Tuesday,5,Apr,True,0.0
S02781,New_Visitor,Referral,Europe,Mobile,2,106.1,False,1,1,Sunday,18,Aug,False,0.0
S02782,Returning_Visitor,Paid,North America,Mobile,1,144.0,True,0,0,Monday,9,Oct,False,0.0
S02783,Returning_Visitor,Organic,North America,Desktop,2,28.9,False,1,0,Friday,18,Dec,False,0.0
S02784,Returning_Visitor,Organic,North America,Mobile,7,748.4,False,4,1,Thursday,15,Aug,False,0.0
S02785,Returning_Visitor,Direct,North America,Mobile,,35.7,True,0,0,Wednesday,11,Nov,False,0.0
S02786,New_Visitor,Social,North America,Mobile,5,358.8,False,3,1,Saturday,17,Nov,False,0.0
S02787,Returning_Visitor,Organic,Asia,Mobile,8,400.8,False,2,1,Friday,10,Dec,False,0.0
S02788,New_Visitor,Paid,Oceania,Desktop,1,6.9,True,0,0,Saturday,10,Oct,True,0.0
S02789,Returning_Visitor,Direct,Asia,Mobile,6,206.5,False,2,1,Wednesday,7,Mar,False,0.0
S02790,Returning_Visitor,Direct,Africa,Tablet,1,67.2,True,0,0,Sunday,12,Apr,True,0.0
S02791,Returning_Visitor,Organic,South America,Desktop,1,137.2,True,0,0,Wednesday,8,Oct,False,0.0
S02792,Returning_Visitor,Organic,Asia,Desktop,3,44.4,False,0,0,Thursday,12,Jul,False,0.0
S02793,Returning_Visitor,Social,Europe,Desktop,4,105.3,False,2,0,Sunday,0,Apr,False,0.0
S02794,New_Visitor,Paid,Europe,Tablet,1,26.8,True,0,0,Monday,9,Sep,False,0.0
S02795,New_Visitor,Direct,South America,Mobile,3,133.8,False,1,0,Monday,21,Dec,False,0.0
S02796,Returning_Visitor,Paid,Africa,Tablet,2,238.5,False,0,0,Sunday,18,May,False,0.0
S02797,New_Visitor,Social,Europe,Mobile,1,30.2,True,0,0,Sunday,10,Aug,False,0.0
S02798,Returning_Visitor,Direct,North America,Mobile,3,28.6,False,2,1,Saturday,17,Aug,False,0.0
S02799,Returning_Visitor,Referral,South America,Mobile,3,127.1,False,1,1,Thursday,16,Feb,False,0.0
S02800,New_Visitor,Direct,North America,Desktop,1,2.3,True,0,0,Thursday,9,Feb,True,0.0
S02801,Returning_Visitor,Referral,North America,Desktop,5,126.7,False,3,2,Tuesday,12,Nov,False,0.0
S02802,Returning_Visitor,Organic,South America,Mobile,1,43.3,True,0,0,Thursday,21,Dec,False,0.0
S02803,Returning_Visitor,Referral,Europe,Desktop,3,131.2,False,0,0,Thursday,17,Dec,False,0.0
S02804,Returning_Visitor,Organic,Asia,Desktop,2,205.5,False,0,0,Monday,18,Jun,False,0.0
S02805,New_Visitor,Social,Africa,Desktop,2,193.8,False,1,1,Thursday,14,Apr,False,98.59
S02806,Returning_Visitor,Social,Europe,Desktop,7,139.5,False,2,0,Thursday,16,Dec,False,0.0
S02807,Returning_Visitor,Organic,Europe,Desktop,4,86.0,False,1,0,Friday,14,Nov,False,0.0
S02808,New_Visitor,Direct,North America,Mobile,1,239.9,True,0,0,Thursday,17,Nov,False,0.0
S02809,New_Visitor,Direct,Europe,Desktop,7,208.6,False,2,1,Sunday,17,May,False,86.7
S02810,Returning_Visitor,Referral,South America,Desktop,2,18.5,False,0,0,Wednesday,4,Sep,True,0.0
S02811,New_Visitor,Organic,Europe,Desktop,2,128.4,False,0,0,Wednesday,16,Oct,False,0.0
S02812,Returning_Visitor,Referral,North America,Mobile,3,50.2,False,0,0,Friday,16,Aug,False,0.0
S02813,Returning_Visitor,Organic,North America,Mobile,1,55.5,True,0,0,Tuesday,7,Aug,False,0.0
S02814,New_Visitor,Organic,Europe,Tablet,8,826.5,False,0,0,Wednesday,12,Oct,False,0.0
S02815,Returning_Visitor,Organic,Europe,Mobile,2,22.9,False,0,0,Friday,20,Oct,False,0.0
S02816,Returning_Visitor,Organic,Asia,Desktop,2,72.1,False,0,0,Wednesday,22,Apr,False,0.0
S02817,New_Visitor,Social,Europe,Desktop,1,29.0,True,0,0,Sunday,18,Jun,False,0.0
S02818,New_Visitor,Paid,North America,Desktop,5,1800.0,False,0,0,Friday,9,Oct,False,0.0
S02819,New_Visitor,Direct,Europe,Tablet,10,746.1,False,4,0,Tuesday,12,Apr,False,0.0
S02820,New_Visitor,Direct,Africa,Mobile,7,36.1,False,3,0,Thursday,9,Dec,False,0.0
S02821,Returning_Visitor,Organic,North America,Desktop,1,15.6,True,0,0,Saturday,16,Nov,False,0.0
S02822,New_Visitor,Referral,Asia,Desktop,5,51.3,False,1,0,Friday,18,Dec,False,0.0
S02823,Returning_Visitor,Organic,Asia,Mobile,,0.9,True,0,0,Sunday,20,Apr,False,0.0
S02824,New_Visitor,Referral,Asia,Desktop,1,22.8,True,0,0,Saturday,20,Feb,True,0.0
S02825,New_Visitor,Paid,North America,Mobile,2,47.1,False,1,0,Monday,8,Feb,False,0.0
S02826,Returning_Visitor,Organic,Oceania,Mobile,4,64.3,False,1,0,Monday,8,Aug,False,0.0
S02827,Returning_Visitor,Social,Asia,Mobile,1,48.3,True,0,0,Friday,21,May,False,0.0
S02828,New_Visitor,Organic,South America,Mobile,3,44.4,False,1,0,Tuesday,19,Apr,False,0.0
S02829,New_Visitor,Direct,North America,Desktop,6,1019.3,False,2,0,Friday,13,Apr,False,0.0
S02830,New_Visitor,Organic,Asia,Mobile,1,79.1,True,0,0,Saturday,12,Aug,False,0.0
S02831,New_Visitor,Direct,South America,Mobile,2,15.5,False,0,0,Friday,14,Aug,False,0.0
S02832,Returning_Visitor,Organic,Europe,Desktop,3,56.4,False,1,1,Wednesday,15,Jun,False,0.0
S02833,New_Visitor,Direct,Europe,Mobile,6,1455.1,False,1,0,Friday,10,Feb,False,0.0
S02834,New_Visitor,Direct,Asia,Mobile,5,67.0,False,3,1,Monday,12,Dec,False,0.0
S02835,New_Visitor,Direct,North America,Desktop,5,37.3,False,3,2,Saturday,15,Jun,False,0.0
S02836,Returning_Visitor,Referral,Asia,Mobile,4,63.5,False,1,0,Friday,9,Feb,False,14.71
S02837,Returning_Visitor,Paid,North America,Desktop,3,225.2,False,1,0,Thursday,23,Jan,False,0.0
S02838,New_Visitor,Direct,North America,Mobile,3,131.3,False,1,0,Tuesday,10,Mar,True,44.86
S02839,Returning_Visitor,Organic,Asia,Desktop,2,8.4,False,0,0,Saturday,14,Apr,False,0.0
S02840,New_Visitor,Organic,North America,Mobile,3,80.8,False,0,0,Thursday,14,Sep,False,0.0
S02841,New_Visitor,Paid,Oceania,Desktop,6,32.6,False,1,1,Monday,13,Dec,False,0.0
S02842,Returning_Visitor,Referral,Africa,Desktop,3,61.8,False,2,0,Sunday,10,Apr,False,0.0
S02843,Returning_Visitor,Direct,Asia,Mobile,13,146.2,False,6,1,Saturday,14,Oct,False,0.0
S02844,Returning_Visitor,Organic,South America,Mobile,1,15.0,True,0,0,Friday,7,Dec,False,0.0
S02845,Returning_Visitor,Direct,Africa,Tablet,2,180.7,False,1,1,Thursday,12,Jun,False,0.0
S02846,New_Visitor,Organic,North America,Mobile,1,91.8,True,0,0,Sunday,10,Apr,False,0.0
S02847,Returning_Visitor,Paid,South America,Mobile,2,158.2,False,1,0,Saturday,8,Jul,False,0.0
S02848,New_Visitor,Paid,North America,Mobile,5,349.7,False,2,1,Thursday,21,Dec,False,0.0
S02849,Returning_Visitor,Organic,Europe,Desktop,6,101.3,False,2,1,Friday,17,Jan,False,0.0
S02850,New_Visitor,Direct,Asia,Desktop,1,34.9,True,0,0,Tuesday,9,Jul,False,0.0
S02851,Returning_Visitor,Organic,Asia,Desktop,10,369.8,False,3,1,Tuesday,22,Oct,False,0.0
S02852,New_Visitor,Direct,North America,Desktop,7,321.5,False,2,1,Tuesday,10,Aug,False,0.0
S02853,New_Visitor,Paid,North America,Desktop,8,931.4,False,5,2,Wednesday,10,Jul,True,9.13
S02854,Returning_Visitor,Direct,Asia,Tablet,2,263.4,False,0,0,Saturday,8,Aug,False,0.0
S02855,New_Visitor,Direct,Europe,Mobile,3,43.8,False,0,0,Monday,17,Aug,False,0.0
S02856,New_Visitor,Organic,South America,Tablet,1,33.9,True,0,0,Saturday,15,Sep,False,0.0
S02857,New_Visitor,Social,Asia,Tablet,2,19.2,False,0,0,Thursday,6,May,False,0.0
S02858,New_Visitor,Referral,North America,Desktop,1,62.7,True,0,0,Wednesday,3,Jul,False,0.0
S02859,New_Visitor,Direct,North America,Desktop,6,305.6,False,3,0,Wednesday,14,Apr,False,0.0
S02860,New_Visitor,Organic,Asia,Mobile,3,342.5,False,2,0,Thursday,16,Dec,False,0.0
S02861,Returning_Visitor,Direct,Europe,Tablet,1,43.9,True,0,0,Wednesday,19,Mar,False,0.0
S02862,New_Visitor,Paid,North America,Mobile,7,638.0,False,4,0,Wednesday,13,Mar,False,0.0
S02863,Returning_Visitor,Direct,Europe,Mobile,1,23.0,True,0,0,Saturday,16,Apr,False,0.0
S02864,Returning_Visitor,Direct,Europe,Desktop,8,568.8,False,3,1,Friday,17,Dec,False,0.0
S02865,New_Visitor,Direct,North America,Desktop,1,2.5,True,0,0,Saturday,15,Sep,False,0.0
S02866,Returning_Visitor,Social,Europe,Desktop,4,39.4,False,2,1,Friday,11,Jun,False,0.0
S02867,New_Visitor,Direct,South America,Desktop,4,142.2,False,0,0,Saturday,8,Dec,False,0.0
S02868,Returning_Visitor,Organic,Asia,Tablet,5,653.8,False,2,2,Tuesday,16,Dec,False,0.0
S02869,New_Visitor,Referral,South America,Desktop,3,389.5,False,0,0,Sunday,18,Jun,False,0.0
S02870,New_Visitor,Referral,North America,Tablet,2,109.6,False,0,0,Thursday,9,Aug,False,0.0
S02871,Returning_Visitor,Social,Europe,Desktop,1,8.3,True,0,0,Friday,13,Dec,False,0.0
S02872,Returning_Visitor,Paid,Asia,Tablet,9,616.9,False,1,0,Friday,12,May,False,0.0
S02873,Returning_Visitor,Direct,Asia,Mobile,2,23.4,False,0,0,Thursday,9,Jun,False,0.0
S02874,New_Visitor,Organic,Asia,Mobile,6,155.3,False,0,0,Sunday,10,Nov,False,0.0
S02875,Returning_Visitor,Paid,Asia,Desktop,4,90.5,False,1,0,Tuesday,10,Sep,False,0.0
S02876,New_Visitor,Direct,Asia,Mobile,4,518.0,False,1,1,Wednesday,12,Jan,False,0.0
S02877,New_Visitor,Referral,North America,Tablet,11,780.6,False,3,2,Monday,12,Feb,False,0.0
S02878,New_Visitor,Referral,Asia,Desktop,,13.3,False,1,0,Tuesday,14,Nov,False,0.0
S02879,Returning_Visitor,Direct,Asia,Desktop,4,445.0,False,1,0,Friday,7,Jan,False,0.0
S02880,New_Visitor,Organic,Oceania,Desktop,6,202.6,False,0,0,Monday,15,Dec,True,0.0
S02881,New_Visitor,Social,Asia,Desktop,1,84.3,True,0,0,Sunday,2,Apr,False,0.0
S02882,Returning_Visitor,Social,Asia,Desktop,17,1529.1,False,4,1,Friday,10,Aug,False,0.0
S02883,New_Visitor,Referral,Europe,Mobile,1,397.9,True,0,0,Thursday,13,Aug,False,0.0
S02884,New_Visitor,Direct,Africa,Desktop,4,102.3,False,2,0,Wednesday,16,Jun,False,0.0
S02885,New_Visitor,Organic,Oceania,Mobile,10,1199.0,False,4,2,Monday,18,Jan,False,0.0
S02886,Returning_Visitor,Organic,South America,Tablet,5,101.4,False,2,1,Sunday,4,Mar,False,0.0
S02887,New_Visitor,Direct,Asia,Mobile,1,324.8,True,0,0,Friday,14,Aug,False,0.0
S02888,New_Visitor,Direct,North America,Desktop,2,,False,0,0,Wednesday,11,Jun,False,0.0
S02889,Returning_Visitor,Paid,Asia,Mobile,2,129.5,False,1,0,Monday,17,Jun,False,0.0
S02890,Returning_Visitor,Social,Asia,Desktop,3,936.9,False,0,0,Wednesday,10,Feb,False,0.0
S02891,New_Visitor,Referral,South America,Desktop,3,40.3,False,0,0,Tuesday,18,May,False,0.0
S02892,Returning_Visitor,Direct,North America,Desktop,5,293.4,False,1,0,Saturday,15,Jul,False,0.0
S02893,Returning_Visitor,Organic,Asia,Tablet,6,1800.0,False,2,1,Friday,18,Feb,True,0.0
S02894,Returning_Visitor,Paid,North America,Mobile,1,172.9,True,0,0,Thursday,23,Jan,False,0.0
S02895,New_Visitor,Direct,South America,Desktop,1,15.0,True,0,0,Sunday,21,Jul,False,0.0
S02896,Returning_Visitor,Organic,North America,Mobile,2,12.5,False,0,0,Tuesday,15,Aug,False,0.0
S02897,New_Visitor,Direct,Asia,Desktop,1,33.3,True,0,0,Thursday,20,Apr,False,0.0
S02898,New_Visitor,Paid,North America,Tablet,2,172.9,False,1,1,Friday,9,May,False,0.0
S02899,New_Visitor,Paid,North America,Tablet,2,187.1,False,0,0,Monday,5,Nov,False,0.0
S02900,New_Visitor,Organic,Asia,Desktop,3,168.3,False,1,1,Wednesday,14,Nov,False,0.0
S02901,New_Visitor,Paid,North America,Desktop,1,57.3,True,0,0,Friday,22,May,False,0.0
S02902,Returning_Visitor,Organic,Asia,Mobile,2,15.4,False,1,0,Wednesday,17,May,False,0.0
S02903,New_Visitor,Organic,Africa,Mobile,3,104.8,False,2,0,Thursday,11,Nov,False,0.0
S02904,New_Visitor,Social,Oceania,Desktop,5,257.5,False,3,1,Friday,16,Dec,False,0.0
S02905,New_Visitor,Paid,North America,Mobile,5,345.2,False,0,0,Wednesday,5,May,False,0.0
S02906,New_Visitor,Referral,South America,Desktop,2,11.6,False,0,0,Monday,13,Oct,True,0.0
S02907,Returning_Visitor,Referral,Europe,Mobile,2,140.8,False,1,0,Monday,10,Jul,False,0.0
S02908,New_Visitor,Social,Africa,Desktop,1,170.1,True,0,0,Thursday,6,Apr,False,0.0
S02909,New_Visitor,Social,South America,Mobile,1,92.6,True,0,0,Tuesday,10,Sep,True,0.0
S02910,New_Visitor,Paid,North America,Mobile,7,410.7,False,2,1,Sunday,17,Jul,False,0.0
S02911,New_Visitor,Referral,Europe,Mobile,5,30.7,False,0,0,Saturday,14,Apr,False,0.0
S02912,New_Visitor,Paid,Europe,Mobile,1,94.9,True,0,0,Wednesday,2,Feb,False,0.0
S02913,Returning_Visitor,Paid,South America,Mobile,7,456.8,False,4,1,Saturday,12,Nov,False,0.0
S02914,Returning_Visitor,Organic,Europe,Desktop,3,143.2,False,1,1,Thursday,18,Nov,False,0.0
S02915,New_Visitor,Social,Asia,Desktop,5,486.1,False,1,0,Tuesday,22,Feb,False,0.0
S02916,Returning_Visitor,Direct,Asia,Desktop,3,202.0,False,0,0,Friday,20,Sep,True,0.0
S02917,Returning_Visitor,Direct,Oceania,Desktop,1,38.1,True,0,0,Friday,0,Mar,False,0.0
S02918,Returning_Visitor,Referral,Oceania,Mobile,2,32.1,False,0,0,Monday,10,Sep,False,0.0
S02919,New_Visitor,Organic,Europe,Desktop,2,84.2,False,0,0,Wednesday,9,Dec,False,0.0
S02920,New_Visitor,Direct,Asia,Desktop,5,50.2,False,3,1,Monday,12,Apr,False,0.0
S02921,New_Visitor,Paid,South America,Mobile,6,22.4,False,1,0,Wednesday,16,May,False,0.0
S02922,Returning_Visitor,Organic,Africa,Mobile,5,80.0,False,0,0,Wednesday,9,Nov,False,0.0
S02923,Returning_Visitor,Direct,North America,Mobile,2,54.9,False,0,0,Friday,21,Oct,True,0.0
S02924,New_Visitor,Paid,Europe,Desktop,4,249.8,False,1,0,Tuesday,18,Jun,False,0.0
S02925,New_Visitor,Direct,Europe,Desktop,2,83.0,False,0,0,Monday,12,Nov,False,0.0
S02926,Returning_Visitor,Direct,Europe,Mobile,14,1116.0,False,4,2,Wednesday,15,Dec,False,0.0
S02927,Returning_Visitor,Direct,North America,Tablet,1,80.2,True,0,0,Saturday,14,Jun,False,0.0
S02928,Returning_Visitor,Direct,Europe,Desktop,4,,False,1,0,Wednesday,15,Jan,False,0.0
S02929,Returning_Visitor,Referral,Asia,Mobile,1,47.6,True,0,0,Wednesday,20,Jul,False,0.0
S02930,New_Visitor,Social,Europe,Tablet,1,65.3,True,0,0,Thursday,9,Oct,False,0.0
S02931,Returning_Visitor,Direct,Asia,Mobile,5,1137.3,False,3,0,Saturday,16,Apr,True,0.0
S02932,Returning_Visitor,Social,North America,Desktop,4,293.6,False,2,0,Thursday,8,Feb,False,0.0
S02933,New_Visitor,Direct,Africa,Mobile,1,81.4,True,0,0,Monday,13,Apr,False,0.0
S02934,New_Visitor,Direct,Oceania,Mobile,4,82.6,False,1,1,Tuesday,16,Jan,False,0.0
S02935,Returning_Visitor,Referral,Asia,Mobile,1,39.0,True,0,0,Tuesday,1,Oct,False,0.0
S02936,New_Visitor,Social,Africa,Tablet,11,377.1,False,4,0,Thursday,8,Mar,False,0.0
S02937,Returning_Visitor,Referral,North America,Mobile,3,78.5,False,0,0,Monday,7,Oct,False,0.0
S02938,Returning_Visitor,Organic,South America,Mobile,1,36.9,True,0,0,Tuesday,12,Apr,False,0.0
S02939,Returning_Visitor,Organic,North America,Tablet,1,54.7,True,0,0,Friday,15,Dec,False,0.0
S02940,New_Visitor,Organic,Europe,Mobile,1,58.7,True,0,0,Wednesday,23,Jul,False,0.0
S02941,New_Visitor,Organic,Europe,Mobile,1,109.8,True,0,0,Friday,10,Jan,False,0.0
S02942,Returning_Visitor,Referral,Asia,Mobile,3,192.2,False,2,0,Wednesday,8,Oct,False,0.0
S02943,New_Visitor,Organic,Europe,Mobile,1,122.1,True,0,0,Sunday,12,Jun,False,0.0
S02944,Returning_Visitor,Social,Asia,Mobile,2,128.3,False,0,0,Sunday,8,Aug,False,0.0
S02945,Returning_Visitor,Organic,Europe,Desktop,1,25.9,True,0,0,Saturday,2,Dec,False,0.0
S02946,New_Visitor,Direct,Africa,Mobile,4,239.2,False,0,0,Sunday,14,Jul,True,0.0
S02947,New_Visitor,Direct,Asia,Mobile,3,235.0,False,1,0,Tuesday,20,Nov,False,0.0
S02948,New_Visitor,Organic,North America,Mobile,3,208.3,False,0,0,Saturday,20,May,False,0.0
S02949,New_Visitor,Paid,Europe,Mobile,11,1251.7,False,5,1,Wednesday,8,Oct,False,0.0
S02950,Returning_Visitor,Organic,South America,Desktop,2,283.2,False,0,0,Saturday,8,Feb,False,0.0
S02951,Returning_Visitor,Direct,Europe,Desktop,1,24.5,True,0,0,Wednesday,13,Dec,False,0.0
S02952,Returning_Visitor,Social,Europe,Mobile,21,103.6,False,6,2,Tuesday,12,Mar,False,0.0
S02953,Returning_Visitor,Referral,Asia,Tablet,1,64.1,True,0,0,Sunday,17,May,False,0.0
S02954,New_Visitor,Organic,Europe,Desktop,5,35.0,False,3,0,Tuesday,13,Dec,False,0.0
S02955,Returning_Visitor,Direct,North America,Mobile,1,129.2,True,0,0,Saturday,2,Mar,False,0.0
S02956,Returning_Visitor,Social,Europe,Mobile,4,414.5,False,2,1,Friday,10,Apr,False,0.0
S02957,Returning_Visitor,Paid,North America,Mobile,2,150.0,False,1,0,Wednesday,20,Aug,False,0.0
S02958,Returning_Visitor,Paid,North America,Mobile,6,938.2,False,2,0,Thursday,14,Dec,False,0.0
S02959,New_Visitor,Direct,North America,Desktop,4,523.7,False,1,0,Monday,18,Sep,False,0.0
S02960,Returning_Visitor,Paid,Europe,Mobile,1,153.8,True,0,0,Sunday,12,Feb,False,0.0
S02961,New_Visitor,Organic,Europe,Mobile,4,319.1,False,0,0,Sunday,16,Oct,False,0.0
S02962,New_Visitor,Organic,Oceania,Mobile,1,27.6,True,0,0,Saturday,9,Jun,False,0.0
S02963,New_Visitor,Social,Asia,Mobile,1,2.9,True,0,0,Saturday,17,Dec,False,0.0
S02964,Returning_Visitor,Organic,South America,Desktop,1,3.8,True,0,0,Monday,18,Sep,False,0.0
S02965,Returning_Visitor,Organic,North America,Tablet,1,94.5,True,0,0,Wednesday,7,Jul,False,0.0
S02966,Returning_Visitor,Organic,North America,Mobile,4,51.0,False,1,0,Wednesday,9,Aug,False,0.0
S02967,Returning_Visitor,Direct,South America,Mobile,15,338.0,False,5,1,Thursday,13,Sep,False,0.0
S02968,Returning_Visitor,Social,Asia,Tablet,4,211.7,False,0,0,Tuesday,16,Oct,False,0.0
S02969,Returning_Visitor,Referral,North America,Tablet,4,33.7,False,2,0,Thursday,16,Feb,False,0.0
S02970,New_Visitor,Organic,Europe,Mobile,5,1266.5,False,2,0,Friday,16,Feb,False,0.0
S02971,New_Visitor,Direct,Europe,Mobile,7,713.5,False,2,0,Monday,17,May,False,0.0
S02972,New_Visitor,Paid,South America,Mobile,1,52.7,True,0,0,Monday,14,Jul,False,0.0
S02973,Returning_Visitor,Social,North America,Desktop,3,430.4,False,1,0,Monday,15,May,False,0.0
S02974,Returning_Visitor,Direct,Asia,Desktop,1,40.8,True,0,0,Saturday,0,Mar,False,0.0
S02975,New_Visitor,Paid,Asia,Mobile,3,409.1,False,1,0,Wednesday,9,Dec,False,0.0
S02976,New_Visitor,Social,Oceania,Mobile,1,104.9,True,0,0,Tuesday,13,Jan,False,0.0
S02977,Returning_Visitor,Organic,South America,Desktop,1,0.9,True,0,0,Saturday,18,Dec,False,0.0
S02978,New_Visitor,Organic,North America,Tablet,,95.6,True,0,0,Monday,19,Dec,False,0.0
S02979,Returning_Visitor,Organic,Asia,Mobile,12,1103.1,False,2,0,Wednesday,17,Sep,False,0.0
S02980,Returning_Visitor,Social,South America,Mobile,1,22.9,True,0,0,Saturday,13,Jan,False,0.0
S02981,New_Visitor,Organic,Asia,Desktop,4,163.0,False,0,0,Friday,10,Apr,False,0.0
S02982,New_Visitor,Direct,South America,Desktop,7,62.5,False,4,1,Thursday,13,Dec,False,0.0
S02983,Returning_Visitor,Organic,Africa,Tablet,2,131.8,False,0,0,Tuesday,0,Dec,False,0.0
S02984,Returning_Visitor,Paid,North America,Desktop,4,269.3,False,1,0,Tuesday,15,Dec,True,0.0
S02985,New_Visitor,Direct,North America,Mobile,2,478.5,False,0,0,Friday,7,Dec,False,0.0
S02986,Returning_Visitor,Paid,South America,Mobile,3,230.9,False,1,0,Monday,8,Jan,False,0.0
S02987,New_Visitor,Paid,North America,Mobile,9,320.2,False,3,1,Sunday,15,Aug,False,0.0
S02988,New_Visitor,Organic,North America,Mobile,1,11.9,True,0,0,Wednesday,1,Nov,False,0.0
S02989,Returning_Visitor,Direct,Europe,Desktop,1,93.0,True,0,0,Wednesday,15,May,False,0.0
S02990,Returning_Visitor,Organic,South America,Desktop,1,26.2,True,0,0,Tuesday,16,Jun,False,0.0
S02991,New_Visitor,Paid,North America,Mobile,3,517.9,False,1,1,Sunday,18,Apr,True,0.0
S02992,Returning_Visitor,Direct,Asia,Mobile,5,97.3,False,1,0,Friday,7,Jan,False,0.0
S02993,Returning_Visitor,Organic,North America,Desktop,12,157.6,False,5,0,Thursday,0,Feb,True,0.0
S02994,New_Visitor,Organic,North America,Desktop,1,58.1,True,0,0,Friday,18,Jan,False,0.0
S02995,New_Visitor,Direct,Europe,Desktop,1,148.4,True,0,0,Wednesday,10,Jul,False,0.0
S02996,Returning_Visitor,Paid,North America,Mobile,1,9.1,True,0,0,Thursday,20,Aug,False,0.0
S02997,New_Visitor,Referral,South America,Desktop,11,27.9,False,5,1,Wednesday,9,May,True,105.21
S02998,New_Visitor,Paid,Africa,Desktop,2,410.8,False,0,0,Wednesday,15,Nov,False,0.0
S02999,New_Visitor,Direct,South America,Mobile,1,8.8,True,0,0,Wednesday,8,Nov,False,0.0
S03000,Returning_Visitor,Organic,North America,Desktop,4,,False,2,0,Monday,12,Feb,False,0.0
S03001,Returning_Visitor,Paid,Europe,Mobile,1,13.3,True,0,0,Monday,20,Jan,False,0.0
S03002,Returning_Visitor,Organic,North America,Desktop,2,22.0,False,0,0,Tuesday,15,May,False,0.0
S03003,New_Visitor,Paid,North America,Tablet,1,10.2,True,0,0,Tuesday,17,Oct,False,0.0
S03004,Returning_Visitor,Direct,Europe,Desktop,11,816.9,False,3,0,Sunday,10,Jul,False,0.0
S03005,Returning_Visitor,Organic,Asia,Desktop,2,171.1,False,0,0,Friday,21,Jul,False,0.0
S03006,Returning_Visitor,Referral,North America,Tablet,1,7.7,True,0,0,Sunday,15,Mar,False,0.0
S03007,Returning_Visitor,Paid,North America,Desktop,,35.2,False,1,0,Wednesday,8,May,False,0.0
S03008,New_Visitor,Paid,Africa,Mobile,1,163.4,True,0,0,Wednesday,1,Dec,False,0.0
S03009,Returning_Visitor,Organic,Europe,Desktop,4,213.3,False,2,1,Friday,1,May,False,0.0
S03010,New_Visitor,Organic,Oceania,Desktop,2,182.4,False,0,0,Friday,6,Aug,False,0.0
S03011,New_Visitor,Referral,Oceania,Mobile,1,5.0,True,0,0,Thursday,21,Jan,False,0.0
S03012,New_Visitor,Referral,Europe,Tablet,2,6.5,False,1,0,Friday,11,Jan,False,0.0
S03013,New_Visitor,Social,North America,Mobile,21,635.7,False,3,0,Friday,11,Jun,False,0.0
S03014,New_Visitor,Organic,South America,Mobile,6,291.7,False,1,0,Saturday,12,Aug,False,0.0
S03015,Returning_Visitor,Paid,North America,Mobile,11,307.6,False,6,1,Friday,12,May,False,0.0
S03016,New_Visitor,Referral,North America,Desktop,8,599.9,False,2,0,Sunday,10,Mar,False,0.0
S03017,Returning_Visitor,Social,South America,Mobile,6,398.6,False,2,1,Sunday,7,Oct,False,0.0
S03018,New_Visitor,Direct,Europe,Desktop,2,71.1,False,1,1,Wednesday,8,Mar,False,0.0
S03019,New_Visitor,Direct,North America,Desktop,4,19.9,False,0,0,Monday,15,Sep,False,0.0
S03020,Returning_Visitor,Paid,Asia,Desktop,2,108.6,False,1,1,Monday,12,Dec,False,0.0
S03021,New_Visitor,Referral,Asia,Tablet,2,33.2,False,0,0,Monday,21,Jul,False,42.2
S03022,New_Visitor,Paid,North America,Desktop,7,204.7,False,3,0,Monday,13,Mar,False,0.0
S03023,Returning_Visitor,Paid,North America,Mobile,1,0.9,True,0,0,Wednesday,14,Nov,False,0.0
S03024,New_Visitor,Referral,North America,Desktop,2,88.4,False,1,0,Monday,21,Jul,False,0.0
S03025,New_Visitor,Direct,Europe,Desktop,8,576.3,False,1,1,Friday,13,Dec,False,0.0
S03026,New_Visitor,Organic,South America,Mobile,4,206.8,False,2,1,Tuesday,13,Oct,False,0.0
S03027,Returning_Visitor,Organic,Asia,Mobile,1,83.6,True,0,0,Thursday,11,Jun,False,0.0
S03028,Returning_Visitor,Organic,Asia,Mobile,1,446.7,True,0,0,Monday,17,Aug,False,0.0
S03029,Returning_Visitor,Organic,North America,Desktop,3,180.2,False,1,0,Saturday,12,Mar,False,0.0
S03030,Returning_Visitor,Organic,North America,Tablet,5,75.0,False,1,0,Saturday,15,Jun,True,0.0
S03031,New_Visitor,Direct,North America,Desktop,5,254.8,False,3,0,Wednesday,13,Aug,False,0.0
S03032,New_Visitor,Direct,North America,Mobile,2,33.7,False,1,0,Sunday,14,Aug,False,0.0
S03033,Returning_Visitor,Direct,North America,Mobile,1,24.0,True,0,0,Tuesday,19,Aug,False,0.0
S03034,New_Visitor,Organic,Europe,Mobile,5,130.2,False,2,1,Saturday,12,Oct,False,0.0
S03035,New_Visitor,Organic,North America,Tablet,9,396.3,False,3,1,Thursday,10,Feb,False,0.0
S03036,New_Visitor,Referral,South America,Mobile,2,89.0,False,0,0,Wednesday,15,Feb,False,0.0
S03037,New_Visitor,Direct,South America,Desktop,1,66.0,True,0,0,Monday,21,Mar,False,0.0
S03038,Returning_Visitor,Direct,Asia,Desktop,3,103.6,False,1,0,Tuesday,17,Nov,False,0.0
S03039,New_Visitor,Referral,North America,Desktop,1,12.5,True,0,0,Sunday,11,Jan,False,0.0
S03040,New_Visitor,Social,Africa,Desktop,3,121.6,False,0,0,Friday,22,Apr,False,0.0
S03041,New_Visitor,Direct,Oceania,Tablet,1,95.5,True,0,0,Tuesday,11,Apr,False,0.0
S03042,Returning_Visitor,Referral,North America,Desktop,3,218.4,False,1,1,Thursday,23,Sep,False,0.0
S03043,New_Visitor,Paid,Asia,Mobile,3,22.0,False,1,1,Monday,9,Jun,False,0.0
S03044,New_Visitor,Social,South America,Mobile,2,355.6,False,0,0,Monday,23,Mar,False,0.0
S03045,Returning_Visitor,Direct,Europe,Mobile,6,131.4,False,1,1,Sunday,7,Jun,False,0.0
S03046,Returning_Visitor,Referral,Europe,Mobile,2,106.0,False,0,0,Thursday,17,Sep,False,0.0
S03047,New_Visitor,Organic,Europe,Mobile,1,2.0,True,0,0,Wednesday,17,Oct,False,0.0
S03048,New_Visitor,Referral,Europe,Desktop,2,288.3,False,0,0,Sunday,16,Feb,False,0.0
S03049,New_Visitor,Paid,Europe,Mobile,10,690.4,False,5,2,Wednesday,18,Oct,False,0.0
S03050,New_Visitor,Direct,Africa,Desktop,7,135.7,False,3,0,Wednesday,13,Jan,False,0.0
S03051,New_Visitor,Paid,Asia,Tablet,2,138.0,False,1,1,Tuesday,6,Oct,False,0.0
S03052,New_Visitor,Direct,North America,Desktop,1,20.8,True,0,0,Thursday,11,Sep,False,0.0
S03053,New_Visitor,Paid,Asia,Desktop,2,36.1,False,1,0,Thursday,16,Jul,False,0.0
S03054,New_Visitor,Referral,Asia,Mobile,4,142.2,False,0,0,Monday,16,Feb,False,0.0
S03055,Returning_Visitor,Organic,North America,Mobile,8,439.9,False,5,2,Friday,9,Oct,False,0.0
S03056,Returning_Visitor,Referral,Europe,Mobile,3,42.3,False,1,1,Saturday,10,Feb,False,0.0
S03057,Returning_Visitor,Organic,Africa,Desktop,6,489.0,False,2,1,Friday,13,Dec,False,0.0
S03058,New_Visitor,Organic,Asia,Desktop,4,207.1,False,0,0,Sunday,17,Oct,False,0.0
S03059,New_Visitor,Social,North America,Desktop,1,0.4,True,0,0,Tuesday,20,Oct,False,0.0
S03060,Returning_Visitor,Organic,North America,Mobile,7,334.8,False,2,1,Tuesday,7,Oct,False,0.0
S03061,New_Visitor,Social,Europe,Mobile,1,32.8,True,0,0,Friday,21,Jan,False,0.0
S03062,New_Visitor,Organic,Europe,Desktop,2,132.8,False,1,0,Tuesday,21,Dec,False,0.0
S03063,Returning_Visitor,Organic,Europe,Mobile,6,821.0,False,1,0,Monday,0,Nov,False,0.0
S03064,Returning_Visitor,Paid,Asia,Desktop,12,219.4,False,8,2,Monday,14,Jul,False,0.0
S03065,Returning_Visitor,Direct,North America,Tablet,2,134.4,False,1,0,Saturday,15,Oct,True,0.0
S03066,New_Visitor,Referral,North America,Desktop,2,19.7,False,1,0,Monday,14,Oct,False,0.0
S03067,New_Visitor,Referral,Europe,Mobile,2,10.7,False,0,0,Tuesday,15,Nov,False,0.0
S03068,Returning_Visitor,Referral,North America,Mobile,3,483.4,False,2,1,Monday,14,Apr,False,0.0
S03069,New_Visitor,Paid,Africa,Desktop,5,594.8,False,0,0,Saturday,11,May,False,0.0
S03070,Returning_Visitor,Referral,North America,Desktop,6,250.5,False,3,0,Thursday,8,Nov,False,0.0
S03071,Returning_Visitor,Direct,Asia,Desktop,15,134.0,False,8,2,Tuesday,9,Oct,False,0.0
S03072,Returning_Visitor,Paid,Europe,Desktop,5,91.7,False,2,0,Saturday,17,Jul,False,22.91
S03073,New_Visitor,Organic,Europe,Mobile,2,100.5,False,1,1,Saturday,10,Jun,False,0.0
S03074,New_Visitor,Direct,South America,Desktop,2,126.6,False,0,0,Thursday,19,Dec,False,0.0
S03075,Returning_Visitor,Paid,Europe,Desktop,3,211.2,False,2,0,Tuesday,12,Jun,False,0.0
S03076,Returning_Visitor,Referral,Asia,Desktop,4,330.6,False,0,0,Friday,12,Oct,False,5.35
S03077,Returning_Visitor,Social,Europe,Desktop,1,14.1,True,0,0,Sunday,20,Jun,False,0.0
S03078,New_Visitor,Referral,Asia,Desktop,2,42.2,False,1,0,Monday,10,May,False,0.0
S03079,New_Visitor,Social,South America,Desktop,1,0.8,True,0,0,Tuesday,9,Sep,False,0.0
S03080,Returning_Visitor,Paid,Asia,Mobile,3,13.8,False,0,0,Tuesday,23,Nov,False,0.0
S03081,Returning_Visitor,Organic,Asia,Mobile,1,22.2,True,0,0,Friday,14,Dec,False,0.0
S03082,Returning_Visitor,Organic,South America,Tablet,3,37.0,False,1,0,Friday,9,Mar,False,29.59
S03083,New_Visitor,Direct,Oceania,Desktop,2,81.4,False,0,0,Tuesday,9,Nov,False,0.0
S03084,Returning_Visitor,Social,Europe,Desktop,2,226.6,False,0,0,Tuesday,20,Jul,False,0.0
S03085,Returning_Visitor,Organic,Asia,Desktop,4,308.1,False,0,0,Sunday,15,Feb,False,0.0
S03086,Returning_Visitor,Organic,North America,Mobile,2,168.6,False,1,1,Saturday,8,Nov,False,0.0
S03087,New_Visitor,Direct,Europe,Mobile,2,110.0,False,0,0,Sunday,20,May,False,0.0
S03088,New_Visitor,Paid,Europe,Desktop,4,289.3,False,1,0,Saturday,13,Nov,False,0.0
S03089,Returning_Visitor,Referral,South America,Mobile,1,11.9,True,0,0,Wednesday,23,Mar,False,0.0
S03090,New_Visitor,Direct,Europe,Mobile,2,96.5,False,0,0,Monday,10,Oct,False,0.0
S03091,New_Visitor,Organic,Asia,Tablet,1,50.7,True,0,0,Friday,14,May,False,0.0
S03092,Returning_Visitor,Direct,North America,Desktop,1,59.4,True,0,0,Wednesday,9,Apr,False,0.0
S03093,New_Visitor,Organic,Europe,Desktop,1,90.7,True,0,0,Wednesday,13,Jan,False,0.0
S03094,Returning_Visitor,Organic,Africa,Desktop,1,,True,0,0,Wednesday,9,Jul,False,0.0
S03095,New_Visitor,Paid,North America,Desktop,2,149.3,False,1,1,Sunday,11,Jun,True,0.0
S03096,Returning_Visitor,Paid,North America,Tablet,3,460.5,False,1,0,Monday,10,Jan,False,0.0
S03097,Returning_Visitor,Organic,Europe,Desktop,5,239.5,False,1,0,Tuesday,10,Apr,False,0.0
S03098,New_Visitor,Organic,Asia,Mobile,3,61.5,False,2,2,Friday,22,Jul,False,184.96
S03099,New_Visitor,Direct,Europe,Desktop,3,,False,1,0,Sunday,5,Nov,False,25.97
S03100,New_Visitor,Direct,Europe,Desktop,1,237.6,True,0,0,Sunday,13,Dec,False,0.0
S03101,New_Visitor,Organic,Asia,Desktop,2,148.4,False,1,1,Thursday,16,Jul,False,0.0
S03102,Returning_Visitor,Direct,North America,Desktop,4,833.8,False,1,1,Monday,16,Jun,False,0.0
S03103,Returning_Visitor,Organic,South America,Mobile,1,1.4,True,0,0,Wednesday,18,Dec,False,0.0
S03104,New_Visitor,Social,North America,Tablet,3,53.8,False,1,0,Sunday,18,Dec,False,0.0
S03105,New_Visitor,Social,Europe,Mobile,3,57.5,False,1,0,Thursday,22,Mar,True,0.0
S03106,New_Visitor,Referral,Asia,Mobile,2,66.8,False,0,0,Saturday,18,Jul,False,0.0
S03107,Returning_Visitor,Direct,South America,Desktop,3,5.6,False,1,0,Tuesday,19,Nov,False,0.0
S03108,New_Visitor,Paid,South America,Mobile,1,147.4,True,0,0,Monday,14,Nov,False,0.0
S03109,Returning_Visitor,Paid,Asia,Desktop,4,294.7,False,3,1,Friday,16,Sep,False,0.0
S03110,Returning_Visitor,Organic,Europe,Tablet,1,5.3,True,0,0,Saturday,13,Jul,False,0.0
S03111,Returning_Visitor,Organic,North America,Mobile,1,11.5,True,0,0,Sunday,10,Jun,False,0.0
S03112,New_Visitor,Direct,North America,Desktop,7,388.1,False,3,1,Saturday,11,Nov,False,0.0
S03113,Returning_Visitor,Organic,Africa,Mobile,3,430.5,False,1,0,Thursday,11,Apr,False,0.0
S03114,New_Visitor,Direct,Africa,Tablet,1,5.5,True,0,0,Friday,11,Jun,False,0.0
S03115,New_Visitor,Referral,Oceania,Desktop,3,102.2,False,0,0,Saturday,14,Aug,False,41.65
S03116,Returning_Visitor,Direct,North America,Desktop,2,26.8,False,0,0,Monday,10,Nov,False,0.0
S03117,Returning_Visitor,Direct,Europe,Desktop,1,11.9,True,0,0,Sunday,14,May,False,0.0
S03118,New_Visitor,Direct,Asia,Mobile,6,471.5,False,2,1,Thursday,21,Aug,False,0.0
S03119,New_Visitor,Paid,Asia,Desktop,2,210.2,False,1,0,Sunday,12,Apr,False,0.0
S03120,New_Visitor,Organic,Asia,Mobile,2,304.8,False,1,0,Saturday,10,Nov,False,0.0
S03121,New_Visitor,Referral,South America,Tablet,9,622.1,False,3,0,Tuesday,11,Oct,False,0.0
S03122,New_Visitor,Organic,Europe,Tablet,1,4.1,True,0,0,Tuesday,20,Nov,True,0.0
S03123,New_Visitor,Organic,North America,Desktop,1,26.5,True,0,0,Wednesday,21,Jan,False,0.0
S03124,New_Visitor,Referral,North America,Mobile,1,35.0,True,0,0,Tuesday,20,Jul,False,0.0
S03125,Returning_Visitor,Organic,North America,Desktop,1,19.4,True,0,0,Thursday,10,Feb,False,0.0
S03126,Returning_Visitor,Organic,Europe,Mobile,1,46.6,True,0,0,Friday,12,Sep,False,0.0
S03127,Returning_Visitor,Organic,North America,Mobile,4,63.5,False,1,0,Thursday,22,May,False,26.53
S03128,New_Visitor,Referral,Europe,Mobile,4,551.3,False,1,0,Monday,11,Oct,False,0.0
S03129,Returning_Visitor,Social,Asia,Tablet,5,46.5,False,2,0,Sunday,8,Jan,False,0.0
S03130,Returning_Visitor,Organic,Africa,Mobile,3,99.9,False,1,0,Wednesday,10,Jul,False,0.0
S03131,Returning_Visitor,Referral,South America,Desktop,3,24.0,False,1,0,Saturday,22,Feb,False,0.0
S03132,Returning_Visitor,Organic,North America,Mobile,2,53.2,False,0,0,Monday,12,Aug,False,0.0
S03133,Returning_Visitor,Referral,North America,Desktop,7,278.5,False,2,1,Saturday,21,Aug,False,0.0
S03134,New_Visitor,Direct,North America,Desktop,2,96.9,False,1,1,Tuesday,8,Jul,False,21.5
S03135,New_Visitor,Referral,Oceania,Desktop,7,169.1,False,2,1,Friday,18,Apr,False,45.48
S03136,Returning_Visitor,Paid,Europe,Tablet,1,99.5,True,0,0,Friday,7,Jan,False,0.0
S03137,Returning_Visitor,Paid,North America,Desktop,1,43.5,True,0,0,Sunday,9,Sep,False,0.0
S03138,Returning_Visitor,Organic,South America,Mobile,1,292.9,True,0,0,Wednesday,15,Nov,False,0.0
S03139,New_Visitor,Paid,Europe,Mobile,3,23.7,False,0,0,Monday,12,Oct,False,0.0
S03140,New_Visitor,Organic,Africa,Mobile,8,97.3,False,3,0,Sunday,16,Dec,False,0.0
S03141,New_Visitor,Paid,North America,Mobile,1,97.1,True,0,0,Wednesday,22,Dec,False,0.0
S03142,Returning_Visitor,Organic,Europe,Desktop,3,145.4,False,1,0,Tuesday,6,Jun,False,0.0
S03143,Returning_Visitor,Direct,Europe,Mobile,1,26.8,True,0,0,Thursday,9,Sep,False,0.0
S03144,New_Visitor,Organic,Africa,Mobile,4,126.8,False,0,0,Monday,16,Jun,False,0.0
S03145,New_Visitor,Organic,Africa,Mobile,2,99.6,False,1,0,Wednesday,20,Dec,False,0.0
S03146,New_Visitor,Social,Asia,Desktop,4,21.5,False,1,0,Wednesday,18,Aug,False,0.0
S03147,Returning_Visitor,Paid,North America,Desktop,6,521.5,False,0,0,Tuesday,13,Oct,False,0.0
S03148,Returning_Visitor,Referral,Europe,Tablet,2,71.6,False,0,0,Thursday,18,Jan,False,0.0
S03149,Returning_Visitor,Social,Oceania,Desktop,9,287.2,False,3,0,Wednesday,9,Aug,False,0.0
S03150,New_Visitor,Social,Asia,Desktop,2,178.0,False,0,0,Saturday,1,Oct,False,0.0
S03151,Returning_Visitor,Organic,South America,Desktop,9,454.7,False,2,0,Sunday,15,Apr,False,0.0
S03152,New_Visitor,Organic,Europe,Desktop,1,84.2,True,0,0,Monday,19,Jan,False,0.0
S03153,Returning_Visitor,Organic,Europe,Desktop,7,1108.8,False,2,0,Saturday,12,Oct,False,0.0
S03154,New_Visitor,Direct,Europe,Mobile,2,349.9,False,1,0,Sunday,15,May,True,0.0
S03155,New_Visitor,Organic,Asia,Tablet,5,168.3,False,2,0,Friday,12,Jun,False,0.0
S03156,Returning_Visitor,Organic,Africa,Desktop,11,47.6,False,4,0,Sunday,14,Aug,False,0.0
S03157,Returning_Visitor,Organic,Europe,Desktop,8,6.0,False,1,0,Wednesday,20,Feb,False,0.0
S03158,New_Visitor,Organic,Europe,Mobile,2,146.6,False,1,0,Saturday,13,Feb,False,0.0
S03159,Returning_Visitor,Paid,Europe,Desktop,2,10.2,False,0,0,Friday,0,Dec,False,0.0
S03160,New_Visitor,Organic,North America,Tablet,3,89.0,False,0,0,Wednesday,19,May,False,0.0
S03161,New_Visitor,Direct,Oceania,Desktop,4,260.5,False,1,1,Friday,15,Apr,False,111.63
S03162,New_Visitor,Referral,Europe,Mobile,3,1157.1,False,1,0,Thursday,17,Jan,False,46.97
S03163,New_Visitor,Direct,South America,Mobile,6,90.9,False,1,1,Tuesday,20,Mar,False,0.0
S03164,New_Visitor,Organic,Asia,Mobile,1,0.6,True,0,0,Tuesday,10,Jun,False,0.0
S03165,New_Visitor,Direct,South America,Mobile,3,7.6,False,0,0,Friday,13,May,False,0.0
S03166,New_Visitor,Organic,Oceania,Desktop,3,45.5,False,0,0,Friday,15,Jun,False,0.0
S03167,Returning_Visitor,Direct,Asia,Desktop,1,297.8,True,0,0,Thursday,11,Oct,False,0.0
S03168,New_Visitor,Organic,Africa,Tablet,1,4.8,True,0,0,Thursday,19,Sep,False,0.0
S03169,Returning_Visitor,Referral,North America,Mobile,3,249.0,False,1,0,Tuesday,17,Jul,False,0.0
S03170,New_Visitor,Referral,Asia,Desktop,1,9.7,True,0,0,Wednesday,17,Nov,False,0.0
S03171,Returning_Visitor,Direct,South America,Mobile,5,68.4,False,3,0,Sunday,19,Nov,False,0.0
S03172,New_Visitor,Direct,North America,Mobile,9,48.5,False,2,1,Saturday,10,Aug,False,34.33
S03173,New_Visitor,Direct,Asia,Mobile,1,15.5,True,0,0,Friday,18,Feb,False,0.0
S03174,New_Visitor,Social,South America,Desktop,5,36.8,False,1,0,Sunday,18,Jun,False,0.0
S03175,New_Visitor,Organic,South America,Mobile,3,3.2,False,1,0,Sunday,19,Sep,False,0.0
S03176,New_Visitor,Social,Europe,Desktop,2,192.3,False,0,0,Monday,13,Jan,False,0.0
S03177,Returning_Visitor,Social,Asia,Mobile,4,50.7,False,3,1,Wednesday,14,Jan,False,0.0
S03178,Returning_Visitor,Direct,Europe,Desktop,5,37.9,False,3,1,Monday,8,Dec,False,22.73
S03179,Returning_Visitor,Organic,Asia,Mobile,11,209.7,False,2,2,Thursday,19,Oct,False,37.0
S03180,Returning_Visitor,Direct,Europe,Desktop,4,336.4,False,2,1,Saturday,14,Mar,False,0.0
S03181,New_Visitor,Organic,Asia,Desktop,5,76.4,False,1,1,Tuesday,15,Jun,False,0.0
S03182,New_Visitor,Organic,Europe,Desktop,3,140.5,False,0,0,Sunday,8,Mar,False,0.0
S03183,New_Visitor,Organic,North America,Desktop,3,44.0,False,0,0,Thursday,15,Jan,False,0.0
S03184,New_Visitor,Organic,North America,Mobile,1,29.4,True,0,0,Saturday,5,Jun,False,0.0
S03185,New_Visitor,Direct,North America,Desktop,1,44.2,True,0,0,Monday,21,Sep,False,0.0
S03186,New_Visitor,Social,Asia,Tablet,2,170.2,False,0,0,Monday,20,Dec,False,0.0
S03187,New_Visitor,Organic,South America,Mobile,4,79.4,False,2,0,Friday,9,Oct,False,0.0
S03188,New_Visitor,Paid,North America,Mobile,1,35.5,True,0,0,Saturday,15,Apr,False,0.0
S03189,Returning_Visitor,Paid,North America,Desktop,3,185.4,False,0,0,Sunday,15,May,False,0.0
S03190,Returning_Visitor,Paid,Europe,Desktop,1,19.3,True,0,0,Friday,19,Jul,False,0.0
S03191,New_Visitor,Social,Asia,Desktop,5,74.6,False,1,0,Tuesday,18,Mar,False,0.0
S03192,Returning_Visitor,Direct,North America,Mobile,4,201.9,False,2,0,Tuesday,23,Nov,False,0.0
S03193,Returning_Visitor,Organic,North America,Desktop,3,548.1,False,0,0,Sunday,11,Mar,False,0.0
S03194,New_Visitor,Referral,North America,Mobile,3,433.6,False,0,0,Monday,8,Apr,False,0.0
S03195,New_Visitor,Referral,Europe,Desktop,9,495.3,False,3,1,Friday,15,Aug,False,0.0
S03196,New_Visitor,Social,North America,Tablet,8,263.1,False,1,0,Thursday,18,Feb,False,0.0
S03197,Returning_Visitor,Paid,Europe,Desktop,5,250.3,False,1,1,Wednesday,10,Sep,False,0.0
S03198,Returning_Visitor,Direct,Asia,Desktop,2,194.3,False,0,0,Thursday,10,Dec,False,0.0
S03199,New_Visitor,Direct,Asia,Mobile,1,5.8,True,0,0,Sunday,19,Sep,False,0.0
S03200,New_Visitor,Organic,North America,Tablet,2,182.3,False,0,0,Sunday,18,Nov,False,0.0
S03201,Returning_Visitor,Organic,Asia,Mobile,5,321.9,False,1,0,Sunday,9,Jun,False,0.0
S03202,New_Visitor,Direct,Europe,Desktop,3,56.4,False,0,0,Wednesday,20,May,False,0.0
S03203,New_Visitor,Referral,Oceania,Mobile,4,501.1,False,1,0,Monday,8,May,False,0.0
S03204,Returning_Visitor,Social,North America,Tablet,1,5.0,True,0,0,Sunday,8,Sep,False,0.0
S03205,Returning_Visitor,Direct,Asia,Desktop,1,150.6,True,0,0,Monday,11,Jul,False,0.0
S03206,Returning_Visitor,Paid,Asia,Desktop,4,117.8,False,0,0,Thursday,20,Jul,False,0.0
S03207,Returning_Visitor,Referral,North America,Mobile,2,199.5,False,0,0,Tuesday,17,Feb,False,0.0
S03208,Returning_Visitor,Social,Africa,Tablet,2,20.1,False,1,1,Thursday,12,Sep,False,0.0
S03209,New_Visitor,Organic,Europe,Mobile,2,100.6,False,1,0,Wednesday,9,Oct,True,0.0
S03210,Returning_Visitor,Paid,Asia,Tablet,5,10.2,False,4,1,Sunday,17,Mar,False,21.84
S03211,New_Visitor,Referral,North America,Desktop,4,78.4,False,1,1,Sunday,15,Oct,False,0.0
S03212,Returning_Visitor,Organic,North America,Mobile,1,106.2,True,0,0,Wednesday,23,Nov,False,0.0
S03213,New_Visitor,Organic,Asia,Mobile,2,72.7,False,0,0,Monday,18,Mar,False,0.0
S03214,Returning_Visitor,Paid,Europe,Mobile,4,258.6,False,2,0,Friday,8,Jun,False,0.0
S03215,New_Visitor,Organic,Europe,Mobile,12,1185.3,False,7,0,Wednesday,17,Nov,False,0.0
S03216,New_Visitor,Direct,Europe,Tablet,8,362.7,False,1,0,Sunday,10,Jul,False,0.0
S03217,New_Visitor,Direct,Asia,Desktop,1,52.9,True,0,0,Monday,22,Nov,False,0.0
S03218,New_Visitor,Referral,Europe,Desktop,1,87.2,True,0,0,Monday,1,Mar,False,0.0
S03219,Returning_Visitor,Social,North America,Desktop,3,23.1,False,0,0,Friday,10,Jan,False,0.0
S03220,Returning_Visitor,Direct,Asia,Mobile,2,8.9,False,1,0,Saturday,13,Jan,False,0.0
S03221,New_Visitor,Direct,Europe,Desktop,1,58.4,True,0,0,Thursday,7,Dec,False,0.0
S03222,New_Visitor,Paid,Europe,Mobile,4,885.9,False,0,0,Tuesday,11,Mar,False,0.0
S03223,New_Visitor,Social,North America,Desktop,1,62.1,True,0,0,Wednesday,13,Nov,False,0.0
S03224,New_Visitor,Paid,North America,Desktop,2,146.5,False,0,0,Wednesday,13,May,False,0.0
S03225,New_Visitor,Direct,North America,Mobile,5,322.4,False,1,0,Tuesday,13,Jan,False,0.0
S03226,Returning_Visitor,Organic,Oceania,Mobile,4,223.4,False,0,0,Saturday,20,Apr,False,0.0
S03227,New_Visitor,Direct,Europe,Desktop,3,39.6,False,1,0,Monday,14,Jul,False,0.0
S03228,New_Visitor,Social,North America,Mobile,9,990.5,False,2,1,Wednesday,21,Feb,False,0.0
S03229,New_Visitor,Organic,North America,Desktop,1,51.5,True,0,0,Saturday,8,Dec,False,0.0
S03230,New_Visitor,Organic,North America,Desktop,4,920.0,False,1,0,Monday,10,Dec,False,0.0
S03231,New_Visitor,Organic,Asia,Desktop,1,4.3,True,0,0,Sunday,16,Mar,False,0.0
S03232,Returning_Visitor,Direct,North America,Mobile,1,,True,0,0,Friday,10,Oct,False,0.0
S03233,New_Visitor,Social,Europe,Desktop,3,18.8,False,1,0,Monday,11,Jul,False,0.0
S03234,New_Visitor,Organic,Europe,Tablet,1,117.6,True,0,0,Sunday,20,Dec,False,0.0
S03235,New_Visitor,Referral,South America,Mobile,3,306.5,False,1,0,Thursday,14,Jan,False,0.0
S03236,New_Visitor,Paid,Europe,Desktop,1,89.0,True,0,0,Friday,11,Jul,False,0.0
S03237,New_Visitor,Organic,Europe,Desktop,3,204.3,False,1,1,Sunday,18,Apr,False,0.0
S03238,Returning_Visitor,Referral,Asia,Desktop,2,13.5,False,0,0,Sunday,7,Oct,False,0.0
S03239,Returning_Visitor,Paid,Europe,Mobile,1,31.2,True,0,0,Wednesday,14,Feb,False,0.0
S03240,Returning_Visitor,Paid,South America,Mobile,5,365.7,False,2,1,Tuesday,8,Sep,False,0.0
S03241,New_Visitor,Organic,Asia,Mobile,2,53.7,False,1,0,Tuesday,9,Dec,False,0.0
S03242,New_Visitor,Organic,Europe,Desktop,2,151.8,False,0,0,Saturday,7,Jun,False,0.0
S03243,New_Visitor,Organic,Europe,Desktop,2,40.3,False,1,0,Sunday,20,Jun,False,0.0
S03244,Returning_Visitor,Social,Oceania,Desktop,1,47.1,True,0,0,Monday,6,Jul,False,0.0
S03245,Returning_Visitor,Social,Asia,Desktop,2,52.5,False,0,0,Monday,14,Jun,False,0.0
S03246,New_Visitor,Referral,Africa,Desktop,4,610.7,False,1,0,Saturday,10,Jun,False,0.0
S03247,New_Visitor,Direct,North America,Tablet,8,280.4,False,2,0,Wednesday,12,Jul,False,0.0
S03248,New_Visitor,Organic,Europe,Mobile,5,101.3,False,2,0,Tuesday,13,Dec,True,0.0
S03249,Returning_Visitor,Referral,Africa,Mobile,1,3.5,True,0,0,Tuesday,13,Feb,False,0.0
S03250,Returning_Visitor,Direct,Europe,Desktop,1,9.4,True,0,0,Wednesday,18,Apr,False,0.0
S03251,New_Visitor,Social,Oceania,Desktop,1,49.9,True,0,0,Sunday,21,Mar,True,0.0
S03252,New_Visitor,Direct,North America,Desktop,1,72.5,True,0,0,Sunday,11,Aug,False,0.0
S03253,Returning_Visitor,Direct,Africa,Desktop,2,370.5,False,0,0,Wednesday,2,Jan,False,0.0
S03254,New_Visitor,Organic,Europe,Mobile,1,54.5,True,0,0,Sunday,20,Dec,False,0.0
S03255,New_Visitor,Organic,North America,Desktop,4,274.0,False,1,0,Wednesday,23,Jul,False,26.98
S03256,New_Visitor,Organic,Africa,Tablet,1,58.0,True,0,0,Saturday,12,Dec,False,0.0
S03257,Returning_Visitor,Organic,North America,Tablet,6,838.0,False,3,1,Tuesday,13,May,True,69.65
S03258,New_Visitor,Direct,North America,Desktop,4,86.4,False,2,0,Saturday,8,Mar,False,0.0
S03259,New_Visitor,Organic,North America,Mobile,11,610.1,False,5,3,Wednesday,13,Mar,False,0.0
S03260,Returning_Visitor,Organic,Asia,Mobile,10,1800.0,False,4,3,Tuesday,11,Jul,False,0.0
S03261,New_Visitor,Social,Oceania,Desktop,4,1.7,False,0,0,Sunday,23,Jan,False,45.04
S03262,New_Visitor,Direct,North America,Tablet,1,19.0,True,0,0,Tuesday,9,Oct,False,0.0
S03263,New_Visitor,Referral,Europe,Desktop,1,85.3,True,0,0,Sunday,12,Nov,False,0.0
S03264,New_Visitor,Social,North America,Mobile,1,38.1,True,0,0,Monday,15,Oct,False,0.0
S03265,Returning_Visitor,Referral,Asia,Desktop,2,22.1,False,0,0,Monday,11,Dec,False,0.0
S03266,New_Visitor,Paid,North America,Desktop,3,152.6,False,0,0,Sunday,13,Aug,False,0.0
S03267,New_Visitor,Organic,North America,Mobile,4,173.7,False,2,0,Friday,22,Jul,False,0.0
S03268,Returning_Visitor,Social,North America,Tablet,1,36.3,True,0,0,Wednesday,14,Jul,False,0.0
S03269,Returning_Visitor,Paid,Asia,Desktop,3,75.3,False,1,0,Monday,21,Mar,False,0.0
S03270,Returning_Visitor,Paid,Africa,Desktop,1,3.2,True,0,0,Friday,5,Jul,False,0.0
S03271,New_Visitor,Organic,Europe,Desktop,6,333.6,False,0,0,Wednesday,8,Aug,True,0.0
S03272,New_Visitor,Direct,North America,Desktop,1,43.7,True,0,0,Thursday,21,Oct,False,0.0
S03273,Returning_Visitor,Organic,Asia,Mobile,2,105.6,False,1,1,Friday,8,May,False,0.0
S03274,New_Visitor,Referral,South America,Mobile,2,0.3,False,0,0,Friday,17,Feb,False,0.0
S03275,Returning_Visitor,Social,North America,Tablet,3,15.5,False,1,0,Sunday,13,Aug,False,0.0
S03276,Returning_Visitor,Direct,North America,Mobile,1,11.0,True,0,0,Friday,12,Oct,False,0.0
S03277,Returning_Visitor,Direct,North America,Tablet,9,321.3,False,3,0,Wednesday,16,Dec,False,0.0
S03278,New_Visitor,Referral,Asia,Mobile,2,198.0,False,0,0,Wednesday,17,Feb,False,0.0
S03279,New_Visitor,Direct,Asia,Tablet,2,33.9,False,0,0,Thursday,21,Oct,False,0.0
S03280,Returning_Visitor,Paid,Europe,Desktop,1,99.1,True,0,0,Tuesday,10,Aug,False,0.0
S03281,New_Visitor,Social,North America,Mobile,5,80.5,False,1,1,Wednesday,17,Jan,False,0.0
S03282,New_Visitor,Organic,Europe,Tablet,1,82.9,True,0,0,Saturday,11,Oct,False,0.0
S03283,Returning_Visitor,Referral,Oceania,Mobile,1,124.4,True,0,0,Saturday,17,Jan,False,0.0
S03284,Returning_Visitor,Organic,North America,Tablet,2,203.4,False,1,0,Friday,8,Oct,False,0.0
S03285,New_Visitor,Referral,Africa,Desktop,11,885.0,False,6,0,Friday,13,Oct,True,31.78
S03286,New_Visitor,Paid,Asia,Tablet,1,2.4,True,0,0,Wednesday,9,Sep,False,0.0
S03287,New_Visitor,Paid,North America,Mobile,1,24.0,True,0,0,Friday,11,Feb,False,0.0
S03288,Returning_Visitor,Direct,Europe,Desktop,4,52.5,False,1,0,Saturday,17,Dec,False,0.0
S03289,Returning_Visitor,Organic,Oceania,Desktop,4,154.5,False,2,1,Saturday,10,Dec,False,0.0
S03290,New_Visitor,Organic,Europe,Desktop,7,183.7,False,3,0,Monday,16,Dec,False,0.0
S03291,New_Visitor,Direct,Africa,Tablet,3,173.1,False,0,0,Saturday,13,May,True,0.0
S03292,Returning_Visitor,Organic,North America,Mobile,2,100.1,False,0,0,Friday,7,Jul,False,0.0
S03293,New_Visitor,Direct,Asia,Tablet,2,67.6,False,0,0,Monday,12,Feb,False,0.0
S03294,New_Visitor,Organic,South America,Desktop,2,175.0,False,0,0,Tuesday,20,Jan,False,0.0
S03295,Returning_Visitor,Direct,Africa,Tablet,11,9.8,False,6,0,Saturday,23,Jan,False,0.0
S03296,New_Visitor,Organic,Europe,Mobile,2,241.0,False,0,0,Thursday,12,Aug,False,0.0
S03297,Returning_Visitor,Paid,Asia,Desktop,1,0.2,True,0,0,Saturday,6,May,False,0.0
S03298,New_Visitor,Social,North America,Desktop,2,72.2,False,1,0,Tuesday,8,Aug,False,0.0
S03299,New_Visitor,Direct,North America,Tablet,10,1278.9,False,6,2,Monday,18,Aug,False,7.97
S03300,Returning_Visitor,Organic,North America,Desktop,2,65.0,False,1,0,Tuesday,16,Dec,False,0.0
S03301,New_Visitor,Direct,North America,Desktop,2,169.1,False,0,0,Thursday,10,Nov,False,0.0
S03302,Returning_Visitor,Organic,North America,Desktop,2,61.9,False,0,0,Thursday,12,Oct,False,0.0
S03303,Returning_Visitor,Direct,Europe,Desktop,1,114.2,True,0,0,Saturday,19,Nov,False,0.0
S03304,New_Visitor,Social,Oceania,Tablet,4,1720.6,False,2,0,Friday,12,Jan,False,0.0
S03305,New_Visitor,Referral,Asia,Mobile,4,548.6,False,1,1,Sunday,18,Jan,False,0.0
S03306,New_Visitor,Referral,Europe,Mobile,2,6.9,False,0,0,Monday,11,Jun,False,0.0
S03307,New_Visitor,Direct,Oceania,Tablet,7,67.4,False,5,0,Monday,17,Sep,False,0.0
S03308,New_Visitor,Paid,North America,Mobile,5,,False,1,0,Monday,13,Nov,False,0.0
S03309,New_Visitor,Paid,Europe,Mobile,3,586.8,False,0,0,Thursday,14,Jun,False,24.73
S03310,New_Visitor,Direct,Asia,Desktop,4,125.1,False,1,0,Tuesday,15,Dec,False,0.0
S03311,Returning_Visitor,Direct,North America,Tablet,5,97.3,False,1,0,Friday,13,Nov,False,0.0
S03312,Returning_Visitor,Direct,Asia,Desktop,3,603.3,False,1,1,Monday,13,Feb,False,140.16
S03313,Returning_Visitor,Organic,North America,Mobile,2,148.0,False,0,0,Monday,10,Jun,False,0.0
S03314,New_Visitor,Referral,North America,Mobile,1,88.3,True,0,0,Thursday,23,Dec,True,0.0
S03315,New_Visitor,Direct,North America,Desktop,2,14.1,False,1,0,Wednesday,21,Jun,False,0.0
S03316,Returning_Visitor,Organic,Africa,Desktop,3,54.8,False,0,0,Saturday,14,Jun,False,0.0
S03317,New_Visitor,Organic,Asia,Desktop,9,378.2,False,2,1,Saturday,4,Apr,False,0.0
S03318,New_Visitor,Direct,Asia,Desktop,1,80.0,True,0,0,Monday,9,Jul,True,0.0
S03319,Returning_Visitor,Paid,Asia,Mobile,5,128.0,False,2,0,Saturday,20,Oct,True,0.0
S03320,Returning_Visitor,Referral,North America,Tablet,1,13.7,True,0,0,Thursday,21,Jan,False,0.0
S03321,New_Visitor,Referral,Asia,Mobile,10,344.9,False,7,3,Thursday,9,Nov,False,0.0
S03322,New_Visitor,Direct,Europe,Mobile,3,99.4,False,1,1,Monday,17,Dec,False,0.0
S03323,Returning_Visitor,Referral,North America,Desktop,2,247.6,False,0,0,Saturday,15,Oct,True,0.0
S03324,Returning_Visitor,Direct,Asia,Desktop,,325.7,False,0,0,Monday,11,Dec,False,0.0
S03325,Returning_Visitor,Referral,North America,Mobile,1,11.1,True,0,0,Tuesday,12,Feb,False,0.0
S03326,Returning_Visitor,Organic,North America,Tablet,4,78.7,False,2,1,Monday,16,Jun,False,0.0
S03327,Returning_Visitor,Direct,South America,Tablet,4,370.1,False,0,0,Thursday,8,Feb,False,0.0
S03328,New_Visitor,Organic,Asia,Desktop,7,118.1,False,1,0,Friday,9,Nov,True,0.0
S03329,New_Visitor,Direct,Asia,Mobile,3,55.3,False,0,0,Sunday,4,Dec,False,0.0
S03330,Returning_Visitor,Paid,Europe,Mobile,1,67.7,True,0,0,Saturday,21,Apr,False,0.0
S03331,Returning_Visitor,Organic,Europe,Mobile,4,171.6,False,1,1,Sunday,15,Jul,False,0.0
S03332,Returning_Visitor,Direct,Asia,Mobile,7,510.7,False,4,2,Saturday,14,Apr,True,69.31
S03333,New_Visitor,Direct,Asia,Mobile,14,63.3,False,5,0,Wednesday,17,May,False,0.0
S03334,New_Visitor,Paid,Europe,Desktop,,168.4,False,1,0,Thursday,23,Jul,False,0.0
S03335,Returning_Visitor,Direct,Oceania,Tablet,2,134.1,False,0,0,Thursday,9,Nov,False,0.0
S03336,Returning_Visitor,Social,Oceania,Desktop,3,115.8,False,1,0,Thursday,8,Mar,False,0.0
S03337,Returning_Visitor,Paid,Europe,Mobile,3,24.6,False,1,1,Friday,11,Mar,False,0.0
S03338,Returning_Visitor,Direct,South America,Tablet,3,25.9,False,0,0,Friday,21,Mar,False,0.0
S03339,Returning_Visitor,Direct,Europe,Mobile,1,53.2,True,0,0,Monday,12,Jan,False,0.0
S03340,Returning_Visitor,Direct,Europe,Desktop,1,9.3,True,0,0,Saturday,18,Sep,False,0.0
S03341,Returning_Visitor,Social,North America,Desktop,3,65.2,False,0,0,Monday,9,Mar,False,0.0
S03342,Returning_Visitor,Organic,Asia,Mobile,5,174.6,False,2,0,Monday,13,Jun,False,0.0
S03343,Returning_Visitor,Direct,Africa,Desktop,1,54.0,True,0,0,Thursday,8,Sep,False,0.0
S03344,New_Visitor,Referral,South America,Desktop,1,18.5,True,0,0,Friday,12,Jun,False,0.0
S03345,New_Visitor,Referral,South America,Desktop,5,155.9,False,3,0,Monday,10,Dec,False,0.0
S03346,Returning_Visitor,Direct,North America,Mobile,4,110.1,False,1,1,Thursday,14,Oct,False,75.7
S03347,New_Visitor,Direct,Europe,Desktop,2,12.3,False,0,0,Thursday,18,Apr,False,0.0
S03348,New_Visitor,Organic,North America,Mobile,1,97.7,True,0,0,Monday,21,Feb,False,0.0
S03349,New_Visitor,Direct,Europe,Desktop,2,162.8,False,0,0,Friday,10,Dec,False,0.0
S03350,New_Visitor,Direct,Asia,Mobile,6,551.9,False,3,0,Tuesday,17,Jun,False,0.0
S03351,New_Visitor,Paid,Europe,Desktop,1,9.6,True,0,0,Saturday,20,Jun,False,0.0
S03352,New_Visitor,Organic,Asia,Mobile,1,43.7,True,0,0,Wednesday,8,Nov,False,0.0
S03353,Returning_Visitor,Paid,Europe,Mobile,5,120.3,False,2,0,Thursday,15,Jan,False,0.0
S03354,New_Visitor,Referral,North America,Desktop,3,77.1,False,2,1,Sunday,15,Jun,False,17.52
S03355,New_Visitor,Organic,North America,Mobile,4,16.3,False,3,2,Saturday,10,Oct,False,0.0
S03356,New_Visitor,Social,Africa,Tablet,5,874.7,False,0,0,Saturday,2,Nov,False,0.0
S03357,Returning_Visitor,Organic,North America,Desktop,2,337.0,False,0,0,Tuesday,10,Nov,False,0.0
S03358,New_Visitor,Paid,North America,Mobile,2,63.0,False,0,0,Monday,15,Jul,False,0.0
S03359,Returning_Visitor,Paid,South America,Mobile,1,115.6,True,0,0,Friday,9,Nov,False,0.0
S03360,Returning_Visitor,Organic,Oceania,Desktop,1,24.0,True,0,0,Wednesday,10,Jan,False,0.0
S03361,Returning_Visitor,Organic,Asia,Desktop,2,98.4,False,0,0,Sunday,17,May,False,0.0
S03362,New_Visitor,Direct,North America,Tablet,10,819.0,False,1,0,Wednesday,12,Jan,False,0.0
S03363,Returning_Visitor,Direct,North America,Mobile,1,44.4,True,0,0,Wednesday,7,Mar,False,0.0
S03364,New_Visitor,Direct,Oceania,Tablet,,10.7,True,0,0,Thursday,12,Oct,False,0.0
S03365,Returning_Visitor,Direct,South America,Mobile,2,57.2,False,0,0,Saturday,23,Jan,False,0.0
S03366,Returning_Visitor,Referral,Asia,Desktop,1,85.5,True,0,0,Tuesday,10,Jul,False,0.0
S03367,New_Visitor,Organic,North America,Desktop,1,91.1,True,0,0,Sunday,10,Jun,False,0.0
S03368,New_Visitor,Social,North America,Mobile,1,,True,0,0,Thursday,9,Feb,False,0.0
S03369,New_Visitor,Social,North America,Mobile,3,140.0,False,1,0,Saturday,10,Sep,False,0.0
S03370,Returning_Visitor,Direct,Asia,Desktop,3,41.8,False,0,0,Thursday,15,Sep,False,0.0
S03371,New_Visitor,Paid,North America,Mobile,1,17.3,True,0,0,Saturday,22,Oct,False,0.0
S03372,Returning_Visitor,Organic,Oceania,Mobile,3,28.2,False,1,0,Monday,15,Oct,False,0.0
S03373,New_Visitor,Organic,North America,Mobile,1,34.6,True,0,0,Saturday,12,May,False,0.0
S03374,Returning_Visitor,Referral,Asia,Desktop,3,229.1,False,0,0,Thursday,12,Dec,False,0.0
S03375,Returning_Visitor,Direct,North America,Desktop,1,126.8,True,0,0,Thursday,2,Feb,False,0.0
S03376,Returning_Visitor,Referral,Europe,Tablet,4,188.8,False,1,0,Monday,0,Sep,False,0.0
S03377,Returning_Visitor,Paid,North America,Tablet,2,126.7,False,1,1,Saturday,18,Dec,False,0.0
S03378,New_Visitor,Paid,South America,Desktop,1,,True,0,0,Monday,13,Apr,False,0.0
S03379,New_Visitor,Referral,Asia,Mobile,1,13.5,True,0,0,Tuesday,4,Apr,False,0.0
S03380,Returning_Visitor,Social,North America,Desktop,1,30.2,True,0,0,Monday,10,Aug,False,0.0
S03381,New_Visitor,Organic,South America,Desktop,3,147.3,False,1,0,Monday,11,Oct,False,0.0
S03382,New_Visitor,Organic,Europe,Desktop,5,10.2,False,1,0,Friday,18,May,False,0.0
S03383,New_Visitor,Social,Africa,Desktop,6,34.8,False,2,2,Tuesday,12,Nov,False,122.16
S03384,New_Visitor,Direct,Africa,Tablet,3,179.3,False,0,0,Monday,18,Apr,False,0.0
S03385,New_Visitor,Direct,Africa,Mobile,7,93.4,False,2,1,Wednesday,16,Nov,False,17.44
S03386,Returning_Visitor,Direct,North America,Desktop,6,217.4,False,2,0,Thursday,4,Apr,False,0.0
S03387,New_Visitor,Referral,North America,Mobile,4,661.7,False,1,0,Thursday,22,Aug,False,0.0
S03388,Returning_Visitor,Organic,Oceania,Mobile,2,238.2,False,0,0,Wednesday,9,May,True,0.0
S03389,New_Visitor,Referral,Europe,Desktop,6,23.7,False,2,0,Thursday,10,May,False,0.0
S03390,Returning_Visitor,Organic,North America,Mobile,2,7.3,False,0,0,Wednesday,19,May,False,0.0
S03391,New_Visitor,Organic,South America,Mobile,2,18.8,False,0,0,Saturday,9,Jul,False,0.0
S03392,Returning_Visitor,Direct,North America,Mobile,4,29.7,False,0,0,Monday,12,Nov,False,0.0
S03393,Returning_Visitor,Organic,Asia,Mobile,8,140.5,False,1,0,Sunday,20,Oct,False,0.0
S03394,New_Visitor,Paid,South America,Desktop,3,83.8,False,0,0,Tuesday,16,Jun,False,0.0
S03395,Returning_Visitor,Organic,South America,Desktop,1,5.2,True,0,0,Saturday,11,Apr,True,0.0
S03396,Returning_Visitor,Organic,North America,Mobile,1,37.0,True,0,0,Wednesday,16,Nov,False,0.0
S03397,Returning_Visitor,Direct,Europe,Tablet,2,90.6,False,1,0,Wednesday,19,Nov,False,0.0
S03398,Returning_Visitor,Direct,Europe,Desktop,2,130.0,False,0,0,Friday,12,Jun,False,0.0
S03399,New_Visitor,Organic,Europe,Desktop,2,62.6,False,0,0,Saturday,15,Sep,True,0.0
S03400,Returning_Visitor,Organic,North America,Tablet,4,84.2,False,2,0,Thursday,23,May,False,0.0
S03401,New_Visitor,Paid,Europe,Desktop,3,185.5,False,2,1,Thursday,22,Mar,False,0.0
S03402,New_Visitor,Referral,Europe,Desktop,2,290.6,False,0,0,Monday,14,May,False,0.0
S03403,Returning_Visitor,Direct,Europe,Desktop,1,30.3,True,0,0,Sunday,8,Sep,False,0.0
S03404,New_Visitor,Direct,South America,Desktop,3,62.5,False,1,0,Saturday,17,Oct,False,0.0
S03405,Returning_Visitor,Organic,Europe,Desktop,4,303.6,False,2,1,Wednesday,10,Nov,False,37.49
S03406,Returning_Visitor,Direct,North America,Mobile,5,629.3,False,3,1,Saturday,16,Jan,False,0.0
S03407,Returning_Visitor,Referral,Asia,Desktop,15,1800.0,False,8,2,Wednesday,11,Jul,False,0.0
S03408,Returning_Visitor,Paid,South America,Tablet,1,14.9,True,0,0,Saturday,17,Apr,False,0.0
S03409,New_Visitor,Organic,Europe,Tablet,1,21.6,True,0,0,Thursday,12,Sep,False,0.0
S03410,New_Visitor,Social,Asia,Tablet,3,425.3,False,1,0,Thursday,21,Apr,False,0.0
S03411,New_Visitor,Organic,North America,Tablet,8,151.1,False,3,1,Monday,8,Aug,False,0.0
S03412,New_Visitor,Organic,Europe,Mobile,1,25.4,True,0,0,Sunday,7,Oct,False,0.0
S03413,New_Visitor,Organic,Africa,Desktop,5,306.0,False,2,0,Saturday,18,Oct,False,0.0
S03414,New_Visitor,Organic,Africa,Desktop,2,100.8,False,0,0,Saturday,12,Apr,False,16.85
S03415,Returning_Visitor,Paid,Asia,Desktop,2,252.3,False,0,0,Wednesday,13,Feb,False,0.0
S03416,Returning_Visitor,Direct,Asia,Desktop,9,511.0,False,6,3,Tuesday,21,Mar,False,0.0
S03417,New_Visitor,Organic,Africa,Mobile,2,80.5,False,1,0,Friday,15,Aug,False,0.0
S03418,Returning_Visitor,Paid,Oceania,Tablet,4,18.4,False,2,0,Saturday,16,Jan,True,0.0
S03419,New_Visitor,Paid,Europe,Desktop,3,664.2,False,0,0,Sunday,1,Mar,False,0.0
S03420,New_Visitor,Social,Asia,Mobile,5,164.6,False,1,1,Tuesday,16,Dec,True,0.0
S03421,Returning_Visitor,Paid,Europe,Mobile,2,102.0,False,0,0,Friday,12,Jun,False,0.0
S03422,Returning_Visitor,Organic,North America,Desktop,7,292.8,False,3,0,Saturday,13,Jul,False,0.0
S03423,Returning_Visitor,Social,Europe,Tablet,3,241.1,False,0,0,Tuesday,19,Jan,False,0.0
S03424,New_Visitor,Referral,South America,Mobile,2,124.8,False,0,0,Wednesday,14,Aug,False,0.0
S03425,Returning_Visitor,Paid,South America,Desktop,1,25.2,True,0,0,Tuesday,23,May,False,0.0
S03426,Returning_Visitor,Social,Africa,Tablet,1,44.0,True,0,0,Friday,18,Jul,False,0.0
S03427,Returning_Visitor,Direct,North America,Mobile,,209.9,False,0,0,Sunday,17,Jul,False,0.0
S03428,Returning_Visitor,Social,Europe,Mobile,1,60.2,True,0,0,Sunday,15,Dec,False,0.0
S03429,Returning_Visitor,Organic,North America,Mobile,1,185.5,True,0,0,Friday,12,Apr,False,0.0
S03430,Returning_Visitor,Direct,North America,Mobile,3,252.4,False,1,0,Wednesday,6,Aug,False,0.0
S03431,Returning_Visitor,Organic,Africa,Desktop,14,557.7,False,6,0,Friday,1,Jun,False,111.6
S03432,Returning_Visitor,Paid,Europe,Tablet,2,197.4,False,0,0,Sunday,6,Jun,False,0.0
S03433,Returning_Visitor,Organic,South America,Tablet,3,105.1,False,1,0,Friday,22,Jan,False,0.0
S03434,New_Visitor,Direct,North America,Mobile,1,14.4,True,0,0,Wednesday,11,Sep,False,0.0
S03435,Returning_Visitor,Direct,Europe,Mobile,1,59.6,True,0,0,Sunday,17,Mar,False,0.0
S03436,New_Visitor,Paid,Asia,Tablet,2,52.4,False,1,0,Saturday,15,Jul,True,0.0
S03437,New_Visitor,Direct,North America,Desktop,6,9.1,False,4,0,Sunday,15,Jun,False,0.0
S03438,Returning_Visitor,Social,Europe,Tablet,10,144.5,False,4,1,Sunday,15,Jul,False,0.0
S03439,Returning_Visitor,Paid,North America,Mobile,5,54.8,False,1,0,Wednesday,11,May,False,0.0
S03440,Returning_Visitor,Direct,Asia,Desktop,1,95.0,True,0,0,Saturday,20,Apr,False,0.0
S03441,New_Visitor,Direct,Oceania,Mobile,2,155.7,False,1,1,Friday,21,Jun,False,56.52
S03442,New_Visitor,Social,South America,Mobile,2,114.4,False,0,0,Monday,16,Jan,False,0.0
S03443,New_Visitor,Paid,Oceania,Desktop,9,1470.5,False,3,1,Friday,20,Apr,False,0.0
S03444,Returning_Visitor,Social,South America,Mobile,5,58.8,False,3,1,Thursday,6,Oct,False,0.0
S03445,Returning_Visitor,Organic,Africa,Mobile,4,42.8,False,2,0,Tuesday,8,Nov,False,0.0
S03446,Returning_Visitor,Paid,Asia,Mobile,3,431.6,False,2,0,Sunday,14,Oct,False,0.0
S03447,Returning_Visitor,Direct,Europe,Desktop,4,249.8,False,1,0,Monday,19,Sep,False,0.0
S03448,Returning_Visitor,Referral,Europe,Mobile,4,195.7,False,1,1,Sunday,11,Nov,False,0.0
S03449,Returning_Visitor,Social,South America,Mobile,3,242.4,False,0,0,Tuesday,14,Feb,True,0.0
S03450,New_Visitor,Organic,North America,Tablet,6,119.1,False,2,0,Wednesday,0,Jul,False,0.0
S03451,New_Visitor,Social,North America,Tablet,1,54.2,True,0,0,Wednesday,23,Feb,False,0.0
S03452,Returning_Visitor,Referral,Oceania,Tablet,9,300.6,False,2,0,Saturday,18,Oct,False,0.0
S03453,Returning_Visitor,Paid,North America,Desktop,5,110.0,False,1,0,Tuesday,11,Jul,False,0.0
S03454,New_Visitor,Organic,Oceania,Mobile,3,376.2,False,0,0,Sunday,23,Nov,False,0.0
S03455,Returning_Visitor,Direct,Asia,Desktop,6,63.1,False,2,1,Saturday,7,Nov,False,0.0
S03456,New_Visitor,Social,Europe,Desktop,6,6.5,False,4,1,Saturday,13,Jul,False,0.0
S03457,New_Visitor,Organic,Asia,Desktop,2,53.4,False,1,0,Monday,6,Jul,False,0.0
S03458,Returning_Visitor,Organic,South America,Tablet,6,79.6,False,1,0,Thursday,11,Jan,False,0.0
S03459,Returning_Visitor,Paid,North America,Desktop,1,100.0,True,0,0,Sunday,10,Jul,False,0.0
S03460,Returning_Visitor,Organic,South America,Desktop,2,16.2,False,0,0,Tuesday,11,Sep,False,0.0
S03461,New_Visitor,Paid,South America,Desktop,1,166.3,True,0,0,Monday,22,Apr,False,0.0
S03462,New_Visitor,Organic,North America,Mobile,1,11.0,True,0,0,Thursday,12,Dec,False,0.0
S03463,Returning_Visitor,Direct,North America,Tablet,7,924.2,False,2,0,Sunday,11,Dec,False,0.0
S03464,Returning_Visitor,Social,North America,Desktop,2,22.1,False,0,0,Thursday,16,Apr,False,0.0
S03465,New_Visitor,Referral,North America,Mobile,4,11.8,False,3,1,Wednesday,16,Oct,False,0.0
S03466,Returning_Visitor,Referral,North America,Desktop,2,80.3,False,1,0,Friday,23,Jan,False,0.0
S03467,New_Visitor,Direct,Asia,Desktop,3,79.3,False,1,0,Sunday,14,Sep,False,0.0
S03468,Returning_Visitor,Social,Europe,Desktop,2,109.3,False,1,1,Monday,18,Sep,False,0.0
S03469,Returning_Visitor,Organic,Africa,Desktop,5,307.1,False,1,0,Tuesday,12,Nov,False,0.0
S03470,New_Visitor,Direct,North America,Mobile,5,817.2,False,2,0,Monday,9,May,False,0.0
S03471,New_Visitor,Organic,Europe,Desktop,2,366.2,False,0,0,Monday,12,Nov,False,88.7
S03472,Returning_Visitor,Referral,Asia,Mobile,6,245.9,False,2,0,Wednesday,12,Nov,False,0.0
S03473,Returning_Visitor,Organic,Africa,Tablet,2,28.1,False,0,0,Tuesday,12,Sep,False,0.0
S03474,Returning_Visitor,Direct,Europe,Desktop,5,85.2,False,3,0,Thursday,17,Jul,False,0.0
S03475,Returning_Visitor,Direct,Europe,Desktop,4,25.2,False,0,0,Wednesday,12,Aug,False,0.0
S03476,Returning_Visitor,Organic,Africa,Mobile,2,39.4,False,0,0,Wednesday,22,Oct,False,0.0
S03477,Returning_Visitor,Organic,Europe,Desktop,7,1017.9,False,4,1,Sunday,23,Dec,True,0.0
S03478,New_Visitor,Referral,North America,Desktop,3,81.6,False,1,0,Tuesday,14,Feb,False,0.0
S03479,New_Visitor,Direct,Europe,Desktop,6,357.5,False,2,0,Wednesday,14,May,False,0.0
S03480,New_Visitor,Paid,South America,Tablet,4,954.3,False,2,1,Tuesday,12,Oct,False,0.0
S03481,New_Visitor,Referral,North America,Mobile,3,20.3,False,2,0,Thursday,11,Jun,False,0.0
S03482,Returning_Visitor,Organic,Asia,Desktop,2,179.2,False,1,0,Saturday,23,Sep,False,0.0
S03483,New_Visitor,Referral,Asia,Desktop,10,721.8,False,5,3,Saturday,5,Feb,True,4.1
S03484,Returning_Visitor,Organic,Africa,Desktop,1,102.6,True,0,0,Thursday,12,Oct,True,0.0
S03485,Returning_Visitor,Social,North America,Desktop,7,62.0,False,4,1,Saturday,9,Sep,False,0.0
S03486,Returning_Visitor,Paid,North America,Mobile,3,125.4,False,0,0,Saturday,17,Aug,False,0.0
S03487,New_Visitor,Direct,Europe,Mobile,5,299.9,False,2,0,Tuesday,9,Oct,False,0.0
S03488,New_Visitor,Referral,Europe,Desktop,2,171.3,False,0,0,Tuesday,20,Nov,False,0.0
S03489,New_Visitor,Organic,Asia,Desktop,2,149.6,False,1,0,Friday,12,Nov,False,0.0
S03490,New_Visitor,Direct,Asia,Desktop,1,50.8,True,0,0,Sunday,21,Feb,False,0.0
S03491,New_Visitor,Paid,South America,Desktop,10,380.0,False,6,2,Wednesday,23,Oct,False,39.43
S03492,Returning_Visitor,Organic,South America,Tablet,1,170.5,True,0,0,Tuesday,18,Jun,False,0.0
S03493,Returning_Visitor,Organic,Africa,Desktop,2,24.1,False,0,0,Sunday,15,May,False,0.0
S03494,Returning_Visitor,Direct,Europe,Desktop,2,27.4,False,1,0,Tuesday,9,Nov,False,0.0
S03495,Returning_Visitor,Social,Oceania,Desktop,6,42.4,False,1,1,Friday,21,Aug,False,0.0
S03496,New_Visitor,Direct,North America,Mobile,3,21.5,False,1,0,Monday,18,Jul,False,0.0
S03497,Returning_Visitor,Paid,Asia,Tablet,1,124.0,True,0,0,Monday,10,Oct,False,0.0
S03498,Returning_Visitor,Organic,Europe,Desktop,3,167.9,False,1,0,Thursday,13,Aug,False,0.0
S03499,New_Visitor,Direct,South America,Desktop,1,164.1,True,0,0,Friday,7,Nov,False,0.0
S03500,Returning_Visitor,Social,Europe,Desktop,1,130.8,True,0,0,Monday,16,Feb,False,0.0
S03501,New_Visitor,Organic,South America,Mobile,3,64.3,False,0,0,Saturday,8,Oct,False,0.0
S03502,Returning_Visitor,Referral,Oceania,Mobile,2,123.0,False,1,0,Monday,16,Mar,False,0.0
S03503,Returning_Visitor,Organic,Asia,Mobile,1,28.6,True,0,0,Thursday,16,Apr,False,0.0
S03504,New_Visitor,Organic,South America,Mobile,1,125.3,True,0,0,Wednesday,11,Mar,False,0.0
S03505,Returning_Visitor,Organic,North America,Tablet,2,159.0,False,1,0,Saturday,22,Apr,False,14.2
S03506,Returning_Visitor,Paid,North America,Desktop,7,55.4,False,4,2,Saturday,18,Oct,False,0.0
S03507,Returning_Visitor,Referral,Oceania,Mobile,5,87.6,False,0,0,Monday,13,Sep,False,0.0
S03508,New_Visitor,Social,Asia,Mobile,1,64.3,True,0,0,Tuesday,21,Apr,False,0.0
S03509,Returning_Visitor,Direct,Asia,Mobile,4,67.8,False,2,1,Sunday,20,Apr,False,0.0
S03510,New_Visitor,Referral,Europe,Desktop,1,45.8,True,0,0,Wednesday,17,Feb,True,0.0
S03511,New_Visitor,Direct,North America,Desktop,3,50.4,False,2,2,Thursday,9,Jun,False,0.0
S03512,New_Visitor,Paid,Europe,Desktop,5,344.2,False,4,0,Tuesday,13,May,False,0.0
S03513,Returning_Visitor,Social,Europe,Desktop,2,9.4,False,0,0,Sunday,20,Mar,False,0.0
S03514,Returning_Visitor,Social,North America,Mobile,2,153.3,False,0,0,Sunday,15,Nov,False,0.0
S03515,Returning_Visitor,Organic,North America,Desktop,9,221.9,False,5,1,Monday,14,Nov,False,0.0
S03516,Returning_Visitor,Direct,Europe,Mobile,1,36.3,True,0,0,Thursday,22,Feb,False,0.0
S03517,New_Visitor,Direct,Asia,Tablet,1,39.6,True,0,0,Sunday,1,Apr,False,0.0
S03518,New_Visitor,Paid,North America,Desktop,7,90.8,False,3,2,Thursday,1,Oct,False,0.0
S03519,New_Visitor,Organic,Asia,Desktop,7,1197.0,False,4,0,Thursday,20,Nov,False,0.0
S03520,New_Visitor,Organic,Africa,Tablet,2,0.0,False,1,0,Wednesday,5,Feb,False,0.0
S03521,New_Visitor,Direct,Europe,Mobile,3,84.0,False,0,0,Monday,11,Dec,False,0.0
S03522,New_Visitor,Organic,Africa,Desktop,1,8.3,True,0,0,Saturday,21,Jan,False,0.0
S03523,New_Visitor,Organic,Africa,Desktop,7,187.4,False,4,1,Thursday,17,Sep,False,0.0
S03524,New_Visitor,Paid,North America,Mobile,2,13.2,False,1,0,Thursday,16,Jan,False,0.0
S03525,New_Visitor,Referral,North America,Mobile,3,85.7,False,0,0,Tuesday,16,Dec,False,0.0
S03526,New_Visitor,Paid,Europe,Mobile,1,12.9,True,0,0,Saturday,11,May,False,0.0
S03527,Returning_Visitor,Social,Asia,Mobile,3,145.3,False,1,1,Saturday,14,Sep,False,0.0
S03528,Returning_Visitor,Organic,Europe,Mobile,4,2.9,False,1,1,Thursday,16,Mar,False,0.0
S03529,Returning_Visitor,Direct,Europe,Desktop,,84.7,False,1,0,Sunday,11,May,False,0.0
S03530,New_Visitor,Organic,Asia,Mobile,7,139.6,False,2,1,Monday,18,Oct,False,32.93
S03531,New_Visitor,Paid,North America,Tablet,1,23.3,True,0,0,Saturday,11,Dec,False,0.0
S03532,Returning_Visitor,Direct,Oceania,Desktop,7,184.0,False,1,0,Thursday,7,Dec,False,6.34
S03533,New_Visitor,Direct,North America,Mobile,4,253.8,False,2,1,Tuesday,9,Nov,False,15.23
S03534,New_Visitor,Direct,Africa,Desktop,6,510.4,False,3,1,Monday,12,Nov,False,0.0
S03535,New_Visitor,Direct,North America,Desktop,4,96.0,False,2,0,Wednesday,21,Dec,False,0.0
S03536,New_Visitor,Organic,North America,Tablet,2,310.8,False,1,0,Saturday,12,Jan,False,0.0
S03537,New_Visitor,Direct,North America,Desktop,2,164.6,False,0,0,Saturday,7,Mar,False,0.0
S03538,New_Visitor,Social,Oceania,Desktop,4,124.1,False,2,0,Friday,9,Jan,False,0.0
S03539,Returning_Visitor,Social,North America,Mobile,2,12.4,False,0,0,Monday,14,Jul,False,0.0
S03540,New_Visitor,Direct,Asia,Desktop,1,49.3,True,0,0,Sunday,9,Dec,False,0.0
S03541,New_Visitor,Direct,Africa,Mobile,1,57.1,True,0,0,Wednesday,7,Aug,False,0.0
S03542,Returning_Visitor,Paid,Asia,Desktop,,44.0,False,1,1,Friday,17,Aug,False,14.66
S03543,New_Visitor,Organic,Europe,Desktop,5,573.2,False,2,0,Saturday,18,Nov,False,0.0
S03544,New_Visitor,Paid,Oceania,Desktop,1,28.8,True,0,0,Monday,19,Dec,True,0.0
S03545,Returning_Visitor,Organic,Africa,Mobile,2,19.8,False,1,1,Friday,19,Sep,False,0.0
S03546,New_Visitor,Referral,Europe,Mobile,3,132.4,False,2,0,Monday,12,Dec,False,0.0
S03547,New_Visitor,Referral,Asia,Mobile,1,32.9,True,0,0,Monday,17,Mar,False,0.0
S03548,New_Visitor,Referral,Oceania,Mobile,3,185.0,False,2,1,Saturday,15,Jul,False,8.97
S03549,New_Visitor,Paid,Oceania,Desktop,1,11.4,True,0,0,Tuesday,2,May,False,0.0
S03550,Returning_Visitor,Organic,Europe,Mobile,1,1.3,True,0,0,Thursday,12,May,False,0.0
S03551,Returning_Visitor,Direct,South America,Desktop,1,38.8,True,0,0,Tuesday,6,Mar,False,0.0
S03552,New_Visitor,Direct,Europe,Desktop,1,10.3,True,0,0,Wednesday,7,Dec,False,0.0
S03553,Returning_Visitor,Social,Europe,Mobile,1,10.2,True,0,0,Monday,6,Jun,False,0.0
S03554,New_Visitor,Organic,North America,Desktop,11,747.8,False,1,0,Saturday,22,Jul,False,0.0
S03555,New_Visitor,Social,North America,Mobile,4,71.9,False,0,0,Monday,19,Apr,False,0.0
S03556,Returning_Visitor,Direct,Asia,Desktop,1,110.0,True,0,0,Saturday,13,Dec,False,0.0
S03557,New_Visitor,Organic,Europe,Mobile,2,86.8,False,1,0,Friday,10,Aug,False,0.0
S03558,New_Visitor,Social,North America,Desktop,1,56.2,True,0,0,Wednesday,7,Jan,False,0.0
S03559,New_Visitor,Organic,Europe,Tablet,4,92.9,False,0,0,Sunday,12,Apr,False,22.38
S03560,New_Visitor,Direct,Europe,Desktop,7,106.4,False,5,1,Tuesday,15,Dec,False,0.0
S03561,New_Visitor,Organic,Oceania,Mobile,2,20.8,False,0,0,Tuesday,18,Dec,False,0.0
S03562,Returning_Visitor,Direct,Africa,Tablet,2,147.3,False,1,0,Monday,6,Aug,True,0.0
S03563,New_Visitor,Referral,Europe,Mobile,2,140.2,False,0,0,Wednesday,12,Aug,False,0.0
S03564,New_Visitor,Referral,Africa,Mobile,2,81.4,False,0,0,Sunday,22,Dec,False,0.0
S03565,New_Visitor,Direct,Europe,Mobile,1,91.2,True,0,0,Tuesday,8,Oct,False,0.0
S03566,Returning_Visitor,Direct,Asia,Mobile,3,292.0,False,0,0,Saturday,12,Dec,True,0.0
S03567,Returning_Visitor,Organic,Oceania,Mobile,10,350.2,False,2,0,Friday,10,Jul,False,0.0
S03568,Returning_Visitor,Direct,Europe,Desktop,5,315.9,False,2,0,Monday,8,Dec,False,0.0
S03569,Returning_Visitor,Paid,Asia,Tablet,6,875.4,False,4,2,Sunday,19,Jul,False,0.0
S03570,Returning_Visitor,Paid,North America,Mobile,,5.1,True,0,0,Sunday,17,Sep,False,0.0
S03571,New_Visitor,Organic,North America,Mobile,3,2.2,False,0,0,Sunday,12,Feb,False,0.0
S03572,New_Visitor,Organic,Asia,Desktop,7,269.3,False,4,1,Thursday,12,Aug,True,0.0
S03573,Returning_Visitor,Paid,Oceania,Tablet,1,24.2,True,0,0,Tuesday,19,Oct,False,0.0
S03574,Returning_Visitor,Direct,Europe,Desktop,7,38.2,False,0,0,Wednesday,7,Jun,False,0.0
S03575,Returning_Visitor,Direct,Oceania,Mobile,1,9.7,True,0,0,Friday,8,Jul,True,0.0
S03576,New_Visitor,Social,Africa,Desktop,13,232.2,False,5,1,Wednesday,21,Jun,False,0.0
S03577,New_Visitor,Direct,North America,Mobile,1,6.3,True,0,0,Friday,19,Dec,True,0.0
S03578,New_Visitor,Direct,Europe,Mobile,2,46.1,False,0,0,Saturday,18,Jul,False,0.0
S03579,Returning_Visitor,Paid,Asia,Desktop,1,8.5,True,0,0,Tuesday,15,Feb,False,0.0
S03580,New_Visitor,Referral,Europe,Mobile,1,58.8,True,0,0,Wednesday,11,Jan,False,0.0
S03581,New_Visitor,Organic,North America,Desktop,7,501.0,False,2,1,Sunday,21,Oct,False,0.0
S03582,Returning_Visitor,Organic,Oceania,Mobile,1,89.6,True,0,0,Tuesday,13,Aug,True,0.0
S03583,New_Visitor,Organic,South America,Mobile,5,611.5,False,1,0,Wednesday,10,Jan,False,0.0
S03584,Returning_Visitor,Social,Europe,Desktop,8,1.5,False,3,1,Monday,11,Jun,False,77.07
S03585,New_Visitor,Organic,Asia,Mobile,9,104.8,False,3,2,Wednesday,1,Dec,False,40.01
S03586,New_Visitor,Organic,North America,Mobile,6,606.8,False,2,0,Wednesday,10,Dec,True,0.0
S03587,New_Visitor,Paid,Europe,Desktop,10,18.6,False,7,2,Monday,9,Jan,False,0.0
S03588,Returning_Visitor,Organic,Oceania,Tablet,1,65.7,True,0,0,Monday,8,Feb,False,0.0
S03589,New_Visitor,Organic,Africa,Mobile,18,215.3,False,7,0,Friday,4,Jan,False,0.0
S03590,New_Visitor,Organic,Europe,Desktop,1,42.4,True,0,0,Wednesday,10,Nov,False,0.0
S03591,Returning_Visitor,Organic,Europe,Desktop,1,196.7,True,0,0,Monday,8,Feb,False,0.0
S03592,New_Visitor,Direct,Asia,Mobile,1,62.8,True,0,0,Saturday,6,Feb,False,0.0
S03593,Returning_Visitor,Paid,Europe,Desktop,5,137.8,False,1,0,Friday,8,Apr,False,0.0
S03594,Returning_Visitor,Paid,North America,Desktop,1,70.1,True,0,0,Tuesday,9,Dec,False,0.0
S03595,New_Visitor,Direct,Europe,Desktop,2,0.7,False,1,1,Sunday,12,Sep,False,0.0
S03596,Returning_Visitor,Direct,Asia,Mobile,4,721.4,False,1,0,Tuesday,15,Aug,True,0.0
S03597,New_Visitor,Referral,North America,Mobile,3,76.0,False,0,0,Tuesday,11,Oct,False,0.0
S03598,Returning_Visitor,Organic,North America,Desktop,1,235.1,True,0,0,Sunday,8,Sep,False,0.0
S03599,New_Visitor,Organic,North America,Mobile,3,,False,1,0,Tuesday,21,Oct,False,0.0
S03600,Returning_Visitor,Paid,Europe,Tablet,2,40.7,False,0,0,Sunday,14,Feb,False,0.0
S03601,New_Visitor,Organic,Europe,Tablet,3,171.9,False,2,0,Saturday,17,Aug,False,0.0
S03602,Returning_Visitor,Organic,North America,Tablet,3,86.1,False,1,0,Wednesday,17,Oct,False,0.0
S03603,New_Visitor,Direct,North America,Mobile,14,864.7,False,4,1,Monday,10,Aug,False,0.0
S03604,New_Visitor,Direct,Africa,Desktop,6,563.0,False,3,0,Monday,14,Jan,False,0.0
S03605,New_Visitor,Organic,North America,Desktop,1,38.2,True,0,0,Monday,15,Mar,False,0.0
S03606,New_Visitor,Organic,Europe,Desktop,1,15.1,True,0,0,Sunday,11,Dec,False,0.0
S03607,Returning_Visitor,Direct,Oceania,Mobile,8,1800.0,False,2,0,Wednesday,16,Oct,True,0.0
S03608,New_Visitor,Referral,Asia,Tablet,3,95.8,False,0,0,Monday,18,Sep,False,0.0
S03609,Returning_Visitor,Organic,Asia,Desktop,5,58.2,False,0,0,Thursday,11,Sep,False,0.0
S03610,Returning_Visitor,Direct,Europe,Mobile,3,241.9,False,1,1,Tuesday,1,Feb,False,0.0
S03611,Returning_Visitor,Referral,North America,Mobile,5,319.5,False,1,0,Tuesday,11,Jan,False,0.0
S03612,New_Visitor,Paid,Asia,Desktop,1,101.8,True,0,0,Tuesday,8,Jun,False,0.0
S03613,New_Visitor,Direct,Asia,Mobile,5,0.5,False,1,0,Saturday,9,Jun,False,0.0
S03614,Returning_Visitor,Organic,North America,Desktop,7,179.2,False,1,1,Monday,11,Nov,False,0.0
S03615,New_Visitor,Direct,Europe,Tablet,1,22.7,True,0,0,Thursday,9,Mar,False,0.0
S03616,New_Visitor,Social,Africa,Mobile,2,309.0,False,0,0,Monday,21,Apr,False,0.0
S03617,Returning_Visitor,Organic,North America,Mobile,3,77.4,False,1,0,Thursday,16,Feb,False,0.0
S03618,Returning_Visitor,Direct,Europe,Desktop,7,314.6,False,2,1,Wednesday,14,Jun,False,15.14
S03619,Returning_Visitor,Organic,Europe,Mobile,,1.7,False,2,0,Monday,0,Apr,False,0.0
S03620,New_Visitor,Organic,South America,Desktop,3,297.2,False,0,0,Thursday,8,Apr,False,0.0
S03621,Returning_Visitor,Direct,South America,Desktop,4,29.0,False,1,1,Friday,18,Apr,False,0.0
S03622,New_Visitor,Organic,South America,Desktop,7,898.8,False,6,2,Tuesday,12,Apr,True,0.0
S03623,New_Visitor,Social,Europe,Desktop,1,79.7,True,0,0,Saturday,6,May,False,0.0
S03624,Returning_Visitor,Referral,North America,Mobile,6,292.6,False,1,0,Wednesday,19,Jul,False,0.0
S03625,New_Visitor,Direct,Europe,Desktop,1,83.0,True,0,0,Saturday,11,Jun,False,0.0
S03626,New_Visitor,Direct,Asia,Tablet,3,283.4,False,1,0,Friday,12,Jan,False,0.0
S03627,New_Visitor,Direct,Asia,Desktop,9,752.4,False,5,2,Sunday,22,Jun,False,0.0
S03628,Returning_Visitor,Organic,Oceania,Desktop,3,194.7,False,2,1,Thursday,1,Nov,False,0.0
S03629,Returning_Visitor,Paid,Europe,Tablet,1,127.6,True,0,0,Tuesday,17,Feb,False,0.0
S03630,Returning_Visitor,Paid,Asia,Desktop,7,231.0,False,3,0,Saturday,22,Dec,False,0.0
S03631,Returning_Visitor,Organic,Europe,Desktop,3,150.3,False,0,0,Saturday,7,May,False,0.0
S03632,New_Visitor,Organic,North America,Desktop,1,209.2,True,0,0,Sunday,20,Jan,False,0.0
S03633,New_Visitor,Organic,Europe,Mobile,1,27.9,True,0,0,Monday,12,Apr,False,0.0
S03634,New_Visitor,Referral,Europe,Mobile,1,83.4,True,0,0,Friday,20,Jan,False,0.0
S03635,New_Visitor,Referral,Oceania,Desktop,1,29.8,True,0,0,Thursday,11,Aug,False,0.0
S03636,New_Visitor,Social,Europe,Mobile,3,114.3,False,0,0,Friday,23,May,False,0.0
S03637,Returning_Visitor,Social,Oceania,Mobile,3,73.6,False,1,1,Sunday,16,Nov,False,0.0
S03638,New_Visitor,Direct,Europe,Tablet,6,59.8,False,2,0,Thursday,15,Oct,False,0.0
S03639,New_Visitor,Referral,North America,Desktop,3,644.9,False,2,0,Friday,19,Jul,True,0.0
S03640,New_Visitor,Referral,North America,Mobile,1,35.6,True,0,0,Wednesday,12,Aug,True,0.0
S03641,New_Visitor,Direct,North America,Desktop,1,19.7,True,0,0,Wednesday,10,Aug,False,0.0
S03642,Returning_Visitor,Direct,Europe,Desktop,1,62.4,True,0,0,Wednesday,10,Apr,False,0.0
S03643,New_Visitor,Referral,North America,Desktop,8,56.4,False,3,0,Monday,11,Feb,False,0.0
S03644,New_Visitor,Referral,Europe,Mobile,1,47.0,True,0,0,Tuesday,15,May,False,0.0
S03645,Returning_Visitor,Referral,Oceania,Mobile,3,153.6,False,2,0,Tuesday,19,Feb,False,0.0
S03646,New_Visitor,Referral,Asia,Mobile,5,65.4,False,2,0,Thursday,13,May,False,29.43
S03647,New_Visitor,Social,South America,Mobile,8,1540.5,False,2,0,Thursday,12,Aug,True,0.0
S03648,New_Visitor,Referral,North America,Mobile,1,54.2,True,0,0,Saturday,18,Aug,False,0.0
S03649,Returning_Visitor,Direct,Europe,Mobile,1,15.1,True,0,0,Thursday,10,Feb,False,0.0
S03650,Returning_Visitor,Referral,North America,Desktop,1,107.5,True,0,0,Thursday,17,Jan,False,0.0
S03651,Returning_Visitor,Direct,Africa,Desktop,1,22.0,True,0,0,Tuesday,8,Feb,False,0.0
S03652,New_Visitor,Organic,North America,Desktop,2,157.1,False,0,0,Saturday,8,Jan,False,0.0
S03653,Returning_Visitor,Organic,Europe,Desktop,4,237.6,False,1,0,Monday,16,Jun,False,0.0
S03654,New_Visitor,Referral,Asia,Mobile,4,41.8,False,0,0,Sunday,7,Jun,False,0.0
S03655,New_Visitor,Referral,Europe,Mobile,2,11.9,False,0,0,Thursday,9,Apr,False,0.0
S03656,New_Visitor,Paid,South America,Mobile,3,168.3,False,0,0,Tuesday,15,Mar,False,0.0
S03657,New_Visitor,Direct,North America,Desktop,1,66.2,True,0,0,Wednesday,13,Jun,False,0.0
S03658,New_Visitor,Direct,Europe,Mobile,7,59.0,False,0,0,Monday,14,Feb,False,0.0
S03659,Returning_Visitor,Organic,South America,Desktop,7,79.6,False,2,0,Tuesday,22,Mar,False,0.0
S03660,Returning_Visitor,Organic,Europe,Tablet,3,9.2,False,1,0,Wednesday,16,Jun,False,0.0
S03661,New_Visitor,Social,Europe,Desktop,1,8.7,True,0,0,Thursday,15,Feb,False,0.0
S03662,New_Visitor,Organic,North America,Mobile,11,585.4,False,2,1,Monday,12,Nov,False,0.0
S03663,New_Visitor,Referral,South America,Mobile,5,67.2,False,2,0,Friday,16,Sep,False,0.0
S03664,New_Visitor,Referral,Oceania,Tablet,1,20.4,True,0,0,Saturday,1,Jun,False,0.0
S03665,Returning_Visitor,Direct,Asia,Desktop,2,97.2,False,1,0,Friday,14,Mar,False,0.0
S03666,New_Visitor,Paid,Africa,Desktop,1,32.1,True,0,0,Wednesday,7,Mar,False,0.0
S03667,Returning_Visitor,Direct,Europe,Desktop,1,111.9,True,0,0,Monday,10,Feb,False,0.0
S03668,New_Visitor,Organic,North America,Desktop,1,50.8,True,0,0,Monday,14,Mar,True,0.0
S03669,New_Visitor,Paid,North America,Mobile,4,34.0,False,1,1,Saturday,16,Jun,False,0.0
S03670,New_Visitor,Paid,Asia,Tablet,1,29.1,True,0,0,Friday,12,Apr,False,0.0
S03671,New_Visitor,Organic,Europe,Desktop,2,35.9,False,1,1,Thursday,12,Nov,False,0.0
S03672,New_Visitor,Organic,South America,Mobile,1,18.0,True,0,0,Monday,13,Dec,False,0.0
S03673,Returning_Visitor,Organic,Asia,Tablet,1,17.8,True,0,0,Tuesday,18,Sep,False,0.0
S03674,New_Visitor,Organic,Oceania,Desktop,5,162.6,False,2,1,Saturday,1,Nov,False,0.0
S03675,Returning_Visitor,Paid,Europe,Mobile,4,34.0,False,0,0,Thursday,13,Apr,False,0.0
S03676,New_Visitor,Referral,Europe,Tablet,2,34.9,False,1,0,Sunday,1,Sep,False,0.0
S03677,New_Visitor,Direct,North America,Tablet,1,72.5,True,0,0,Sunday,11,Jan,False,0.0
S03678,New_Visitor,Paid,Europe,Mobile,5,527.1,False,2,1,Saturday,14,Dec,False,0.0
S03679,Returning_Visitor,Direct,Africa,Desktop,8,6.6,False,3,0,Tuesday,7,Sep,False,0.0
S03680,New_Visitor,Direct,North America,Desktop,3,15.7,False,1,0,Tuesday,13,May,False,0.0
S03681,Returning_Visitor,Paid,Oceania,Mobile,1,115.9,True,0,0,Tuesday,21,Oct,False,0.0
S03682,New_Visitor,Social,Oceania,Desktop,4,58.0,False,1,1,Sunday,16,Jan,True,0.0
S03683,Returning_Visitor,Social,Asia,Desktop,1,22.5,True,0,0,Wednesday,18,May,False,0.0
S03684,New_Visitor,Direct,Europe,Mobile,1,24.7,True,0,0,Friday,15,Dec,False,0.0
S03685,Returning_Visitor,Social,North America,Mobile,2,241.1,False,0,0,Sunday,20,Apr,False,0.0
S03686,Returning_Visitor,Organic,North America,Mobile,1,10.7,True,0,0,Saturday,8,Sep,True,0.0
S03687,Returning_Visitor,Referral,North America,Desktop,8,803.6,False,3,0,Friday,13,May,False,0.0
S03688,New_Visitor,Paid,Europe,Desktop,5,189.2,False,3,1,Tuesday,15,Jun,False,0.0
S03689,New_Visitor,Organic,North America,Mobile,1,91.7,True,0,0,Tuesday,20,Oct,False,0.0
S03690,New_Visitor,Social,Asia,Mobile,10,699.0,False,2,0,Thursday,11,Dec,False,0.0
S03691,Returning_Visitor,Direct,Europe,Mobile,2,158.1,False,1,0,Sunday,0,Mar,False,0.0
S03692,New_Visitor,Organic,North America,Tablet,3,21.8,False,2,0,Sunday,22,Apr,False,0.0
S03693,Returning_Visitor,Social,Europe,Tablet,3,66.5,False,1,0,Tuesday,3,Jul,False,0.0
S03694,New_Visitor,Organic,Oceania,Mobile,4,61.8,False,1,1,Tuesday,9,Aug,False,0.0
S03695,New_Visitor,Referral,Asia,Desktop,1,8.1,True,0,0,Friday,12,Jul,False,0.0
S03696,New_Visitor,Organic,Europe,Mobile,8,489.4,False,3,1,Thursday,13,Nov,False,0.0
S03697,Returning_Visitor,Paid,South America,Mobile,1,71.3,True,0,0,Monday,19,Oct,False,0.0
S03698,Returning_Visitor,Organic,Asia,Desktop,4,36.6,False,0,0,Wednesday,13,Jun,False,0.0
S03699,Returning_Visitor,Organic,Africa,Mobile,5,439.0,False,3,0,Sunday,14,Jan,False,0.0
S03700,New_Visitor,Organic,North America,Desktop,7,142.0,False,2,0,Sunday,9,Mar,False,0.0
S03701,Returning_Visitor,Paid,Africa,Mobile,2,56.7,False,0,0,Thursday,15,Jul,False,0.0
S03702,Returning_Visitor,Social,Europe,Desktop,4,1199.7,False,2,0,Friday,11,Dec,False,0.0
S03703,New_Visitor,Social,Oceania,Mobile,1,12.8,True,0,0,Tuesday,8,Aug,False,0.0
S03704,Returning_Visitor,Direct,North America,Tablet,5,37.7,False,2,2,Saturday,22,Jul,False,34.84
S03705,Returning_Visitor,Direct,Africa,Desktop,5,93.8,False,2,0,Monday,7,Oct,False,0.0
S03706,Returning_Visitor,Organic,Oceania,Mobile,2,322.2,False,0,0,Tuesday,16,Mar,False,0.0
S03707,Returning_Visitor,Referral,North America,Desktop,2,15.3,False,0,0,Monday,21,Mar,False,0.0
S03708,New_Visitor,Organic,Oceania,Tablet,2,114.8,False,0,0,Wednesday,9,May,False,0.0
S03709,New_Visitor,Paid,North America,Mobile,1,94.5,True,0,0,Saturday,10,Dec,False,0.0
S03710,Returning_Visitor,Social,North America,Tablet,4,613.4,False,1,0,Sunday,12,Nov,False,0.0
S03711,New_Visitor,Direct,Europe,Tablet,8,312.1,False,6,1,Friday,11,Sep,False,77.26
S03712,Returning_Visitor,Organic,Oceania,Mobile,,146.9,False,1,0,Saturday,18,Jun,False,0.0
S03713,Returning_Visitor,Social,Europe,Desktop,3,316.4,False,1,0,Tuesday,11,Aug,False,0.0
S03714,Returning_Visitor,Organic,Asia,Desktop,15,196.2,False,5,0,Thursday,23,May,False,0.0
S03715,Returning_Visitor,Organic,Asia,Mobile,3,111.6,False,1,1,Saturday,20,Sep,False,0.0
S03716,New_Visitor,Organic,Oceania,Mobile,2,121.8,False,0,0,Thursday,20,Jun,True,0.0
S03717,New_Visitor,Referral,South America,Mobile,4,289.0,False,0,0,Monday,7,Feb,False,0.0
S03718,New_Visitor,Social,North America,Desktop,3,21.3,False,2,0,Saturday,9,Mar,False,0.0
S03719,New_Visitor,Direct,Europe,Desktop,11,1332.3,False,4,2,Tuesday,9,Aug,False,0.0
S03720,New_Visitor,Organic,North America,Mobile,7,716.1,False,3,0,Monday,16,Sep,False,0.0
S03721,New_Visitor,Direct,Asia,Desktop,9,205.9,False,3,2,Thursday,1,Feb,False,0.0
S03722,Returning_Visitor,Social,North America,Mobile,1,38.8,True,0,0,Monday,19,Nov,False,0.0
S03723,Returning_Visitor,Organic,North America,Mobile,2,58.1,False,0,0,Friday,14,Nov,False,0.0
S03724,New_Visitor,Organic,Africa,Mobile,3,714.3,False,1,0,Friday,14,Oct,True,0.0
S03725,New_Visitor,Paid,Europe,Desktop,2,105.2,False,0,0,Tuesday,14,Sep,False,0.0
S03726,Returning_Visitor,Paid,Asia,Tablet,4,75.7,False,0,0,Sunday,14,Apr,True,0.0
S03727,New_Visitor,Paid,Europe,Desktop,4,328.9,False,1,0,Saturday,9,Dec,False,0.0
S03728,New_Visitor,Social,North America,Desktop,3,310.3,False,0,0,Monday,10,Apr,True,0.0
S03729,New_Visitor,Organic,Europe,Mobile,2,155.4,False,1,0,Saturday,13,Mar,False,86.54
S03730,Returning_Visitor,Organic,Europe,Desktop,4,20.9,False,2,1,Wednesday,16,Sep,False,0.0
S03731,New_Visitor,Direct,Africa,Desktop,5,101.8,False,1,0,Saturday,10,May,False,0.0
S03732,Returning_Visitor,Direct,Europe,Desktop,4,108.0,False,0,0,Saturday,19,Dec,False,0.0
S03733,New_Visitor,Paid,Europe,Mobile,6,88.0,False,3,1,Tuesday,19,Jul,False,35.46
S03734,New_Visitor,Social,South America,Tablet,9,354.5,False,4,1,Friday,10,Mar,False,36.42
S03735,New_Visitor,Social,South America,Mobile,1,23.1,True,0,0,Sunday,14,Dec,True,0.0
S03736,New_Visitor,Organic,South America,Mobile,8,17.8,False,3,0,Wednesday,11,Jul,False,0.0
S03737,Returning_Visitor,Paid,Oceania,Desktop,1,63.3,True,0,0,Monday,9,Jul,False,0.0
S03738,Returning_Visitor,Social,South America,Desktop,3,103.1,False,1,0,Monday,19,Jun,False,0.0
S03739,Returning_Visitor,Organic,Europe,Desktop,9,15.4,False,4,0,Monday,23,Nov,False,0.0
S03740,Returning_Visitor,Paid,South America,Tablet,3,486.3,False,0,0,Monday,14,Apr,False,0.0
S03741,Returning_Visitor,Organic,Europe,Desktop,1,63.2,True,0,0,Wednesday,21,Jan,False,0.0
S03742,Returning_Visitor,Organic,North America,Tablet,3,13.8,False,1,0,Wednesday,16,Jul,False,0.0
S03743,Returning_Visitor,Referral,Europe,Desktop,7,924.8,False,1,1,Monday,14,Dec,True,0.0
S03744,New_Visitor,Referral,North America,Mobile,2,65.5,False,0,0,Friday,13,Apr,False,0.0
S03745,New_Visitor,Organic,North America,Tablet,6,98.6,False,3,0,Sunday,10,Apr,False,0.0
S03746,New_Visitor,Direct,North America,Desktop,5,14.1,False,0,0,Sunday,7,Oct,False,0.0
S03747,Returning_Visitor,Paid,North America,Mobile,8,655.6,False,1,0,Tuesday,13,Oct,False,0.0
S03748,New_Visitor,Referral,Africa,Desktop,1,209.1,True,0,0,Saturday,14,Jun,False,0.0
S03749,New_Visitor,Social,Oceania,Desktop,3,36.9,False,0,0,Sunday,14,Nov,False,0.0
S03750,Returning_Visitor,Organic,Asia,Desktop,,64.7,False,0,0,Sunday,17,Mar,False,0.0
S03751,Returning_Visitor,Organic,South America,Mobile,3,48.8,False,0,0,Sunday,9,May,False,0.0
S03752,Returning_Visitor,Organic,North America,Desktop,1,51.0,True,0,0,Saturday,11,Jun,False,0.0
S03753,New_Visitor,Organic,Africa,Desktop,1,123.0,True,0,0,Wednesday,12,May,False,0.0
S03754,Returning_Visitor,Organic,Europe,Tablet,11,92.4,False,5,1,Monday,9,Mar,False,0.0
S03755,New_Visitor,Organic,North America,Desktop,3,63.7,False,0,0,Thursday,21,May,False,0.0
S03756,New_Visitor,Referral,North America,Desktop,1,10.8,True,0,0,Monday,16,Jan,False,0.0
S03757,New_Visitor,Direct,Europe,Tablet,3,46.7,False,0,0,Sunday,7,Oct,False,0.0
S03758,New_Visitor,Social,North America,Desktop,4,33.4,False,0,0,Wednesday,17,Sep,False,0.0
S03759,New_Visitor,Organic,Europe,Desktop,3,181.2,False,1,1,Sunday,14,Jun,False,0.0
S03760,Returning_Visitor,Direct,North America,Mobile,3,8.0,False,0,0,Saturday,14,May,False,0.0
S03761,New_Visitor,Organic,North America,Desktop,4,313.3,False,1,0,Wednesday,23,Jun,True,0.0
S03762,Returning_Visitor,Direct,North America,Desktop,1,9.2,True,0,0,Monday,15,Dec,False,0.0
S03763,New_Visitor,Organic,Oceania,Desktop,2,37.2,False,0,0,Tuesday,20,Aug,False,0.0
S03764,New_Visitor,Paid,North America,Mobile,5,127.1,False,3,0,Friday,21,Oct,False,0.0
S03765,New_Visitor,Social,North America,Desktop,3,86.4,False,0,0,Saturday,8,Apr,False,0.0
S03766,New_Visitor,Direct,Asia,Desktop,8,91.1,False,3,0,Sunday,0,Feb,True,0.0
S03767,Returning_Visitor,Organic,Africa,Desktop,2,80.5,False,0,0,Monday,12,Feb,False,0.0
S03768,New_Visitor,Referral,Europe,Desktop,1,135.1,True,0,0,Tuesday,18,Jul,False,0.0
S03769,New_Visitor,Social,Africa,Mobile,1,36.8,True,0,0,Monday,19,Oct,False,0.0
S03770,New_Visitor,Organic,Europe,Desktop,2,3.4,False,1,0,Tuesday,18,Oct,False,0.0
S03771,New_Visitor,Referral,North America,Mobile,2,54.2,False,0,0,Saturday,13,Oct,False,0.0
S03772,Returning_Visitor,Social,Europe,Mobile,1,31.0,True,0,0,Tuesday,18,Dec,False,0.0
S03773,New_Visitor,Social,Asia,Desktop,3,60.0,False,1,0,Thursday,17,Jan,False,0.0
S03774,Returning_Visitor,Social,Europe,Desktop,1,21.1,True,0,0,Thursday,11,Nov,False,0.0
S03775,Returning_Visitor,Paid,Asia,Desktop,1,13.3,True,0,0,Wednesday,9,Sep,False,0.0
S03776,Returning_Visitor,Paid,North America,Desktop,3,565.0,False,0,0,Friday,15,Mar,False,0.0
S03777,Returning_Visitor,Direct,Asia,Mobile,9,407.1,False,4,1,Thursday,16,Sep,False,0.0
S03778,Returning_Visitor,Referral,Europe,Mobile,1,46.2,True,0,0,Wednesday,14,Jul,False,0.0
S03779,Returning_Visitor,Social,Europe,Desktop,1,33.3,True,0,0,Friday,9,May,False,0.0
S03780,Returning_Visitor,Referral,Asia,Mobile,3,172.7,False,1,1,Tuesday,10,Apr,False,0.0
S03781,New_Visitor,Paid,Asia,Tablet,1,33.0,True,0,0,Friday,17,Jul,False,0.0
S03782,New_Visitor,Organic,North America,Desktop,2,140.1,False,1,1,Sunday,22,Apr,False,107.82
S03783,New_Visitor,Direct,South America,Mobile,15,83.1,False,7,2,Saturday,21,Feb,False,0.0
S03784,Returning_Visitor,Organic,Asia,Mobile,6,10.8,False,2,1,Wednesday,14,Nov,False,0.0
S03785,Returning_Visitor,Organic,North America,Desktop,4,198.4,False,1,0,Saturday,20,Aug,False,0.0
S03786,New_Visitor,Organic,Oceania,Mobile,1,79.5,True,0,0,Saturday,3,May,False,0.0
S03787,Returning_Visitor,Social,Asia,Tablet,1,66.3,True,0,0,Wednesday,20,Jun,False,0.0
S03788,New_Visitor,Organic,Europe,Desktop,3,91.5,False,0,0,Friday,13,Nov,False,0.0
S03789,New_Visitor,Social,North America,Mobile,4,0.8,False,2,1,Thursday,18,May,False,0.0
S03790,Returning_Visitor,Referral,Europe,Desktop,4,30.9,False,2,0,Saturday,0,Jun,False,0.0
S03791,New_Visitor,Organic,North America,Desktop,1,29.9,True,0,0,Wednesday,20,Oct,False,0.0
S03792,New_Visitor,Organic,Europe,Mobile,2,131.0,False,0,0,Sunday,15,Mar,False,0.0
S03793,Returning_Visitor,Referral,Europe,Desktop,1,22.4,True,0,0,Friday,10,Sep,False,0.0
S03794,Returning_Visitor,Social,Asia,Mobile,8,364.0,False,2,0,Wednesday,11,Jun,False,0.0
S03795,New_Visitor,Paid,North America,Desktop,3,34.7,False,1,1,Wednesday,9,Jul,False,0.0
S03796,Returning_Visitor,Paid,South America,Mobile,2,22.3,False,1,0,Wednesday,12,Oct,False,0.0
S03797,New_Visitor,Paid,Europe,Mobile,8,651.7,False,2,0,Monday,11,Dec,False,0.0
S03798,New_Visitor,Referral,Europe,Mobile,8,276.9,False,2,0,Monday,14,Nov,True,0.0
S03799,New_Visitor,Paid,South America,Desktop,3,535.8,False,1,0,Wednesday,19,Mar,False,0.0
S03800,Returning_Visitor,Social,Asia,Desktop,4,57.0,False,2,0,Thursday,23,Apr,False,0.0
S03801,New_Visitor,Paid,Europe,Desktop,2,71.3,False,0,0,Wednesday,10,Jun,False,0.0
S03802,Returning_Visitor,Organic,Europe,Mobile,2,25.0,False,1,1,Monday,8,Oct,False,0.0
S03803,Returning_Visitor,Paid,Europe,Desktop,3,53.2,False,1,1,Friday,12,Jul,False,10.06
S03804,Returning_Visitor,Direct,Asia,Mobile,6,367.9,False,1,0,Monday,8,Dec,False,0.0
S03805,New_Visitor,Social,Europe,Desktop,3,432.7,False,1,0,Tuesday,19,Jan,False,0.0
S03806,Returning_Visitor,Organic,Asia,Mobile,2,16.5,False,1,1,Monday,13,Apr,False,0.0
S03807,New_Visitor,Direct,Asia,Mobile,4,33.3,False,0,0,Thursday,15,Mar,False,0.0
S03808,New_Visitor,Organic,North America,Desktop,6,1096.7,False,1,0,Monday,9,Oct,False,0.0
S03809,New_Visitor,Organic,Europe,Mobile,5,399.9,False,2,0,Tuesday,18,Jul,True,0.0
S03810,New_Visitor,Organic,North America,Desktop,2,45.0,False,0,0,Thursday,22,Jan,False,0.0
S03811,Returning_Visitor,Social,Europe,Mobile,9,282.1,False,2,0,Tuesday,13,Oct,False,0.0
S03812,New_Visitor,Organic,Europe,Mobile,1,93.3,True,0,0,Thursday,22,May,False,0.0
S03813,New_Visitor,Direct,Europe,Mobile,2,144.0,False,0,0,Wednesday,4,Apr,False,0.0
S03814,Returning_Visitor,Organic,South America,Tablet,8,451.4,False,4,1,Sunday,4,Mar,False,0.0
S03815,New_Visitor,Referral,North America,Mobile,4,480.1,False,1,1,Saturday,22,Dec,False,0.0
S03816,Returning_Visitor,Organic,Oceania,Mobile,4,89.9,False,1,1,Sunday,17,Dec,True,23.54
S03817,New_Visitor,Organic,Europe,Desktop,1,14.2,True,0,0,Thursday,9,Feb,False,0.0
S03818,Returning_Visitor,Direct,Europe,Mobile,3,94.9,False,0,0,Friday,11,Apr,False,0.0
S03819,Returning_Visitor,Referral,Asia,Desktop,11,4.9,False,4,1,Sunday,14,Sep,False,0.0
S03820,New_Visitor,Organic,South America,Mobile,1,42.5,True,0,0,Wednesday,17,Sep,False,0.0
S03821,New_Visitor,Organic,Europe,Mobile,2,54.5,False,0,0,Thursday,19,Jun,False,0.0
S03822,New_Visitor,Organic,Asia,Mobile,2,17.0,False,1,0,Wednesday,7,Aug,False,0.0
S03823,Returning_Visitor,Paid,Africa,Mobile,2,250.0,False,0,0,Thursday,16,Oct,False,0.0
S03824,New_Visitor,Direct,South America,Mobile,3,38.9,False,0,0,Monday,13,Dec,False,0.0
S03825,New_Visitor,Referral,North America,Desktop,1,73.4,True,0,0,Saturday,15,Oct,False,0.0
S03826,New_Visitor,Organic,South America,Desktop,3,220.2,False,1,0,Sunday,14,Feb,False,0.0
S03827,New_Visitor,Direct,South America,Mobile,2,5.2,False,0,0,Monday,13,Oct,False,0.0
S03828,New_Visitor,Organic,Asia,Desktop,4,133.9,False,2,0,Saturday,9,Jan,False,0.0
S03829,Returning_Visitor,Organic,South America,Mobile,1,38.8,True,0,0,Tuesday,13,Jul,False,0.0
S03830,New_Visitor,Direct,Oceania,Desktop,3,306.2,False,0,0,Tuesday,9,Jul,False,0.0
S03831,New_Visitor,Direct,Europe,Desktop,5,293.8,False,2,0,Friday,5,Oct,False,0.0
S03832,Returning_Visitor,Organic,North America,Mobile,4,15.7,False,1,1,Monday,12,Jan,False,0.0
S03833,Returning_Visitor,Referral,Europe,Mobile,6,214.4,False,4,0,Thursday,2,Nov,False,0.0
S03834,New_Visitor,Paid,North America,Desktop,10,214.7,False,2,1,Monday,14,Sep,False,0.0
S03835,New_Visitor,Direct,North America,Desktop,6,67.5,False,0,0,Thursday,7,Jan,True,0.0
S03836,New_Visitor,Referral,Asia,Desktop,9,174.4,False,3,1,Thursday,12,Mar,False,0.0
S03837,Returning_Visitor,Paid,Europe,Desktop,1,110.0,True,0,0,Sunday,23,Jan,False,0.0
S03838,New_Visitor,Social,Asia,Desktop,3,174.2,False,2,1,Saturday,0,Oct,False,0.0
S03839,Returning_Visitor,Direct,South America,Mobile,1,34.3,True,0,0,Monday,12,Mar,False,0.0
S03840,Returning_Visitor,Social,Europe,Tablet,5,382.4,False,1,0,Wednesday,16,Jan,False,0.0
S03841,New_Visitor,Organic,Africa,Desktop,6,1241.6,False,3,1,Sunday,9,Feb,False,0.0
S03842,New_Visitor,Direct,North America,Desktop,1,157.2,True,0,0,Saturday,14,Aug,False,0.0
S03843,New_Visitor,Organic,South America,Mobile,3,18.3,False,0,0,Friday,10,Jul,False,0.0
S03844,New_Visitor,Organic,South America,Tablet,6,145.4,False,1,0,Thursday,10,Apr,False,0.0
S03845,New_Visitor,Direct,Europe,Desktop,3,67.6,False,1,1,Wednesday,20,Dec,False,0.0
S03846,Returning_Visitor,Organic,North America,Desktop,2,96.9,False,0,0,Friday,9,Nov,False,0.0
S03847,Returning_Visitor,Referral,Europe,Desktop,1,5.7,True,0,0,Saturday,12,May,False,0.0
S03848,Returning_Visitor,Direct,South America,Desktop,4,611.4,False,2,0,Monday,9,Jul,False,0.0
S03849,Returning_Visitor,Direct,South America,Mobile,1,91.5,True,0,0,Sunday,10,Jul,False,0.0
S03850,New_Visitor,Organic,Europe,Tablet,3,23.6,False,0,0,Tuesday,11,Oct,False,0.0
S03851,New_Visitor,Organic,Asia,Mobile,8,140.8,False,3,0,Thursday,11,Jun,False,0.0
S03852,New_Visitor,Referral,North America,Tablet,2,18.5,False,1,0,Monday,16,Aug,False,0.0
S03853,Returning_Visitor,Paid,Europe,Desktop,5,,False,4,0,Thursday,17,Jun,False,0.0
S03854,Returning_Visitor,Organic,Oceania,Tablet,5,662.5,False,1,0,Wednesday,14,Oct,False,0.0
S03855,Returning_Visitor,Organic,North America,Desktop,1,62.1,True,0,0,Tuesday,15,Aug,False,0.0
S03856,New_Visitor,Paid,Oceania,Desktop,,446.5,False,1,0,Sunday,19,Nov,False,0.0
S03857,New_Visitor,Organic,South America,Mobile,1,4.6,True,0,0,Wednesday,23,Jan,False,0.0
S03858,Returning_Visitor,Paid,Oceania,Desktop,1,142.1,True,0,0,Wednesday,13,Dec,False,0.0
S03859,New_Visitor,Direct,North America,Desktop,7,138.4,False,2,0,Thursday,21,Nov,False,0.0
S03860,Returning_Visitor,Direct,North America,Mobile,4,552.9,False,1,0,Monday,13,Nov,False,0.0
S03861,Returning_Visitor,Direct,North America,Desktop,2,72.6,False,0,0,Wednesday,18,Mar,False,0.0
S03862,Returning_Visitor,Organic,Asia,Mobile,1,45.1,True,0,0,Wednesday,15,Apr,False,0.0
S03863,New_Visitor,Direct,Asia,Desktop,2,111.5,False,1,0,Thursday,20,Dec,False,0.0
S03864,New_Visitor,Paid,North America,Mobile,11,224.7,False,3,0,Saturday,13,Dec,True,0.0
S03865,New_Visitor,Social,South America,Desktop,1,108.3,True,0,0,Tuesday,17,Apr,False,0.0
S03866,New_Visitor,Referral,North America,Mobile,6,1144.2,False,1,1,Friday,13,Jun,False,0.0
S03867,New_Visitor,Social,North America,Desktop,2,40.0,False,0,0,Monday,20,Mar,False,0.0
S03868,Returning_Visitor,Organic,Europe,Mobile,4,0.0,False,2,0,Wednesday,23,Apr,False,0.0
S03869,Returning_Visitor,Referral,North America,Mobile,3,134.2,False,2,1,Thursday,10,Mar,False,10.28
S03870,New_Visitor,Direct,North America,Desktop,2,107.8,False,1,1,Monday,13,Feb,False,0.0
S03871,New_Visitor,Social,Europe,Desktop,1,3.9,True,0,0,Thursday,7,Aug,False,0.0
S03872,New_Visitor,Direct,Africa,Desktop,,67.0,True,0,0,Wednesday,8,Apr,False,0.0
S03873,New_Visitor,Referral,South America,Mobile,3,62.2,False,1,0,Sunday,21,Dec,False,0.0
S03874,Returning_Visitor,Paid,Europe,Mobile,9,1720.5,False,4,2,Friday,14,Jul,False,17.31
S03875,New_Visitor,Direct,Asia,Desktop,8,729.9,False,2,0,Tuesday,12,May,False,0.0
S03876,New_Visitor,Organic,Asia,Mobile,1,4.5,True,0,0,Monday,16,Dec,True,0.0
S03877,New_Visitor,Direct,Europe,Tablet,7,1296.6,False,3,0,Monday,14,Sep,False,0.0
S03878,Returning_Visitor,Direct,Asia,Desktop,1,15.5,True,0,0,Monday,10,Feb,False,0.0
S03879,Returning_Visitor,Referral,Asia,Desktop,8,768.5,False,3,0,Friday,10,Jul,False,0.0
S03880,New_Visitor,Paid,Asia,Mobile,5,309.2,False,1,0,Saturday,15,Jun,False,0.0
S03881,New_Visitor,Direct,Asia,Mobile,10,461.1,False,4,0,Tuesday,9,Oct,False,0.0
S03882,Returning_Visitor,Direct,Asia,Desktop,2,323.8,False,0,0,Wednesday,8,Sep,True,0.0
S03883,Returning_Visitor,Referral,Europe,Desktop,4,223.5,False,1,0,Wednesday,11,May,False,0.0
S03884,New_Visitor,Organic,Africa,Desktop,4,469.7,False,2,1,Friday,20,Jul,False,0.0
S03885,Returning_Visitor,Organic,North America,Mobile,3,316.5,False,1,0,Tuesday,5,Jul,False,0.0
S03886,Returning_Visitor,Paid,Africa,Mobile,12,803.0,False,8,0,Sunday,19,Jun,False,0.0
S03887,Returning_Visitor,Referral,Europe,Desktop,1,40.4,True,0,0,Saturday,15,Feb,False,0.0
S03888,Returning_Visitor,Organic,North America,Desktop,13,80.6,False,5,0,Sunday,5,Dec,False,0.0
S03889,Returning_Visitor,Organic,Asia,Desktop,6,60.2,False,4,0,Tuesday,15,Sep,False,0.0
S03890,New_Visitor,Referral,Europe,Mobile,3,137.0,False,0,0,Friday,12,Jul,False,0.0
S03891,Returning_Visitor,Social,South America,Desktop,1,24.2,True,0,0,Saturday,19,Aug,False,0.0
S03892,New_Visitor,Social,Europe,Mobile,1,14.0,True,0,0,Friday,21,Mar,False,0.0
S03893,Returning_Visitor,Organic,Asia,Mobile,6,1229.0,False,1,0,Monday,10,Jul,False,0.0
S03894,New_Visitor,Paid,Europe,Mobile,4,469.5,False,1,1,Sunday,18,Oct,False,0.0
S03895,Returning_Visitor,Referral,North America,Mobile,10,337.6,False,4,0,Sunday,11,Jul,True,0.0
S03896,Returning_Visitor,Referral,Europe,Desktop,2,245.8,False,0,0,Monday,11,Jul,False,0.0
S03897,New_Visitor,Referral,Asia,Mobile,7,25.7,False,5,2,Thursday,9,Jul,True,0.0
S03898,Returning_Visitor,Organic,Asia,Mobile,6,37.6,False,0,0,Wednesday,16,Oct,False,0.0
S03899,New_Visitor,Paid,Asia,Mobile,11,1800.0,False,4,0,Sunday,10,Oct,True,0.0
S03900,Returning_Visitor,Organic,Oceania,Desktop,1,70.0,True,0,0,Friday,13,Oct,False,0.0
S03901,New_Visitor,Organic,Asia,Desktop,3,260.1,False,0,0,Tuesday,19,Apr,False,0.0
S03902,New_Visitor,Social,Oceania,Mobile,1,107.3,True,0,0,Monday,18,Aug,False,0.0
S03903,Returning_Visitor,Referral,North America,Tablet,3,9.8,False,1,1,Wednesday,20,Oct,False,0.0
S03904,New_Visitor,Social,North America,Mobile,4,303.6,False,3,1,Monday,9,Aug,False,96.1
S03905,Returning_Visitor,Direct,Europe,Mobile,1,26.5,True,0,0,Monday,15,Oct,False,0.0
S03906,New_Visitor,Direct,North America,Mobile,1,102.2,True,0,0,Friday,21,Nov,False,0.0
S03907,New_Visitor,Paid,Europe,Desktop,4,117.7,False,2,0,Saturday,5,Mar,True,71.31
S03908,New_Visitor,Organic,Europe,Mobile,2,175.1,False,0,0,Thursday,18,May,False,0.0
S03909,Returning_Visitor,Paid,Asia,Mobile,2,277.9,False,1,0,Friday,10,Aug,False,0.0
S03910,New_Visitor,Organic,Asia,Mobile,2,49.7,False,0,0,Tuesday,16,Apr,False,0.0
S03911,New_Visitor,Social,Oceania,Tablet,3,114.1,False,1,0,Wednesday,17,Dec,False,0.0
S03912,New_Visitor,Organic,Africa,Desktop,1,46.3,True,0,0,Friday,21,Mar,False,0.0
S03913,New_Visitor,Referral,North America,Desktop,3,209.6,False,0,0,Wednesday,14,May,False,0.0
S03914,Returning_Visitor,Paid,Europe,Tablet,1,111.5,True,0,0,Wednesday,19,Dec,False,0.0
S03915,Returning_Visitor,Direct,North America,Desktop,1,14.2,True,0,0,Tuesday,6,Mar,False,0.0
S03916,New_Visitor,Social,North America,Mobile,4,698.9,False,1,0,Friday,12,Jun,False,0.0
S03917,Returning_Visitor,Social,Europe,Tablet,4,369.6,False,1,0,Saturday,13,May,False,0.0
S03918,New_Visitor,Social,Asia,Desktop,1,9.0,True,0,0,Thursday,14,Nov,False,0.0
S03919,Returning_Visitor,Paid,North America,Mobile,1,,True,0,0,Monday,13,May,False,0.0
S03920,Returning_Visitor,Direct,Asia,Desktop,1,17.4,True,0,0,Saturday,22,Mar,False,0.0
S03921,Returning_Visitor,Organic,Asia,Mobile,2,20.8,False,0,0,Monday,7,Dec,False,0.0
S03922,New_Visitor,Organic,North America,Desktop,3,186.3,False,1,0,Thursday,10,May,True,0.0
S03923,Returning_Visitor,Organic,Europe,Mobile,7,28.6,False,5,2,Tuesday,22,Oct,False,0.0
S03924,New_Visitor,Organic,Africa,Mobile,1,54.8,True,0,0,Sunday,13,Apr,False,0.0
S03925,Returning_Visitor,Referral,Europe,Mobile,2,211.0,False,0,0,Saturday,15,Mar,False,0.0
S03926,New_Visitor,Organic,Europe,Mobile,2,53.9,False,0,0,Thursday,7,Nov,False,0.0
S03927,Returning_Visitor,Organic,North America,Tablet,7,282.5,False,4,0,Friday,10,Jan,False,0.0
S03928,Returning_Visitor,Organic,North America,Mobile,1,9.3,True,0,0,Thursday,5,May,False,0.0
S03929,Returning_Visitor,Social,North America,Tablet,1,76.5,True,0,0,Monday,8,Oct,True,0.0
S03930,New_Visitor,Referral,South America,Desktop,2,287.3,False,0,0,Friday,16,Jul,False,0.0
S03931,Returning_Visitor,Direct,North America,Mobile,3,237.5,False,1,1,Thursday,18,Sep,True,0.0
S03932,New_Visitor,Paid,North America,Desktop,6,47.2,False,2,1,Friday,20,Jan,False,0.0
S03933,Returning_Visitor,Organic,North America,Tablet,1,25.4,True,0,0,Monday,10,Oct,False,0.0
S03934,New_Visitor,Paid,South America,Desktop,1,11.4,True,0,0,Monday,11,Mar,False,0.0
S03935,New_Visitor,Referral,North America,Desktop,2,106.8,False,0,0,Friday,15,Nov,False,0.0
S03936,New_Visitor,Organic,Europe,Desktop,1,76.9,True,0,0,Thursday,7,Aug,False,0.0
S03937,New_Visitor,Referral,Asia,Desktop,12,1800.0,False,4,1,Tuesday,19,Oct,False,0.0
S03938,New_Visitor,Social,Europe,Tablet,3,125.8,False,0,0,Tuesday,13,Mar,False,0.0
S03939,New_Visitor,Direct,North America,Desktop,1,60.8,True,0,0,Friday,22,Jun,False,0.0
S03940,New_Visitor,Paid,North America,Tablet,2,13.5,False,1,0,Monday,8,Nov,False,0.0
S03941,Returning_Visitor,Organic,South America,Desktop,7,70.9,False,4,1,Thursday,8,Dec,False,0.0
S03942,Returning_Visitor,Organic,Oceania,Tablet,4,63.3,False,1,0,Thursday,11,Apr,False,0.0
S03943,New_Visitor,Organic,Europe,Mobile,3,10.1,False,0,0,Wednesday,9,Nov,False,0.0
S03944,New_Visitor,Organic,North America,Desktop,4,125.9,False,1,1,Saturday,17,Feb,False,0.0
S03945,New_Visitor,Organic,North America,Desktop,5,905.9,False,0,0,Monday,22,Jun,False,0.0
S03946,New_Visitor,Paid,South America,Desktop,1,63.5,True,0,0,Sunday,7,Dec,False,0.0
S03947,Returning_Visitor,Organic,Asia,Desktop,1,34.4,True,0,0,Saturday,10,Dec,False,0.0
S03948,Returning_Visitor,Direct,South America,Desktop,11,449.4,False,5,2,Thursday,10,Apr,False,0.0
S03949,New_Visitor,Direct,Asia,Desktop,1,9.5,True,0,0,Sunday,14,Mar,False,0.0
S03950,New_Visitor,Paid,Africa,Desktop,2,12.2,False,0,0,Friday,13,Mar,False,0.0
S03951,New_Visitor,Paid,Africa,Mobile,13,233.8,False,8,0,Sunday,17,Jul,False,0.0
S03952,Returning_Visitor,Social,South America,Desktop,2,43.9,False,1,0,Thursday,17,Feb,False,0.0
S03953,Returning_Visitor,Paid,Europe,Mobile,3,23.6,False,1,1,Thursday,15,May,False,0.0
S03954,New_Visitor,Social,Europe,Tablet,5,352.7,False,1,0,Thursday,15,Jan,False,0.0
S03955,New_Visitor,Paid,Europe,Desktop,2,307.9,False,0,0,Monday,19,Apr,False,0.0
S03956,Returning_Visitor,Social,Europe,Mobile,2,23.0,False,0,0,Sunday,12,Dec,False,0.0
S03957,Returning_Visitor,Organic,Asia,Desktop,2,218.5,False,1,0,Friday,1,Jun,False,0.0
S03958,New_Visitor,Direct,North America,Desktop,2,42.5,False,0,0,Friday,9,Feb,False,0.0
S03959,New_Visitor,Referral,Asia,Mobile,2,112.0,False,0,0,Sunday,4,Sep,False,0.0
S03960,New_Visitor,Direct,Europe,Desktop,5,27.9,False,1,1,Sunday,12,Dec,True,0.0
S03961,Returning_Visitor,Organic,Asia,Desktop,7,114.9,False,2,0,Tuesday,11,Jul,True,0.0
S03962,New_Visitor,Referral,North America,Desktop,2,20.6,False,0,0,Saturday,8,Sep,False,0.0
S03963,New_Visitor,Paid,Europe,Mobile,2,21.1,False,0,0,Friday,18,Dec,False,0.0
S03964,Returning_Visitor,Organic,North America,Mobile,8,1300.8,False,2,1,Thursday,14,Jun,False,0.0
S03965,New_Visitor,Social,Africa,Tablet,2,,False,1,0,Sunday,10,Sep,False,0.0
S03966,Returning_Visitor,Social,Europe,Tablet,5,65.5,False,2,1,Saturday,18,Jun,False,0.0
S03967,New_Visitor,Paid,North America,Desktop,5,56.4,False,2,1,Friday,16,Dec,False,0.0
S03968,New_Visitor,Paid,North America,Desktop,1,67.1,True,0,0,Wednesday,9,Jul,False,0.0
S03969,Returning_Visitor,Social,Asia,Desktop,1,76.1,True,0,0,Friday,23,Nov,False,0.0
S03970,New_Visitor,Direct,North America,Mobile,3,702.0,False,0,0,Thursday,9,Jul,False,0.0
S03971,Returning_Visitor,Organic,Oceania,Mobile,7,413.2,False,2,1,Tuesday,18,Sep,False,0.0
S03972,New_Visitor,Direct,Europe,Desktop,3,110.5,False,0,0,Thursday,22,Jun,False,0.0
S03973,New_Visitor,Social,North America,Desktop,5,76.1,False,1,0,Tuesday,17,Dec,False,0.0
S03974,Returning_Visitor,Paid,Asia,Desktop,4,9.6,False,1,0,Thursday,16,Sep,False,0.0
S03975,New_Visitor,Social,North America,Tablet,3,382.8,False,0,0,Saturday,21,Jan,False,0.0
S03976,Returning_Visitor,Organic,South America,Tablet,3,279.9,False,1,0,Monday,10,Jan,False,0.0
S03977,New_Visitor,Referral,Europe,Desktop,1,95.4,True,0,0,Saturday,10,Sep,False,0.0
S03978,New_Visitor,Direct,Oceania,Desktop,8,186.6,False,5,2,Monday,16,Feb,True,0.0
S03979,New_Visitor,Organic,Asia,Desktop,4,106.2,False,2,1,Thursday,20,Oct,False,0.0
S03980,New_Visitor,Organic,South America,Tablet,1,91.9,True,0,0,Friday,15,May,False,0.0
S03981,Returning_Visitor,Organic,North America,Tablet,1,69.8,True,0,0,Saturday,22,Jul,False,0.0
S03982,Returning_Visitor,Social,Europe,Desktop,1,62.9,True,0,0,Saturday,10,Mar,False,0.0
S03983,New_Visitor,Organic,Asia,Desktop,1,48.5,True,0,0,Wednesday,19,Apr,False,0.0
S03984,New_Visitor,Organic,Asia,Desktop,2,55.1,False,1,0,Monday,21,Jun,False,0.0
S03985,Returning_Visitor,Paid,North America,Mobile,4,324.5,False,1,0,Friday,12,Sep,False,0.0
S03986,Returning_Visitor,Direct,Europe,Mobile,2,53.7,False,0,0,Thursday,22,Mar,False,0.0
S03987,New_Visitor,Organic,North America,Mobile,6,477.7,False,4,0,Wednesday,9,Apr,False,0.0
S03988,New_Visitor,Organic,Asia,Tablet,1,12.7,True,0,0,Tuesday,22,Mar,False,0.0
S03989,New_Visitor,Organic,Europe,Desktop,4,214.3,False,2,0,Monday,21,Nov,False,0.0
S03990,Returning_Visitor,Organic,Europe,Mobile,7,185.7,False,4,1,Wednesday,7,Sep,False,0.0
S03991,New_Visitor,Organic,North America,Desktop,2,211.6,False,0,0,Thursday,14,Jul,False,0.0
S03992,New_Visitor,Referral,Europe,Desktop,2,87.8,False,0,0,Thursday,14,Dec,True,0.0
S03993,Returning_Visitor,Organic,North America,Mobile,2,117.4,False,0,0,Friday,6,Oct,False,0.0
S03994,New_Visitor,Direct,Oceania,Tablet,5,26.1,False,1,0,Wednesday,5,Dec,False,0.0
S03995,New_Visitor,Paid,North America,Mobile,8,328.2,False,2,0,Sunday,0,Aug,False,0.0
S03996,New_Visitor,Direct,Africa,Mobile,1,91.0,True,0,0,Thursday,14,Feb,True,0.0
S03997,New_Visitor,Paid,Europe,Mobile,3,353.9,False,1,0,Wednesday,13,Sep,False,0.0
S03998,New_Visitor,Direct,Europe,Desktop,4,306.5,False,1,1,Monday,21,Mar,True,0.0
S03999,New_Visitor,Direct,North America,Mobile,1,32.5,True,0,0,Friday,11,May,False,0.0
S04000,New_Visitor,Social,Asia,Mobile,1,17.9,True,0,0,Friday,16,Jul,False,0.0
S04001,Returning_Visitor,Organic,Asia,Mobile,1,29.6,True,0,0,Friday,0,Mar,False,0.0
S04002,Returning_Visitor,Organic,Europe,Mobile,2,99.0,False,1,0,Sunday,16,Jan,False,0.0
S04003,Returning_Visitor,Referral,North America,Mobile,1,0.3,True,0,0,Saturday,21,May,False,0.0
S04004,New_Visitor,Direct,Africa,Mobile,3,437.5,False,1,0,Sunday,11,Nov,False,0.0
S04005,New_Visitor,Social,Oceania,Desktop,4,101.1,False,2,0,Monday,11,Jan,False,0.0
S04006,New_Visitor,Paid,Europe,Mobile,6,573.7,False,1,0,Wednesday,15,Feb,False,0.0
S04007,New_Visitor,Direct,Asia,Mobile,2,91.8,False,0,0,Wednesday,11,Nov,False,0.0
S04008,New_Visitor,Referral,Europe,Desktop,1,65.1,True,0,0,Friday,12,May,False,0.0
S04009,Returning_Visitor,Direct,Europe,Mobile,1,85.5,True,0,0,Thursday,10,Dec,False,0.0
S04010,New_Visitor,Paid,North America,Desktop,6,122.2,False,2,1,Saturday,11,Jun,False,0.0
S04011,New_Visitor,Social,Europe,Desktop,7,391.3,False,1,0,Wednesday,16,Nov,False,0.0
S04012,New_Visitor,Paid,South America,Mobile,1,83.6,True,0,0,Tuesday,21,Apr,False,0.0
S04013,Returning_Visitor,Organic,North America,Tablet,1,88.4,True,0,0,Wednesday,15,Jan,False,0.0
S04014,New_Visitor,Social,Asia,Desktop,5,161.4,False,1,0,Tuesday,0,Nov,False,0.0
S04015,Returning_Visitor,Organic,Africa,Mobile,4,312.9,False,1,0,Tuesday,10,Dec,False,0.0
S04016,New_Visitor,Organic,North America,Mobile,3,64.7,False,1,0,Tuesday,22,Oct,False,0.0
S04017,Returning_Visitor,Paid,North America,Tablet,3,23.9,False,2,1,Monday,21,Oct,False,23.57
S04018,Returning_Visitor,Organic,South America,Mobile,5,35.9,False,1,0,Friday,8,Jan,False,0.0
S04019,New_Visitor,Paid,North America,Tablet,2,84.6,False,0,0,Wednesday,21,Oct,False,0.0
S04020,New_Visitor,Organic,North America,Mobile,2,58.0,False,0,0,Monday,22,Jul,False,0.0
S04021,New_Visitor,Social,Europe,Mobile,1,15.9,True,0,0,Wednesday,11,Jun,False,0.0
S04022,New_Visitor,Organic,Europe,Desktop,3,89.3,False,1,1,Sunday,17,Aug,False,0.0
S04023,Returning_Visitor,Direct,Africa,Desktop,10,318.5,False,2,1,Thursday,14,Apr,False,0.0
S04024,Returning_Visitor,Organic,Asia,Desktop,2,96.8,False,1,0,Sunday,11,Sep,False,0.0
S04025,Returning_Visitor,Referral,Europe,Mobile,8,28.6,False,5,1,Thursday,9,Apr,True,0.0
S04026,Returning_Visitor,Direct,Europe,Desktop,4,572.7,False,0,0,Sunday,12,Aug,False,0.0
S04027,New_Visitor,Referral,Oceania,Desktop,1,27.9,True,0,0,Tuesday,21,Feb,False,0.0
S04028,New_Visitor,Organic,North America,Tablet,4,229.3,False,1,1,Tuesday,19,Sep,False,0.0
S04029,Returning_Visitor,Organic,North America,Mobile,2,43.9,False,0,0,Friday,11,Mar,False,0.0
S04030,New_Visitor,Organic,Oceania,Tablet,1,86.0,True,0,0,Sunday,14,Mar,True,0.0
S04031,Returning_Visitor,Direct,Oceania,Desktop,1,36.8,True,0,0,Saturday,12,Jan,False,0.0
S04032,New_Visitor,Social,North America,Desktop,1,23.3,True,0,0,Thursday,13,Feb,False,0.0
S04033,New_Visitor,Paid,North America,Desktop,5,995.7,False,3,1,Monday,18,Apr,True,0.0
S04034,Returning_Visitor,Organic,Europe,Desktop,7,841.7,False,1,0,Wednesday,14,Apr,False,0.0
S04035,New_Visitor,Referral,North America,Desktop,2,,False,0,0,Monday,9,May,False,0.0
S04036,Returning_Visitor,Social,Asia,Desktop,3,217.1,False,1,0,Wednesday,10,Jan,False,0.0
S04037,Returning_Visitor,Organic,North America,Desktop,4,336.9,False,2,1,Tuesday,14,Dec,False,0.0
S04038,Returning_Visitor,Direct,North America,Mobile,4,8.4,False,1,1,Wednesday,17,Feb,False,0.0
S04039,Returning_Visitor,Direct,Europe,Desktop,2,389.2,False,1,0,Saturday,14,Oct,True,0.0
S04040,Returning_Visitor,Organic,Oceania,Desktop,1,15.9,True,0,0,Tuesday,15,Jul,False,0.0
S04041,Returning_Visitor,Organic,Europe,Mobile,2,286.8,False,0,0,Wednesday,18,Aug,False,0.0
S04042,New_Visitor,Organic,Europe,Mobile,4,254.8,False,1,0,Tuesday,14,Feb,False,0.0
S04043,New_Visitor,Referral,Oceania,Mobile,5,215.3,False,2,0,Wednesday,22,Apr,False,0.0
S04044,Returning_Visitor,Organic,Europe,Mobile,1,92.5,True,0,0,Wednesday,10,Oct,False,0.0
S04045,New_Visitor,Organic,Europe,Tablet,3,202.3,False,1,0,Tuesday,21,Jul,False,0.0
S04046,New_Visitor,Direct,Europe,Tablet,1,80.9,True,0,0,Sunday,10,Jun,False,0.0
S04047,New_Visitor,Organic,North America,Mobile,,702.5,False,2,0,Wednesday,14,Aug,False,0.0
S04048,Returning_Visitor,Organic,Europe,Desktop,4,152.9,False,1,0,Monday,13,Jun,True,0.0
S04049,Returning_Visitor,Paid,Europe,Desktop,4,133.1,False,1,0,Thursday,12,Nov,True,0.0
S04050,New_Visitor,Organic,North America,Mobile,5,690.1,False,0,0,Tuesday,22,Oct,False,0.0
S04051,Returning_Visitor,Referral,North America,Mobile,3,287.8,False,1,0,Tuesday,10,May,False,0.0
S04052,Returning_Visitor,Direct,Europe,Tablet,2,2.3,False,1,0,Tuesday,16,Nov,False,0.0
S04053,Returning_Visitor,Referral,Europe,Mobile,5,318.2,False,2,1,Monday,19,Jul,False,0.0
S04054,Returning_Visitor,Referral,North America,Tablet,5,702.7,False,2,1,Saturday,9,Sep,False,0.0
S04055,Returning_Visitor,Organic,North America,Tablet,1,69.0,True,0,0,Saturday,22,Nov,False,0.0
S04056,New_Visitor,Social,Oceania,Tablet,7,338.6,False,3,0,Wednesday,14,Jul,False,0.0
S04057,Returning_Visitor,Direct,Europe,Desktop,1,11.6,True,0,0,Friday,21,Oct,False,0.0
S04058,New_Visitor,Social,North America,Desktop,2,360.9,False,0,0,Wednesday,16,Sep,False,0.0
S04059,Returning_Visitor,Direct,Asia,Mobile,1,59.1,True,0,0,Tuesday,16,Jun,False,0.0
S04060,Returning_Visitor,Paid,North America,Mobile,11,70.3,False,5,1,Wednesday,11,Oct,False,0.0
S04061,New_Visitor,Social,Asia,Desktop,2,315.1,False,0,0,Thursday,18,Feb,False,18.56
S04062,New_Visitor,Paid,Asia,Mobile,11,479.8,False,4,1,Monday,3,Aug,False,0.0
S04063,Returning_Visitor,Direct,Asia,Mobile,4,41.1,False,0,0,Friday,14,Jan,False,0.0
S04064,New_Visitor,Direct,Asia,Desktop,1,15.4,True,0,0,Saturday,4,Mar,False,0.0
S04065,Returning_Visitor,Social,North America,Mobile,3,618.5,False,1,0,Saturday,11,Aug,False,0.0
S04066,New_Visitor,Paid,Asia,Tablet,7,241.0,False,1,0,Monday,8,May,False,0.0
S04067,New_Visitor,Paid,North America,Mobile,3,97.9,False,0,0,Monday,21,Apr,False,0.0
S04068,Returning_Visitor,Direct,Europe,Mobile,1,40.0,True,0,0,Monday,15,Dec,False,0.0
S04069,Returning_Visitor,Social,Oceania,Desktop,2,144.7,False,1,1,Sunday,16,May,False,0.0
S04070,Returning_Visitor,Organic,Europe,Mobile,1,27.2,True,0,0,Saturday,19,Aug,False,0.0
S04071,New_Visitor,Direct,Oceania,Tablet,1,32.8,True,0,0,Saturday,17,Jul,False,0.0
S04072,Returning_Visitor,Organic,North America,Mobile,2,164.5,False,1,0,Thursday,8,Jan,False,0.0
S04073,Returning_Visitor,Direct,Europe,Desktop,4,148.4,False,1,0,Thursday,15,Sep,True,38.38
S04074,Returning_Visitor,Paid,North America,Mobile,2,150.0,False,0,0,Wednesday,23,Jul,False,0.0
S04075,Returning_Visitor,Organic,Asia,Tablet,2,393.1,False,1,0,Saturday,10,Jun,False,0.0
S04076,Returning_Visitor,Referral,North America,Desktop,2,394.1,False,0,0,Saturday,15,Jan,False,52.88
S04077,New_Visitor,Referral,North America,Desktop,16,568.7,False,6,0,Wednesday,14,Apr,False,0.0
S04078,New_Visitor,Organic,North America,Desktop,3,48.0,False,0,0,Wednesday,12,Nov,False,0.0
S04079,Returning_Visitor,Direct,Asia,Mobile,6,104.2,False,1,0,Saturday,22,Mar,True,0.0
S04080,New_Visitor,Referral,North America,Mobile,2,205.3,False,0,0,Monday,11,Mar,False,0.0
S04081,Returning_Visitor,Organic,South America,Tablet,1,5.0,True,0,0,Saturday,7,Mar,False,0.0
S04082,New_Visitor,Social,North America,Desktop,6,14.9,False,1,1,Thursday,22,Dec,False,0.0
S04083,Returning_Visitor,Paid,North America,Mobile,5,343.2,False,1,1,Thursday,17,Sep,False,0.0
S04084,Returning_Visitor,Organic,Europe,Tablet,,289.1,False,1,0,Friday,11,Nov,False,0.0
S04085,New_Visitor,Organic,Oceania,Desktop,3,47.2,False,1,0,Friday,10,Dec,False,0.0
S04086,New_Visitor,Direct,North America,Mobile,1,3.4,True,0,0,Tuesday,21,Dec,False,0.0
S04087,New_Visitor,Social,North America,Mobile,1,135.4,True,0,0,Sunday,10,Jul,False,0.0
S04088,Returning_Visitor,Organic,South America,Desktop,6,157.4,False,2,1,Sunday,14,Jul,False,0.0
S04089,Returning_Visitor,Organic,Europe,Desktop,9,430.9,False,2,1,Thursday,10,Nov,True,0.0
S04090,New_Visitor,Direct,Asia,Mobile,2,217.1,False,1,0,Thursday,23,May,False,0.0
S04091,Returning_Visitor,Paid,North America,Desktop,3,51.8,False,1,0,Thursday,18,Jan,False,0.0
S04092,New_Visitor,Direct,Europe,Desktop,4,220.6,False,2,0,Thursday,14,May,False,0.0
S04093,New_Visitor,Direct,North America,Tablet,5,1430.7,False,1,0,Sunday,18,Oct,False,0.0
S04094,Returning_Visitor,Paid,Europe,Mobile,2,162.3,False,1,0,Tuesday,21,Feb,False,0.0
S04095,New_Visitor,Referral,South America,Tablet,3,91.2,False,1,1,Monday,22,Oct,False,0.0
S04096,New_Visitor,Social,South America,Desktop,4,350.7,False,0,0,Sunday,18,Nov,False,0.0
S04097,New_Visitor,Referral,Europe,Tablet,1,1.3,True,0,0,Tuesday,19,Feb,False,0.0
S04098,New_Visitor,Paid,Africa,Mobile,4,58.2,False,3,0,Saturday,12,Feb,False,0.0
S04099,New_Visitor,Referral,North America,Mobile,3,245.7,False,1,0,Tuesday,12,Mar,False,0.0
S04100,New_Visitor,Paid,North America,Desktop,2,36.5,False,1,0,Sunday,19,May,True,0.0
S04101,Returning_Visitor,Referral,Asia,Mobile,1,8.1,True,0,0,Saturday,18,Jul,False,0.0
S04102,New_Visitor,Social,Asia,Mobile,4,83.3,False,1,0,Sunday,20,Jul,False,0.0
S04103,New_Visitor,Organic,North America,Mobile,1,11.3,True,0,0,Sunday,8,Nov,False,0.0
S04104,New_Visitor,Direct,Asia,Mobile,5,163.8,False,1,0,Monday,17,Mar,False,0.0
S04105,New_Visitor,Social,Europe,Desktop,1,8.0,True,0,0,Thursday,16,Sep,False,0.0
S04106,Returning_Visitor,Organic,Asia,Tablet,5,545.5,False,2,1,Friday,19,Aug,True,0.0
S04107,Returning_Visitor,Referral,South America,Tablet,6,545.0,False,3,1,Saturday,2,Oct,False,0.0
S04108,New_Visitor,Organic,Asia,Mobile,9,198.0,False,6,0,Tuesday,19,May,False,0.0
S04109,Returning_Visitor,Social,North America,Desktop,2,88.1,False,1,0,Sunday,11,Jul,True,0.0
S04110,Returning_Visitor,Organic,Asia,Mobile,1,115.9,True,0,0,Tuesday,16,Jan,True,0.0
S04111,Returning_Visitor,Social,Asia,Mobile,4,634.9,False,1,0,Sunday,15,Feb,False,0.0
S04112,New_Visitor,Referral,North America,Mobile,1,5.7,True,0,0,Thursday,13,May,False,0.0
S04113,New_Visitor,Organic,Europe,Mobile,1,76.8,True,0,0,Thursday,18,Jul,False,0.0
S04114,New_Visitor,Direct,Oceania,Desktop,6,52.4,False,1,0,Wednesday,22,Feb,False,0.0
S04115,Returning_Visitor,Organic,North America,Mobile,1,1.2,True,0,0,Monday,11,Nov,False,0.0
S04116,New_Visitor,Direct,North America,Mobile,3,14.8,False,1,0,Wednesday,18,Dec,False,0.0
S04117,Returning_Visitor,Direct,North America,Tablet,5,257.3,False,1,1,Wednesday,11,Aug,False,0.0
S04118,New_Visitor,Organic,Asia,Desktop,1,28.4,True,0,0,Thursday,19,Jan,False,0.0
S04119,New_Visitor,Paid,Oceania,Desktop,7,53.1,False,3,0,Saturday,12,Oct,False,0.0
S04120,Returning_Visitor,Organic,Asia,Tablet,2,77.2,False,0,0,Wednesday,13,Mar,False,0.0
S04121,New_Visitor,Referral,Europe,Desktop,2,85.2,False,0,0,Wednesday,18,Oct,False,0.0
S04122,New_Visitor,Direct,Asia,Mobile,1,92.9,True,0,0,Sunday,13,Jun,False,0.0
S04123,Returning_Visitor,Referral,Asia,Desktop,4,261.5,False,2,0,Saturday,10,Jan,False,0.0
S04124,Returning_Visitor,Direct,Asia,Mobile,3,112.9,False,2,0,Monday,23,Apr,False,28.15
S04125,Returning_Visitor,Referral,North America,Mobile,11,258.8,False,5,1,Saturday,15,Jun,False,35.55
S04126,Returning_Visitor,Social,Asia,Desktop,4,0.5,False,0,0,Sunday,16,Oct,False,0.0
S04127,Returning_Visitor,Referral,Europe,Tablet,5,535.2,False,1,0,Sunday,16,Feb,False,0.0
S04128,Returning_Visitor,Organic,North America,Desktop,1,18.6,True,0,0,Saturday,20,Apr,False,0.0
S04129,New_Visitor,Referral,Europe,Desktop,4,57.6,False,2,1,Friday,9,Feb,False,0.0
S04130,New_Visitor,Organic,Oceania,Desktop,3,238.8,False,1,0,Tuesday,6,Aug,False,0.0
S04131,New_Visitor,Organic,Europe,Mobile,2,8.9,False,0,0,Friday,12,Jul,False,0.0
S04132,New_Visitor,Direct,Oceania,Desktop,5,91.4,False,2,0,Friday,14,Dec,False,0.0
S04133,Returning_Visitor,Direct,North America,Desktop,12,411.1,False,5,2,Tuesday,10,Oct,True,0.0
S04134,Returning_Visitor,Direct,Asia,Tablet,1,35.0,True,0,0,Tuesday,17,Oct,False,0.0
S04135,Returning_Visitor,Social,North America,Desktop,5,51.5,False,2,1,Wednesday,7,Mar,False,0.0
S04136,New_Visitor,Direct,North America,Desktop,8,19.7,False,4,1,Friday,18,Apr,False,0.0
S04137,Returning_Visitor,Direct,Asia,Desktop,2,76.3,False,1,0,Wednesday,17,Jul,False,0.0
S04138,New_Visitor,Organic,Asia,Desktop,2,53.1,False,1,0,Thursday,9,Jan,False,0.0
S04139,Returning_Visitor,Referral,South America,Desktop,5,100.6,False,2,0,Sunday,11,Nov,False,0.0
S04140,Returning_Visitor,Referral,Asia,Desktop,10,189.3,False,2,0,Wednesday,19,Oct,False,0.0
S04141,New_Visitor,Direct,Asia,Desktop,9,378.8,False,4,2,Sunday,18,Jan,False,0.0
S04142,New_Visitor,Social,Africa,Desktop,1,1.3,True,0,0,Thursday,19,Nov,False,0.0
S04143,New_Visitor,Direct,Europe,Desktop,7,47.1,False,2,1,Monday,11,Jan,False,52.85
S04144,Returning_Visitor,Direct,North America,Mobile,3,70.8,False,2,1,Monday,22,Feb,False,0.0
S04145,Returning_Visitor,Direct,North America,Mobile,2,78.4,False,1,1,Wednesday,17,Jan,False,0.0
S04146,Returning_Visitor,Referral,Europe,Desktop,6,426.1,False,2,1,Tuesday,7,Jul,False,0.0
S04147,New_Visitor,Referral,Asia,Tablet,5,104.1,False,3,2,Saturday,13,Oct,False,0.0
S04148,New_Visitor,Organic,North America,Mobile,3,198.0,False,0,0,Saturday,16,Mar,True,0.0
S04149,Returning_Visitor,Organic,North America,Tablet,2,58.8,False,0,0,Sunday,9,Oct,False,0.0
S04150,Returning_Visitor,Organic,North America,Desktop,2,178.8,False,0,0,Friday,21,Mar,False,0.0
S04151,New_Visitor,Referral,Asia,Mobile,2,78.6,False,1,1,Thursday,18,Dec,False,0.0
S04152,New_Visitor,Paid,North America,Desktop,4,187.1,False,1,0,Tuesday,7,Nov,False,0.0
S04153,Returning_Visitor,Direct,North America,Mobile,7,239.8,False,2,1,Friday,21,Oct,False,0.0
S04154,New_Visitor,Organic,Asia,Desktop,1,8.6,True,0,0,Friday,12,Aug,False,0.0
S04155,New_Visitor,Social,South America,Desktop,6,67.6,False,1,0,Wednesday,13,Apr,False,0.0
S04156,New_Visitor,Social,Europe,Mobile,2,61.4,False,0,0,Sunday,18,Feb,True,0.0
S04157,New_Visitor,Paid,Asia,Mobile,1,6.2,True,0,0,Friday,16,Jul,False,0.0
S04158,Returning_Visitor,Referral,North America,Mobile,1,9.1,True,0,0,Saturday,12,Jun,False,0.0
S04159,Returning_Visitor,Paid,Oceania,Desktop,2,117.3,False,0,0,Friday,10,Sep,False,0.0
S04160,Returning_Visitor,Organic,Europe,Desktop,3,180.5,False,0,0,Wednesday,14,Mar,False,0.0
S04161,New_Visitor,Organic,Oceania,Tablet,1,8.2,True,0,0,Saturday,15,Aug,False,0.0
S04162,New_Visitor,Organic,Oceania,Tablet,4,461.5,False,0,0,Tuesday,16,Sep,True,0.0
S04163,New_Visitor,Social,South America,Mobile,3,349.7,False,2,0,Friday,15,Apr,False,0.0
S04164,New_Visitor,Organic,North America,Mobile,18,515.8,False,8,1,Wednesday,15,Oct,False,0.0
S04165,Returning_Visitor,Direct,Europe,Desktop,1,41.3,True,0,0,Monday,13,Jun,False,0.0
S04166,New_Visitor,Direct,North America,Desktop,4,388.1,False,0,0,Wednesday,14,Mar,False,30.29
S04167,New_Visitor,Direct,Africa,Desktop,1,86.3,True,0,0,Wednesday,10,Mar,False,0.0
S04168,New_Visitor,Paid,South America,Mobile,1,27.0,True,0,0,Monday,9,Apr,False,0.0
S04169,New_Visitor,Organic,Oceania,Mobile,1,22.9,True,0,0,Saturday,15,Mar,False,0.0
S04170,New_Visitor,Direct,Asia,Mobile,1,65.5,True,0,0,Thursday,6,Aug,False,0.0
S04171,New_Visitor,Social,Europe,Desktop,1,27.1,True,0,0,Wednesday,7,Dec,False,0.0
S04172,Returning_Visitor,Organic,Europe,Desktop,1,70.2,True,0,0,Thursday,10,Dec,False,0.0
S04173,New_Visitor,Referral,Europe,Desktop,1,8.3,True,0,0,Saturday,9,May,False,0.0
S04174,New_Visitor,Social,Europe,Mobile,4,267.6,False,3,2,Monday,12,Nov,False,0.0
S04175,Returning_Visitor,Paid,Asia,Desktop,3,276.8,False,1,0,Thursday,12,Dec,False,0.0
S04176,Returning_Visitor,Paid,Oceania,Mobile,2,282.0,False,1,0,Thursday,8,Apr,False,0.0
S04177,Returning_Visitor,Direct,Asia,Mobile,1,36.5,True,0,0,Sunday,10,Dec,True,0.0
S04178,Returning_Visitor,Referral,Africa,Desktop,2,98.6,False,0,0,Thursday,0,Dec,False,0.0
S04179,New_Visitor,Organic,Africa,Desktop,2,40.9,False,1,1,Monday,11,Nov,False,0.0
S04180,New_Visitor,Organic,Europe,Mobile,19,185.9,False,7,0,Wednesday,18,Jun,False,0.0
S04181,New_Visitor,Organic,Europe,Desktop,3,34.2,False,0,0,Friday,10,Aug,False,0.0
S04182,Returning_Visitor,Direct,Asia,Mobile,1,111.7,True,0,0,Monday,16,May,False,0.0
S04183,Returning_Visitor,Paid,Europe,Mobile,1,46.8,True,0,0,Sunday,8,Dec,False,0.0
S04184,New_Visitor,Direct,North America,Desktop,2,56.7,False,1,0,Monday,1,Jan,False,0.0
S04185,New_Visitor,Referral,Europe,Mobile,2,239.4,False,1,0,Monday,13,Dec,False,0.0
S04186,Returning_Visitor,Direct,Oceania,Tablet,4,29.0,False,1,1,Monday,13,Feb,False,0.0
S04187,New_Visitor,Direct,North America,Mobile,3,162.4,False,0,0,Friday,9,Jan,False,0.0
S04188,Returning_Visitor,Paid,Asia,Tablet,3,281.6,False,1,0,Thursday,10,Dec,False,0.0
S04189,Returning_Visitor,Organic,South America,Desktop,6,48.0,False,3,0,Monday,4,Nov,False,0.0
S04190,Returning_Visitor,Referral,Asia,Mobile,1,7.7,True,0,0,Saturday,18,May,False,0.0
S04191,Returning_Visitor,Direct,Asia,Mobile,1,2.0,True,0,0,Tuesday,11,Dec,False,0.0
S04192,Returning_Visitor,Organic,Asia,Tablet,6,1024.8,False,1,0,Wednesday,10,Nov,False,0.0
S04193,New_Visitor,Direct,Europe,Desktop,2,141.4,False,1,0,Tuesday,19,Dec,False,0.0
S04194,Returning_Visitor,Social,North America,Desktop,3,13.3,False,1,1,Sunday,5,Aug,False,0.0
S04195,Returning_Visitor,Organic,Oceania,Desktop,6,400.5,False,4,2,Saturday,10,Dec,False,0.0
S04196,New_Visitor,Organic,Europe,Tablet,9,195.4,False,3,1,Saturday,10,Nov,False,0.0
S04197,New_Visitor,Organic,Asia,Desktop,3,20.8,False,0,0,Monday,10,Dec,False,0.0
S04198,New_Visitor,Social,Europe,Tablet,6,1748.2,False,3,1,Thursday,1,Apr,False,55.61
S04199,New_Visitor,Social,North America,Desktop,3,35.7,False,1,1,Friday,21,Jul,False,0.0
S04200,Returning_Visitor,Referral,Oceania,Desktop,1,96.1,True,0,0,Wednesday,20,Nov,False,0.0
S04201,Returning_Visitor,Direct,South America,Desktop,10,1279.2,False,0,0,Wednesday,12,Aug,False,0.0
S04202,New_Visitor,Paid,North America,Mobile,6,272.1,False,2,1,Saturday,13,Nov,False,56.31
S04203,New_Visitor,Social,Oceania,Mobile,5,1118.9,False,0,0,Monday,14,Dec,False,0.0
S04204,Returning_Visitor,Social,Asia,Desktop,2,15.3,False,0,0,Friday,13,Nov,True,0.0
S04205,New_Visitor,Social,Europe,Tablet,9,1750.1,False,5,2,Wednesday,18,May,False,0.0
S04206,New_Visitor,Referral,Asia,Desktop,3,13.2,False,1,1,Friday,13,Feb,False,0.0
S04207,Returning_Visitor,Direct,North America,Mobile,4,155.7,False,2,1,Tuesday,9,Apr,False,0.0
S04208,New_Visitor,Paid,Asia,Mobile,1,115.9,True,0,0,Tuesday,8,Sep,False,0.0
S04209,New_Visitor,Paid,North America,Desktop,1,48.3,True,0,0,Friday,21,Jan,False,0.0
S04210,New_Visitor,Organic,Europe,Desktop,2,105.1,False,0,0,Sunday,6,Mar,False,0.0
S04211,New_Visitor,Organic,Asia,Desktop,3,31.6,False,1,0,Sunday,20,May,False,0.0
S04212,Returning_Visitor,Paid,Africa,Desktop,5,1247.1,False,2,2,Tuesday,17,Nov,False,30.01
S04213,New_Visitor,Organic,Asia,Tablet,1,15.8,True,0,0,Monday,12,Jan,False,0.0
S04214,New_Visitor,Paid,North America,Tablet,5,587.5,False,2,0,Friday,9,Jan,False,0.0
S04215,Returning_Visitor,Direct,Africa,Mobile,7,1317.2,False,3,2,Wednesday,11,Aug,False,37.81
S04216,Returning_Visitor,Organic,Asia,Mobile,6,118.7,False,1,0,Saturday,14,Mar,False,0.0
S04217,New_Visitor,Organic,Asia,Desktop,3,236.0,False,1,0,Thursday,16,Apr,False,0.0
S04218,New_Visitor,Organic,North America,Desktop,5,25.1,False,3,1,Thursday,17,Mar,False,32.22
S04219,Returning_Visitor,Organic,Africa,Mobile,7,568.1,False,1,1,Friday,13,Aug,False,0.0
S04220,New_Visitor,Direct,Oceania,Mobile,3,119.2,False,1,0,Monday,12,Jan,False,0.0
S04221,New_Visitor,Social,South America,Mobile,5,37.6,False,3,0,Friday,18,Dec,True,0.0
S04222,Returning_Visitor,Paid,Oceania,Mobile,,270.0,False,0,0,Thursday,21,Feb,False,0.0
S04223,Returning_Visitor,Direct,Europe,Desktop,3,204.5,False,2,0,Saturday,21,Dec,False,41.83
S04224,Returning_Visitor,Direct,Africa,Desktop,1,11.1,True,0,0,Monday,14,Oct,False,0.0
S04225,Returning_Visitor,Direct,Europe,Mobile,7,319.6,False,3,1,Wednesday,7,Nov,False,0.0
S04226,Returning_Visitor,Direct,North America,Mobile,1,23.7,True,0,0,Sunday,7,Mar,False,0.0
S04227,New_Visitor,Direct,Asia,Mobile,1,74.4,True,0,0,Thursday,12,Sep,True,0.0
S04228,Returning_Visitor,Organic,Asia,Desktop,2,118.5,False,1,0,Sunday,17,Nov,True,22.55
S04229,New_Visitor,Organic,North America,Desktop,1,12.6,True,0,0,Friday,13,Aug,False,0.0
S04230,New_Visitor,Organic,North America,Desktop,8,133.1,False,1,0,Sunday,15,Aug,False,0.0
S04231,Returning_Visitor,Organic,North America,Mobile,11,804.7,False,5,0,Wednesday,19,Mar,False,0.0
S04232,Returning_Visitor,Social,Europe,Mobile,7,472.3,False,0,0,Monday,5,Jun,True,0.0
S04233,New_Visitor,Organic,North America,Desktop,2,44.9,False,0,0,Saturday,21,Mar,True,0.0
S04234,Returning_Visitor,Paid,North America,Mobile,1,39.0,True,0,0,Saturday,11,Dec,False,0.0
S04235,New_Visitor,Paid,Europe,Mobile,1,37.8,True,0,0,Friday,6,Sep,False,0.0
S04236,New_Visitor,Paid,Oceania,Desktop,5,39.9,False,1,1,Friday,19,Jan,False,0.0
S04237,New_Visitor,Paid,South America,Desktop,2,116.4,False,1,0,Sunday,21,Jul,False,65.05
S04238,Returning_Visitor,Organic,Europe,Desktop,7,129.0,False,3,1,Tuesday,18,Sep,False,21.71
S04239,Returning_Visitor,Direct,Oceania,Desktop,6,221.8,False,2,1,Friday,19,Feb,False,0.0
S04240,New_Visitor,Organic,Asia,Mobile,1,4.5,True,0,0,Monday,20,Sep,False,0.0
S04241,Returning_Visitor,Social,Europe,Desktop,4,228.5,False,2,1,Monday,14,Mar,False,0.0
S04242,New_Visitor,Paid,Europe,Desktop,2,219.6,False,0,0,Thursday,16,Jun,False,0.0
S04243,Returning_Visitor,Paid,Europe,Desktop,1,50.6,True,0,0,Saturday,10,Sep,False,0.0
S04244,New_Visitor,Direct,North America,Desktop,3,163.5,False,1,0,Saturday,10,May,False,0.0
S04245,New_Visitor,Social,Europe,Tablet,6,402.7,False,3,0,Sunday,15,Jun,False,0.0
S04246,Returning_Visitor,Organic,Europe,Desktop,8,104.9,False,1,0,Monday,17,Nov,False,0.0
S04247,New_Visitor,Organic,Europe,Mobile,1,4.3,True,0,0,Wednesday,12,May,False,0.0
S04248,New_Visitor,Social,South America,Desktop,2,230.9,False,1,0,Tuesday,12,Sep,False,38.29
S04249,Returning_Visitor,Direct,Europe,Mobile,3,337.5,False,1,0,Monday,22,Nov,False,0.0
S04250,Returning_Visitor,Paid,Asia,Tablet,2,94.4,False,0,0,Tuesday,14,Mar,False,0.0
S04251,New_Visitor,Organic,Asia,Desktop,2,26.3,False,0,0,Tuesday,23,Jan,False,0.0
S04252,New_Visitor,Paid,Oceania,Mobile,5,509.9,False,2,0,Wednesday,20,Nov,False,6.54
S04253,New_Visitor,Direct,Europe,Desktop,5,74.6,False,0,0,Monday,16,Aug,False,0.0
S04254,New_Visitor,Social,Africa,Desktop,4,473.4,False,1,1,Thursday,0,Nov,False,0.0
S04255,New_Visitor,Social,South America,Desktop,7,231.5,False,4,0,Sunday,11,Mar,False,0.0
S04256,Returning_Visitor,Paid,Asia,Desktop,3,10.7,False,0,0,Saturday,12,Nov,False,0.0
S04257,Returning_Visitor,Organic,Asia,Desktop,5,509.3,False,1,0,Saturday,16,Feb,True,0.0
S04258,New_Visitor,Paid,North America,Desktop,1,49.3,True,0,0,Saturday,12,Nov,False,0.0
S04259,New_Visitor,Organic,Oceania,Desktop,14,321.9,False,3,1,Wednesday,19,Nov,False,0.0
S04260,New_Visitor,Organic,North America,Mobile,8,289.5,False,3,2,Friday,16,Aug,False,0.0
S04261,New_Visitor,Direct,Asia,Desktop,6,782.4,False,1,0,Saturday,11,Aug,False,0.0
S04262,Returning_Visitor,Social,Europe,Desktop,3,40.9,False,1,0,Tuesday,18,May,False,0.0
S04263,New_Visitor,Direct,Europe,Mobile,3,19.7,False,1,0,Sunday,11,Mar,False,37.59
S04264,New_Visitor,Social,Asia,Desktop,1,92.2,True,0,0,Thursday,7,Jun,False,0.0
S04265,Returning_Visitor,Social,Africa,Desktop,,58.3,True,0,0,Monday,9,Sep,False,0.0
S04266,New_Visitor,Organic,Europe,Desktop,1,122.4,True,0,0,Friday,0,Dec,False,0.0
S04267,Returning_Visitor,Paid,Oceania,Mobile,1,22.6,True,0,0,Friday,19,Nov,False,0.0
S04268,New_Visitor,Organic,Asia,Desktop,3,148.3,False,1,0,Thursday,15,Jun,False,0.0
S04269,Returning_Visitor,Paid,North America,Tablet,2,5.2,False,0,0,Tuesday,15,Oct,False,61.2
S04270,Returning_Visitor,Direct,North America,Desktop,2,225.0,False,0,0,Thursday,16,Feb,False,0.0
S04271,Returning_Visitor,Direct,Asia,Desktop,1,12.7,True,0,0,Wednesday,16,Jun,True,0.0
S04272,Returning_Visitor,Direct,North America,Desktop,3,21.9,False,1,0,Sunday,14,Jun,False,15.36
S04273,New_Visitor,Organic,Europe,Tablet,4,159.1,False,1,1,Saturday,19,Dec,False,0.0
S04274,New_Visitor,Direct,North America,Mobile,2,163.9,False,1,0,Saturday,13,Jun,False,0.0
S04275,Returning_Visitor,Organic,Europe,Desktop,1,14.1,True,0,0,Tuesday,19,Feb,False,0.0
S04276,Returning_Visitor,Organic,Asia,Desktop,4,63.8,False,1,1,Wednesday,18,Jan,False,0.0
S04277,New_Visitor,Organic,Europe,Mobile,1,22.8,True,0,0,Wednesday,9,Sep,False,0.0
S04278,New_Visitor,Direct,North America,Desktop,6,599.9,False,0,0,Thursday,13,Apr,False,0.0
S04279,New_Visitor,Social,North America,Mobile,3,247.6,False,1,0,Monday,19,Nov,False,0.0
S04280,New_Visitor,Referral,Europe,Mobile,1,18.9,True,0,0,Friday,19,Jul,False,0.0
S04281,New_Visitor,Paid,North America,Desktop,7,123.7,False,4,0,Wednesday,2,May,False,0.0
S04282,Returning_Visitor,Referral,Asia,Desktop,1,142.1,True,0,0,Thursday,10,Oct,False,0.0
S04283,New_Visitor,Referral,Asia,Mobile,3,171.7,False,1,1,Monday,12,Jun,False,0.0
S04284,New_Visitor,Referral,North America,Mobile,3,45.9,False,1,0,Wednesday,6,Oct,True,0.0
S04285,Returning_Visitor,Direct,Europe,Mobile,1,9.1,True,0,0,Saturday,10,Oct,False,0.0
S04286,Returning_Visitor,Referral,Europe,Desktop,3,12.3,False,0,0,Thursday,10,Oct,False,0.0
S04287,Returning_Visitor,Organic,Europe,Mobile,,67.9,False,0,0,Saturday,10,Nov,False,0.0
S04288,Returning_Visitor,Paid,Asia,Desktop,8,611.1,False,4,1,Friday,12,Nov,False,0.0
S04289,New_Visitor,Social,Europe,Desktop,4,111.5,False,2,0,Saturday,19,Sep,False,0.0
S04290,Returning_Visitor,Organic,Europe,Mobile,,402.4,False,0,0,Monday,10,Dec,False,0.0
S04291,New_Visitor,Social,South America,Mobile,6,141.1,False,3,0,Tuesday,15,Jan,False,0.0
S04292,New_Visitor,Organic,North America,Desktop,2,19.5,False,1,0,Thursday,14,Dec,False,0.0
S04293,Returning_Visitor,Organic,Asia,Mobile,6,70.0,False,1,0,Sunday,19,Mar,False,0.0
S04294,Returning_Visitor,Organic,Europe,Mobile,6,241.3,False,1,0,Friday,12,Mar,False,0.0
S04295,New_Visitor,Social,Europe,Desktop,3,,False,1,0,Thursday,10,Nov,False,0.0
S04296,New_Visitor,Social,Asia,Tablet,2,276.6,False,1,1,Monday,20,Jun,False,0.0
S04297,New_Visitor,Social,Asia,Mobile,3,36.5,False,1,0,Thursday,19,Jun,True,0.0
S04298,New_Visitor,Organic,Europe,Mobile,8,674.1,False,2,1,Thursday,15,Apr,False,0.0
S04299,New_Visitor,Direct,Asia,Mobile,4,335.0,False,1,0,Saturday,7,Apr,False,7.4
S04300,Returning_Visitor,Social,South America,Mobile,6,65.0,False,2,0,Wednesday,1,Feb,False,0.0
S04301,New_Visitor,Organic,Oceania,Mobile,2,42.5,False,0,0,Wednesday,9,Mar,False,0.0
S04302,Returning_Visitor,Referral,Asia,Desktop,2,9.5,False,1,0,Monday,9,Aug,True,0.0
S04303,Returning_Visitor,Organic,Africa,Desktop,1,4.7,True,0,0,Monday,8,Oct,False,0.0
S04304,Returning_Visitor,Organic,North America,Tablet,3,105.0,False,1,1,Thursday,10,Oct,False,20.78
S04305,Returning_Visitor,Direct,Europe,Mobile,,79.4,False,1,1,Wednesday,11,May,True,0.0
S04306,New_Visitor,Referral,North America,Desktop,6,12.0,False,2,0,Thursday,18,Dec,False,0.0
S04307,New_Visitor,Organic,North America,Desktop,1,203.3,True,0,0,Friday,17,May,False,0.0
S04308,Returning_Visitor,Organic,Europe,Mobile,3,119.9,False,1,0,Monday,8,Feb,False,0.0
S04309,Returning_Visitor,Organic,Asia,Desktop,2,186.0,False,1,0,Thursday,22,Dec,False,0.0
S04310,Returning_Visitor,Organic,Europe,Desktop,9,544.1,False,4,1,Sunday,18,Aug,False,0.0
S04311,New_Visitor,Organic,Asia,Desktop,5,,False,1,0,Thursday,9,Dec,False,0.0
S04312,Returning_Visitor,Direct,Europe,Mobile,2,43.3,False,0,0,Thursday,8,Jun,False,0.0
S04313,New_Visitor,Referral,Europe,Desktop,4,523.5,False,2,0,Thursday,7,Oct,False,0.0
S04314,Returning_Visitor,Direct,North America,Mobile,5,106.9,False,2,0,Wednesday,17,Feb,False,0.0
S04315,Returning_Visitor,Social,Europe,Mobile,1,181.6,True,0,0,Monday,10,Nov,False,0.0
S04316,New_Visitor,Social,Europe,Mobile,4,9.7,False,1,1,Monday,7,Mar,False,0.0
S04317,Returning_Visitor,Organic,Asia,Desktop,1,7.3,True,0,0,Tuesday,12,Jan,False,0.0
S04318,New_Visitor,Organic,North America,Desktop,1,77.8,True,0,0,Saturday,17,Feb,False,0.0
S04319,New_Visitor,Paid,North America,Desktop,2,112.6,False,1,1,Tuesday,11,Aug,True,0.0
S04320,New_Visitor,Organic,Asia,Mobile,12,909.0,False,5,1,Sunday,13,Apr,False,0.0
S04321,Returning_Visitor,Organic,Europe,Mobile,10,615.7,False,2,0,Saturday,9,Dec,False,0.0
S04322,Returning_Visitor,Organic,Europe,Desktop,7,314.6,False,1,1,Friday,12,Nov,False,0.0
S04323,Returning_Visitor,Referral,North America,Mobile,1,1.9,True,0,0,Saturday,11,Nov,False,0.0
S04324,New_Visitor,Referral,Europe,Mobile,6,595.8,False,2,0,Monday,12,Nov,False,0.0
S04325,Returning_Visitor,Paid,South America,Desktop,5,214.1,False,1,1,Thursday,13,Dec,False,0.0
S04326,Returning_Visitor,Paid,Africa,Desktop,3,20.1,False,0,0,Sunday,7,Nov,False,0.0
S04327,New_Visitor,Direct,Asia,Mobile,2,25.7,False,0,0,Monday,7,Dec,False,0.0
S04328,Returning_Visitor,Direct,North America,Mobile,5,325.4,False,3,0,Wednesday,10,Dec,False,0.0
S04329,New_Visitor,Organic,Asia,Tablet,1,4.8,True,0,0,Monday,8,Apr,False,0.0
S04330,Returning_Visitor,Organic,North America,Desktop,4,488.7,False,0,0,Thursday,10,Mar,False,7.32
S04331,New_Visitor,Organic,Europe,Tablet,4,375.4,False,1,0,Monday,2,Sep,False,0.0
S04332,New_Visitor,Organic,North America,Desktop,3,65.8,False,1,0,Thursday,11,Feb,False,0.0
S04333,New_Visitor,Organic,South America,Desktop,7,903.0,False,1,0,Friday,9,Mar,True,0.0
S04334,Returning_Visitor,Organic,Asia,Mobile,2,259.7,False,0,0,Tuesday,20,Oct,False,0.0
S04335,New_Visitor,Direct,Asia,Desktop,2,218.3,False,0,0,Saturday,20,Sep,False,0.0
S04336,New_Visitor,Paid,Asia,Mobile,5,110.3,False,2,0,Monday,11,Sep,False,0.0
S04337,Returning_Visitor,Referral,North America,Desktop,4,256.0,False,2,0,Monday,13,Dec,False,0.0
S04338,Returning_Visitor,Paid,Europe,Tablet,3,108.1,False,2,0,Tuesday,22,Sep,False,21.78
S04339,New_Visitor,Direct,Asia,Mobile,1,,True,0,0,Saturday,14,Jun,False,0.0
S04340,New_Visitor,Direct,Asia,Tablet,2,63.3,False,0,0,Saturday,19,Apr,False,0.0
S04341,New_Visitor,Direct,South America,Desktop,5,1.2,False,1,0,Tuesday,19,May,False,0.0
S04342,New_Visitor,Organic,North America,Mobile,1,0.6,True,0,0,Monday,21,Apr,False,0.0
S04343,Returning_Visitor,Organic,South America,Desktop,4,355.7,False,1,0,Saturday,11,Jan,False,0.0
S04344,Returning_Visitor,Paid,Europe,Mobile,1,175.6,True,0,0,Friday,5,Apr,False,0.0
S04345,Returning_Visitor,Paid,Asia,Mobile,4,62.6,False,1,0,Tuesday,8,Nov,False,0.0
S04346,New_Visitor,Organic,Europe,Desktop,1,47.2,True,0,0,Thursday,15,Oct,False,0.0
S04347,Returning_Visitor,Organic,Oceania,Desktop,2,43.8,False,0,0,Sunday,14,Sep,False,0.0
S04348,Returning_Visitor,Direct,North America,Mobile,5,194.8,False,2,1,Monday,11,Dec,False,0.0
S04349,Returning_Visitor,Organic,Asia,Mobile,5,37.7,False,1,0,Monday,10,Apr,False,0.0
S04350,Returning_Visitor,Direct,Asia,Desktop,1,77.5,True,0,0,Tuesday,17,Aug,False,0.0
S04351,Returning_Visitor,Organic,North America,Mobile,2,87.1,False,0,0,Friday,11,Jan,False,0.0
S04352,Returning_Visitor,Direct,North America,Mobile,3,66.5,False,2,1,Tuesday,15,Dec,False,0.0
S04353,New_Visitor,Organic,South America,Mobile,3,196.1,False,1,0,Saturday,17,Jun,False,0.0
S04354,Returning_Visitor,Direct,North America,Desktop,5,214.8,False,1,0,Saturday,12,Mar,False,0.0
S04355,New_Visitor,Organic,North America,Mobile,1,31.1,True,0,0,Thursday,9,Apr,True,0.0
S04356,Returning_Visitor,Direct,Oceania,Mobile,1,45.7,True,0,0,Monday,20,Nov,False,0.0
S04357,New_Visitor,Paid,Asia,Mobile,1,184.3,True,0,0,Sunday,7,Feb,False,0.0
S04358,Returning_Visitor,Direct,North America,Tablet,1,4.3,True,0,0,Thursday,19,Dec,False,0.0
S04359,Returning_Visitor,Paid,Asia,Desktop,1,154.6,True,0,0,Thursday,19,May,False,0.0
S04360,New_Visitor,Social,Europe,Desktop,8,64.8,False,3,0,Sunday,15,Apr,False,0.0
S04361,New_Visitor,Paid,South America,Desktop,1,13.9,True,0,0,Sunday,16,May,False,0.0
S04362,Returning_Visitor,Social,Asia,Desktop,1,232.3,True,0,0,Thursday,11,Jun,False,0.0
S04363,Returning_Visitor,Referral,South America,Desktop,2,199.3,False,0,0,Wednesday,19,Aug,False,0.0
S04364,New_Visitor,Paid,North America,Mobile,9,234.0,False,1,0,Monday,10,Aug,False,12.78
S04365,New_Visitor,Organic,Asia,Mobile,11,342.4,False,6,3,Sunday,14,Jun,False,26.56
S04366,Returning_Visitor,Direct,North America,Desktop,4,85.3,False,1,0,Saturday,0,Jun,False,0.0
S04367,New_Visitor,Paid,North America,Desktop,1,15.3,True,0,0,Wednesday,21,Apr,False,0.0
S04368,New_Visitor,Social,Asia,Desktop,1,3.8,True,0,0,Saturday,22,Jun,False,0.0
S04369,New_Visitor,Paid,North America,Tablet,2,4.1,False,1,0,Saturday,17,Jul,False,0.0
S04370,New_Visitor,Social,Asia,Tablet,1,41.8,True,0,0,Tuesday,12,Aug,False,0.0
S04371,New_Visitor,Paid,South America,Desktop,5,226.6,False,3,2,Friday,9,Feb,False,0.0
S04372,New_Visitor,Social,Europe,Mobile,11,946.2,False,4,1,Tuesday,13,Oct,False,0.0
S04373,New_Visitor,Social,North America,Desktop,1,6.0,True,0,0,Saturday,18,Sep,False,0.0
S04374,New_Visitor,Direct,Asia,Desktop,2,86.8,False,0,0,Tuesday,15,Apr,False,0.0
S04375,New_Visitor,Paid,Africa,Desktop,7,1084.9,False,2,0,Friday,14,Jun,False,0.0
S04376,New_Visitor,Social,Asia,Mobile,4,459.6,False,1,1,Wednesday,19,Dec,False,29.6
S04377,New_Visitor,Social,Asia,Desktop,7,321.2,False,3,1,Monday,11,Jan,False,0.0
S04378,Returning_Visitor,Referral,North America,Desktop,8,68.9,False,2,0,Monday,20,Nov,False,0.0
S04379,New_Visitor,Direct,North America,Desktop,2,20.4,False,0,0,Friday,13,Jul,False,0.0
S04380,New_Visitor,Organic,Asia,Desktop,4,155.7,False,2,1,Tuesday,0,Aug,False,0.0
S04381,New_Visitor,Paid,North America,Mobile,4,230.6,False,0,0,Friday,17,Sep,False,0.0
S04382,New_Visitor,Referral,Africa,Desktop,3,692.1,False,0,0,Wednesday,20,Jun,False,0.0
S04383,Returning_Visitor,Organic,Europe,Tablet,2,213.6,False,1,0,Friday,13,Mar,False,0.0
S04384,Returning_Visitor,Organic,Europe,Desktop,6,192.6,False,3,0,Thursday,13,Dec,False,0.0
S04385,Returning_Visitor,Social,South America,Desktop,5,129.3,False,3,1,Wednesday,19,Oct,False,0.0
S04386,Returning_Visitor,Social,South America,Desktop,2,1.6,False,0,0,Monday,20,Aug,False,0.0
S04387,Returning_Visitor,Social,Asia,Desktop,2,0.9,False,0,0,Wednesday,22,Jun,False,0.0
S04388,New_Visitor,Referral,Oceania,Desktop,1,38.6,True,0,0,Friday,11,Jul,False,0.0
S04389,New_Visitor,Direct,Oceania,Desktop,6,25.8,False,1,1,Saturday,15,Nov,False,0.0
S04390,New_Visitor,Direct,Oceania,Tablet,2,20.4,False,1,0,Tuesday,19,Jan,False,0.0
S04391,New_Visitor,Organic,South America,Mobile,2,471.7,False,1,0,Friday,14,Nov,False,0.0
S04392,New_Visitor,Social,Asia,Tablet,2,151.6,False,1,0,Tuesday,13,Jan,False,0.0
S04393,Returning_Visitor,Organic,Asia,Desktop,4,144.5,False,1,0,Tuesday,15,Aug,False,0.0
S04394,New_Visitor,Referral,North America,Mobile,2,234.1,False,1,0,Thursday,11,May,True,0.0
S04395,Returning_Visitor,Direct,North America,Desktop,1,11.7,True,0,0,Tuesday,9,Sep,False,0.0
S04396,Returning_Visitor,Direct,North America,Mobile,7,207.1,False,1,0,Friday,7,Feb,False,0.0
S04397,New_Visitor,Paid,North America,Tablet,1,21.0,True,0,0,Sunday,15,Aug,False,0.0
S04398,New_Visitor,Organic,Europe,Mobile,1,323.7,True,0,0,Monday,12,Nov,False,0.0
S04399,New_Visitor,Social,North America,Desktop,,138.8,True,0,0,Friday,20,Jul,False,0.0
S04400,New_Visitor,Organic,Africa,Desktop,2,89.6,False,1,0,Sunday,10,Feb,False,0.0
S04401,New_Visitor,Organic,South America,Desktop,2,66.2,False,1,0,Tuesday,11,Jan,False,0.0
S04402,New_Visitor,Direct,North America,Desktop,5,1800.0,False,2,0,Wednesday,22,Sep,False,0.0
S04403,New_Visitor,Organic,North America,Desktop,1,13.9,True,0,0,Monday,14,Jan,False,0.0
S04404,New_Visitor,Social,South America,Desktop,5,157.2,False,2,0,Friday,11,Feb,False,0.0
S04405,Returning_Visitor,Direct,South America,Desktop,1,74.6,True,0,0,Friday,20,Jun,False,0.0
S04406,Returning_Visitor,Organic,Oceania,Desktop,2,146.0,False,1,1,Friday,17,Mar,False,0.0
S04407,Returning_Visitor,Organic,Oceania,Desktop,7,358.6,False,4,1,Thursday,15,Mar,False,60.4
S04408,New_Visitor,Referral,Oceania,Mobile,2,364.1,False,0,0,Saturday,20,Jul,False,0.0
S04409,New_Visitor,Social,Europe,Desktop,10,170.0,False,5,2,Monday,8,Apr,False,134.43
S04410,Returning_Visitor,Direct,North America,Desktop,3,151.3,False,0,0,Sunday,12,Mar,False,0.0
S04411,New_Visitor,Referral,South America,Mobile,5,499.0,False,0,0,Tuesday,19,Jul,False,26.82
S04412,New_Visitor,Social,North America,Mobile,3,47.6,False,0,0,Monday,12,Apr,False,0.0
S04413,Returning_Visitor,Referral,South America,Desktop,2,245.9,False,0,0,Sunday,21,Feb,False,0.0
S04414,Returning_Visitor,Organic,Europe,Tablet,1,61.2,True,0,0,Saturday,9,Sep,False,0.0
S04415,New_Visitor,Referral,South America,Desktop,1,28.8,True,0,0,Saturday,11,Aug,True,0.0
S04416,New_Visitor,Referral,North America,Desktop,3,187.8,False,1,0,Monday,12,Mar,False,0.0
S04417,New_Visitor,Social,Europe,Desktop,3,473.8,False,1,0,Saturday,16,Aug,False,0.0
S04418,New_Visitor,Referral,Asia,Desktop,13,1800.0,False,5,0,Friday,9,Dec,False,0.0
S04419,New_Visitor,Paid,Oceania,Mobile,6,119.0,False,2,1,Saturday,0,Dec,False,0.0
S04420,New_Visitor,Organic,North America,Desktop,6,863.2,False,1,0,Sunday,22,Jul,False,0.0
S04421,New_Visitor,Paid,Oceania,Desktop,2,4.7,False,1,0,Tuesday,20,Feb,False,0.0
S04422,Returning_Visitor,Direct,South America,Tablet,2,0.9,False,0,0,Thursday,11,Jun,False,0.0
S04423,Returning_Visitor,Referral,Asia,Desktop,1,55.2,True,0,0,Saturday,13,Jan,False,0.0
S04424,Returning_Visitor,Organic,South America,Mobile,3,118.3,False,1,0,Thursday,13,Jun,False,0.0
S04425,New_Visitor,Direct,Asia,Desktop,1,38.0,True,0,0,Monday,20,Dec,False,0.0
S04426,New_Visitor,Social,North America,Desktop,2,32.0,False,1,1,Monday,15,Jul,False,0.0
S04427,New_Visitor,Social,North America,Desktop,3,163.8,False,0,0,Friday,19,Aug,False,0.0
S04428,New_Visitor,Organic,Africa,Mobile,1,1.0,True,0,0,Tuesday,21,Mar,False,0.0
S04429,New_Visitor,Direct,Asia,Mobile,5,170.6,False,1,1,Monday,14,Jan,False,0.0
S04430,Returning_Visitor,Organic,North America,Desktop,4,109.7,False,2,0,Wednesday,10,Dec,False,0.0
S04431,Returning_Visitor,Paid,Asia,Desktop,1,12.9,True,0,0,Tuesday,13,May,False,0.0
S04432,New_Visitor,Paid,Europe,Tablet,13,557.6,False,9,3,Monday,19,Apr,False,0.0
S04433,New_Visitor,Organic,North America,Tablet,3,211.0,False,0,0,Tuesday,15,Aug,False,0.0
S04434,Returning_Visitor,Paid,Europe,Mobile,1,100.6,True,0,0,Sunday,20,Oct,False,0.0
S04435,New_Visitor,Paid,North America,Mobile,2,74.4,False,1,1,Monday,20,Apr,False,0.0
S04436,New_Visitor,Direct,North America,Mobile,12,197.5,False,2,0,Saturday,12,Jul,False,0.0
S04437,New_Visitor,Social,Europe,Desktop,7,98.9,False,1,1,Saturday,13,May,False,0.0
S04438,Returning_Visitor,Direct,Asia,Mobile,1,51.9,True,0,0,Thursday,16,Jul,False,0.0
S04439,Returning_Visitor,Referral,North America,Mobile,6,177.5,False,2,2,Tuesday,8,Mar,False,27.59
S04440,New_Visitor,Direct,Europe,Mobile,3,68.8,False,0,0,Sunday,13,Jul,False,0.0
S04441,Returning_Visitor,Direct,North America,Desktop,1,44.4,True,0,0,Thursday,9,Jan,False,0.0
S04442,Returning_Visitor,Direct,North America,Mobile,5,243.9,False,3,0,Tuesday,19,Nov,False,0.0
S04443,New_Visitor,Organic,North America,Mobile,2,32.0,False,0,0,Wednesday,21,Sep,False,0.0
S04444,New_Visitor,Social,North America,Mobile,2,,False,0,0,Tuesday,8,Dec,False,0.0
S04445,New_Visitor,Direct,North America,Mobile,2,147.6,False,0,0,Wednesday,16,Aug,False,0.0
S04446,Returning_Visitor,Direct,South America,Tablet,3,88.2,False,0,0,Thursday,16,Mar,False,0.0
S04447,New_Visitor,Paid,Europe,Tablet,4,140.9,False,0,0,Wednesday,18,Jul,False,0.0
S04448,Returning_Visitor,Direct,North America,Desktop,4,245.2,False,1,0,Friday,17,Sep,False,0.0
S04449,New_Visitor,Direct,North America,Desktop,1,12.7,True,0,0,Sunday,10,May,False,0.0
S04450,Returning_Visitor,Paid,North America,Mobile,4,483.8,False,1,0,Wednesday,11,Aug,False,0.0
S04451,New_Visitor,Paid,South America,Tablet,1,24.8,True,0,0,Wednesday,9,Mar,False,0.0
S04452,Returning_Visitor,Organic,Europe,Desktop,11,768.0,False,3,2,Saturday,21,Oct,False,0.0
S04453,Returning_Visitor,Direct,North America,Mobile,2,42.3,False,0,0,Thursday,14,Dec,False,0.0
S04454,Returning_Visitor,Paid,Europe,Desktop,1,62.7,True,0,0,Wednesday,22,May,False,0.0
S04455,Returning_Visitor,Direct,Asia,Desktop,3,58.5,False,0,0,Saturday,13,Nov,False,0.0
S04456,New_Visitor,Direct,North America,Mobile,,248.1,False,2,0,Sunday,14,Feb,False,0.0
S04457,Returning_Visitor,Organic,Asia,Mobile,1,6.6,True,0,0,Friday,18,Apr,False,0.0
S04458,New_Visitor,Organic,Europe,Mobile,1,,True,0,0,Tuesday,18,Jul,False,0.0
S04459,New_Visitor,Social,North America,Tablet,17,855.0,False,6,2,Thursday,10,Jun,False,0.0
S04460,New_Visitor,Social,Asia,Desktop,2,120.3,False,0,0,Thursday,10,Aug,False,0.0
S04461,New_Visitor,Paid,Asia,Desktop,1,8.9,True,0,0,Thursday,8,Aug,False,0.0
S04462,New_Visitor,Social,Asia,Tablet,3,69.3,False,1,0,Tuesday,19,Feb,False,0.0
S04463,Returning_Visitor,Organic,Europe,Mobile,1,6.4,True,0,0,Thursday,18,Feb,False,0.0
S04464,New_Visitor,Organic,Europe,Desktop,1,107.9,True,0,0,Thursday,7,Jan,False,0.0
S04465,Returning_Visitor,Paid,Europe,Mobile,1,246.8,True,0,0,Tuesday,10,Dec,False,0.0
S04466,New_Visitor,Direct,Asia,Tablet,5,100.1,False,1,0,Sunday,13,Sep,False,0.0
S04467,New_Visitor,Direct,Asia,Mobile,1,39.6,True,0,0,Sunday,14,Nov,False,0.0
S04468,New_Visitor,Paid,North America,Mobile,3,127.1,False,1,0,Saturday,14,Aug,False,0.0
S04469,Returning_Visitor,Referral,Asia,Desktop,1,10.8,True,0,0,Wednesday,23,Mar,False,0.0
S04470,Returning_Visitor,Organic,Asia,Desktop,3,198.3,False,0,0,Wednesday,18,Sep,False,0.0
S04471,Returning_Visitor,Paid,Europe,Tablet,3,130.9,False,1,0,Friday,8,Jul,False,0.0
S04472,Returning_Visitor,Paid,Africa,Mobile,2,86.5,False,0,0,Friday,11,Jun,True,0.0
S04473,New_Visitor,Organic,South America,Desktop,2,7.2,False,1,0,Friday,11,May,False,0.0
S04474,New_Visitor,Paid,North America,Mobile,4,20.0,False,1,0,Monday,11,Sep,True,0.0
S04475,Returning_Visitor,Direct,Africa,Mobile,6,1199.7,False,0,0,Friday,18,Aug,False,0.0
S04476,New_Visitor,Direct,Europe,Desktop,2,337.0,False,1,0,Sunday,11,Mar,False,0.0
S04477,New_Visitor,Paid,Asia,Mobile,3,3.3,False,1,1,Monday,13,Nov,False,0.0
S04478,New_Visitor,Paid,South America,Desktop,6,279.9,False,1,0,Wednesday,14,Sep,False,0.0
S04479,Returning_Visitor,Organic,Europe,Desktop,1,4.0,True,0,0,Thursday,10,Jul,False,0.0
S04480,Returning_Visitor,Organic,Europe,Mobile,12,1134.5,False,7,3,Friday,11,Oct,False,26.44
S04481,New_Visitor,Organic,Africa,Desktop,5,15.2,False,1,0,Monday,18,Mar,False,0.0
S04482,New_Visitor,Referral,North America,Desktop,2,95.6,False,0,0,Sunday,20,Dec,True,0.0
S04483,Returning_Visitor,Organic,North America,Tablet,2,115.9,False,1,0,Monday,5,Apr,False,0.0
S04484,Returning_Visitor,Direct,Europe,Mobile,1,6.1,True,0,0,Saturday,15,Apr,False,0.0
S04485,New_Visitor,Organic,Africa,Mobile,1,54.1,True,0,0,Monday,16,Nov,False,0.0
S04486,Returning_Visitor,Direct,Oceania,Desktop,3,511.5,False,0,0,Tuesday,17,May,False,0.0
S04487,New_Visitor,Organic,North America,Desktop,1,6.1,True,0,0,Saturday,17,Nov,True,0.0
S04488,New_Visitor,Social,Africa,Mobile,1,69.2,True,0,0,Sunday,20,May,False,0.0
S04489,Returning_Visitor,Organic,North America,Desktop,13,246.8,False,7,4,Sunday,7,Aug,False,0.0
S04490,Returning_Visitor,Direct,Oceania,Mobile,1,19.2,True,0,0,Monday,12,Apr,False,0.0
S04491,New_Visitor,Paid,Asia,Desktop,6,282.8,False,2,1,Thursday,18,Oct,False,31.31
S04492,Returning_Visitor,Social,North America,Mobile,3,473.2,False,1,0,Monday,19,Mar,False,0.0
S04493,Returning_Visitor,Organic,North America,Desktop,2,31.5,False,0,0,Tuesday,10,Dec,False,0.0
S04494,Returning_Visitor,Organic,North America,Desktop,4,1202.6,False,2,0,Tuesday,15,May,False,0.0
S04495,Returning_Visitor,Social,North America,Tablet,1,5.8,True,0,0,Monday,9,Jul,False,0.0
S04496,Returning_Visitor,Direct,South America,Tablet,5,844.9,False,2,0,Sunday,19,Jan,False,0.0
S04497,New_Visitor,Social,North America,Desktop,6,6.5,False,3,0,Monday,17,Dec,True,0.0
S04498,New_Visitor,Direct,Oceania,Mobile,1,10.6,True,0,0,Friday,10,Nov,False,0.0
S04499,New_Visitor,Direct,Asia,Mobile,2,449.5,False,0,0,Friday,15,Jun,False,0.0
S04500,New_Visitor,Direct,Asia,Desktop,1,18.6,True,0,0,Tuesday,14,Dec,False,0.0
S04501,Returning_Visitor,Social,North America,Desktop,6,2.6,False,2,1,Sunday,10,Dec,False,0.0
S04502,New_Visitor,Paid,Africa,Desktop,5,649.0,False,2,2,Wednesday,20,Jul,False,0.0
S04503,New_Visitor,Organic,Asia,Mobile,2,294.4,False,0,0,Sunday,8,Apr,False,0.0
S04504,New_Visitor,Direct,Africa,Mobile,2,163.7,False,1,0,Sunday,13,Jul,False,0.0
S04505,New_Visitor,Organic,Oceania,Tablet,2,336.7,False,1,1,Sunday,15,May,False,0.0
S04506,New_Visitor,Direct,North America,Mobile,2,37.1,False,0,0,Saturday,19,Jun,False,12.77
S04507,Returning_Visitor,Paid,North America,Tablet,2,,False,0,0,Tuesday,9,Dec,False,0.0
S04508,New_Visitor,Direct,South America,Tablet,1,81.4,True,0,0,Monday,15,Apr,False,0.0
S04509,Returning_Visitor,Paid,Africa,Mobile,1,218.1,True,0,0,Thursday,0,Nov,False,0.0
S04510,Returning_Visitor,Referral,Asia,Desktop,5,685.3,False,2,0,Wednesday,19,Dec,False,0.0
S04511,New_Visitor,Paid,Europe,Desktop,2,7.3,False,0,0,Saturday,10,Nov,False,0.0
S04512,New_Visitor,Social,Asia,Mobile,3,74.5,False,0,0,Saturday,17,Jul,False,0.0
S04513,New_Visitor,Organic,Europe,Mobile,2,,False,0,0,Tuesday,15,Aug,False,0.0
S04514,Returning_Visitor,Organic,North America,Desktop,2,232.0,False,0,0,Monday,6,Nov,False,0.0
S04515,Returning_Visitor,Direct,Europe,Mobile,1,19.7,True,0,0,Tuesday,9,Jan,True,0.0
S04516,New_Visitor,Organic,North America,Tablet,2,1.0,False,0,0,Thursday,10,Oct,False,0.0
S04517,New_Visitor,Direct,Europe,Mobile,2,24.8,False,0,0,Monday,20,Jul,False,0.0
S04518,Returning_Visitor,Direct,Oceania,Mobile,6,199.4,False,2,1,Friday,13,Jun,False,121.55
S04519,New_Visitor,Paid,South America,Mobile,2,7.6,False,0,0,Friday,21,Oct,False,0.0
S04520,New_Visitor,Direct,Oceania,Desktop,1,2.6,True,0,0,Tuesday,6,Apr,False,0.0
S04521,Returning_Visitor,Social,South America,Desktop,5,154.1,False,1,0,Friday,0,Dec,False,0.0
S04522,Returning_Visitor,Paid,Europe,Mobile,2,125.3,False,1,0,Friday,22,Sep,False,0.0
S04523,Returning_Visitor,Paid,South America,Mobile,8,595.0,False,4,1,Thursday,17,Aug,False,56.14
S04524,Returning_Visitor,Organic,Africa,Desktop,10,456.6,False,0,0,Sunday,18,Jul,False,0.0
S04525,Returning_Visitor,Direct,Oceania,Tablet,7,240.4,False,1,0,Monday,21,Mar,False,0.0
S04526,New_Visitor,Direct,Asia,Desktop,1,1.1,True,0,0,Wednesday,23,Aug,False,0.0
S04527,Returning_Visitor,Direct,North America,Mobile,1,18.3,True,0,0,Sunday,8,Oct,False,0.0
S04528,Returning_Visitor,Direct,North America,Mobile,5,332.5,False,4,1,Wednesday,9,Jan,False,0.0
S04529,Returning_Visitor,Social,North America,Desktop,2,71.6,False,1,0,Wednesday,9,May,False,0.0
S04530,New_Visitor,Direct,Oceania,Desktop,,36.8,False,1,1,Friday,19,Nov,False,0.0
S04531,New_Visitor,Direct,Europe,Tablet,2,31.3,False,0,0,Friday,11,Sep,False,0.0
S04532,New_Visitor,Paid,Africa,Desktop,3,,False,1,0,Monday,15,Aug,False,0.0
S04533,New_Visitor,Organic,Europe,Desktop,7,732.2,False,2,1,Thursday,20,Apr,False,0.0
S04534,New_Visitor,Direct,Asia,Mobile,3,378.7,False,0,0,Wednesday,16,Sep,False,0.0
S04535,Returning_Visitor,Social,North America,Desktop,3,81.9,False,1,0,Friday,7,Oct,False,83.25
S04536,Returning_Visitor,Organic,North America,Tablet,5,362.5,False,2,1,Thursday,13,Jun,False,0.0
S04537,New_Visitor,Referral,Europe,Desktop,5,20.2,False,3,1,Friday,7,Mar,False,0.0
S04538,Returning_Visitor,Organic,Asia,Mobile,8,1054.0,False,0,0,Friday,13,Feb,False,0.0
S04539,New_Visitor,Paid,North America,Desktop,1,142.4,True,0,0,Tuesday,10,Jul,True,0.0
S04540,New_Visitor,Direct,South America,Mobile,13,133.1,False,7,1,Tuesday,0,Sep,False,0.0
S04541,New_Visitor,Direct,Europe,Mobile,2,182.0,False,1,0,Wednesday,19,Mar,False,0.0
S04542,New_Visitor,Referral,South America,Desktop,1,38.5,True,0,0,Tuesday,22,Jun,False,0.0
S04543,New_Visitor,Organic,North America,Tablet,,205.7,False,0,0,Friday,22,Aug,False,0.0
S04544,New_Visitor,Organic,Asia,Desktop,1,38.6,True,0,0,Friday,11,Mar,False,0.0
S04545,New_Visitor,Direct,North America,Mobile,1,4.9,True,0,0,Tuesday,19,Apr,False,0.0
S04546,Returning_Visitor,Direct,South America,Tablet,11,1209.7,False,3,0,Sunday,16,Aug,False,0.0
S04547,New_Visitor,Direct,Europe,Mobile,1,5.4,True,0,0,Thursday,19,Oct,True,0.0
S04548,Returning_Visitor,Referral,Asia,Mobile,14,375.1,False,2,0,Monday,19,Sep,False,0.0
S04549,Returning_Visitor,Referral,Oceania,Desktop,3,767.8,False,0,0,Tuesday,23,Oct,False,0.0
S04550,Returning_Visitor,Referral,North America,Desktop,10,333.8,False,4,1,Thursday,9,Aug,False,0.0
S04551,Returning_Visitor,Direct,North America,Desktop,7,720.9,False,1,0,Wednesday,18,Nov,False,0.0
S04552,New_Visitor,Organic,South America,Tablet,4,44.4,False,2,0,Saturday,17,Nov,False,0.0
S04553,New_Visitor,Social,Asia,Tablet,3,319.0,False,2,1,Thursday,10,Nov,False,0.0
S04554,Returning_Visitor,Paid,North America,Desktop,15,556.6,False,2,0,Sunday,12,Aug,False,0.0
S04555,New_Visitor,Organic,Europe,Desktop,3,128.4,False,1,0,Monday,9,Dec,False,0.0
S04556,Returning_Visitor,Direct,North America,Desktop,1,207.8,True,0,0,Friday,21,Jan,False,0.0
S04557,Returning_Visitor,Direct,North America,Desktop,15,1800.0,False,2,0,Sunday,20,Mar,False,0.0
S04558,Returning_Visitor,Direct,Europe,Desktop,2,51.3,False,1,1,Wednesday,15,Nov,False,61.86
S04559,Returning_Visitor,Referral,South America,Mobile,1,179.0,True,0,0,Monday,14,Nov,False,0.0
S04560,Returning_Visitor,Organic,Europe,Tablet,4,26.1,False,1,0,Thursday,10,Nov,False,0.0
S04561,Returning_Visitor,Social,Asia,Mobile,2,3.2,False,1,1,Sunday,18,Nov,False,0.0
S04562,New_Visitor,Organic,Africa,Mobile,2,91.3,False,1,0,Friday,0,Jun,False,0.0
S04563,Returning_Visitor,Direct,Europe,Mobile,3,264.5,False,1,0,Friday,13,Dec,True,0.0
S04564,New_Visitor,Social,Asia,Mobile,1,15.0,True,0,0,Friday,20,Mar,False,0.0
S04565,New_Visitor,Direct,Africa,Mobile,4,20.1,False,3,1,Monday,15,Dec,False,0.0
S04566,Returning_Visitor,Organic,North America,Desktop,3,336.2,False,2,0,Thursday,16,Aug,False,0.0
S04567,New_Visitor,Paid,Europe,Desktop,3,772.5,False,0,0,Monday,7,Mar,False,0.0
S04568,New_Visitor,Paid,Oceania,Mobile,7,497.8,False,2,2,Wednesday,10,Oct,False,0.0
S04569,New_Visitor,Social,Oceania,Tablet,6,1331.8,False,2,0,Saturday,16,Apr,False,0.0
S04570,Returning_Visitor,Direct,North America,Mobile,3,321.8,False,0,0,Friday,6,Apr,False,0.0
S04571,New_Visitor,Organic,North America,Tablet,3,52.2,False,1,0,Sunday,11,Mar,False,0.0
S04572,Returning_Visitor,Paid,North America,Desktop,5,34.9,False,1,1,Tuesday,11,Jan,True,0.0
S04573,New_Visitor,Direct,Europe,Mobile,2,198.6,False,0,0,Wednesday,13,Oct,False,0.0
S04574,Returning_Visitor,Paid,Europe,Tablet,4,258.6,False,0,0,Saturday,11,Jul,False,0.0
S04575,Returning_Visitor,Direct,Asia,Mobile,3,301.7,False,1,0,Tuesday,13,Dec,False,0.0
S04576,New_Visitor,Direct,Africa,Tablet,3,228.1,False,0,0,Tuesday,14,Jun,False,0.0
S04577,New_Visitor,Paid,Europe,Mobile,13,548.7,False,7,1,Wednesday,8,Nov,False,0.0
S04578,New_Visitor,Direct,South America,Desktop,1,169.6,True,0,0,Wednesday,9,Dec,False,0.0
S04579,Returning_Visitor,Organic,North America,Desktop,2,168.1,False,1,0,Sunday,19,Jan,False,0.0
S04580,Returning_Visitor,Organic,North America,Mobile,8,4.1,False,2,1,Thursday,13,Feb,False,0.0
S04581,Returning_Visitor,Direct,Europe,Tablet,8,584.8,False,0,0,Sunday,11,May,False,67.96
S04582,New_Visitor,Organic,North America,Desktop,5,235.7,False,0,0,Sunday,12,Nov,False,0.0
S04583,Returning_Visitor,Direct,Europe,Mobile,3,26.8,False,0,0,Tuesday,9,Nov,False,0.0
S04584,Returning_Visitor,Direct,Africa,Mobile,4,137.1,False,1,0,Friday,10,May,False,0.0
S04585,Returning_Visitor,Social,North America,Desktop,1,44.6,True,0,0,Tuesday,14,Mar,False,0.0
S04586,Returning_Visitor,Direct,Asia,Desktop,3,113.8,False,1,0,Monday,11,Nov,False,0.0
S04587,New_Visitor,Paid,Europe,Desktop,3,102.6,False,0,0,Sunday,13,Aug,False,0.0
S04588,New_Visitor,Organic,North America,Desktop,,59.8,True,0,0,Wednesday,9,Jan,False,0.0
S04589,Returning_Visitor,Referral,Asia,Desktop,7,451.4,False,3,0,Wednesday,9,Nov,True,0.0
S04590,Returning_Visitor,Organic,South America,Desktop,2,143.5,False,0,0,Wednesday,12,Dec,False,0.0
S04591,Returning_Visitor,Social,Europe,Desktop,,601.9,False,3,1,Tuesday,12,Jan,False,0.0
S04592,New_Visitor,Paid,Asia,Mobile,,214.9,False,1,0,Thursday,20,Apr,False,0.0
S04593,New_Visitor,Social,Africa,Mobile,2,102.4,False,1,0,Wednesday,4,Nov,True,0.0
S04594,New_Visitor,Referral,South America,Mobile,1,4.5,True,0,0,Wednesday,23,Aug,False,0.0
S04595,New_Visitor,Direct,North America,Mobile,4,108.9,False,2,0,Sunday,22,Dec,False,0.0
S04596,Returning_Visitor,Social,Asia,Tablet,3,0.7,False,1,0,Wednesday,14,Dec,False,0.0
S04597,Returning_Visitor,Paid,Europe,Tablet,8,434.1,False,4,0,Monday,17,Mar,False,0.0
S04598,New_Visitor,Paid,Asia,Tablet,2,442.9,False,1,0,Tuesday,21,Sep,False,0.0
S04599,New_Visitor,Direct,Europe,Desktop,4,421.2,False,0,0,Saturday,10,Sep,False,0.0
S04600,New_Visitor,Paid,North America,Tablet,4,159.8,False,3,0,Friday,11,Feb,False,0.0
S04601,New_Visitor,Organic,Asia,Mobile,2,147.8,False,1,1,Sunday,8,Feb,False,0.0
S04602,Returning_Visitor,Organic,Europe,Desktop,7,568.8,False,2,0,Friday,14,Aug,False,0.0
S04603,Returning_Visitor,Organic,Europe,Desktop,2,108.4,False,0,0,Tuesday,9,Jun,False,0.0
S04604,New_Visitor,Organic,Africa,Mobile,4,520.3,False,1,0,Monday,21,Aug,False,0.0
S04605,Returning_Visitor,Social,Africa,Desktop,3,,False,1,0,Thursday,12,Apr,False,46.21
S04606,Returning_Visitor,Paid,Europe,Desktop,2,134.3,False,1,0,Friday,21,Aug,False,0.0
S04607,Returning_Visitor,Social,Europe,Mobile,1,4.0,True,0,0,Tuesday,9,Jun,False,0.0
S04608,New_Visitor,Referral,Europe,Mobile,3,26.8,False,0,0,Friday,17,Nov,False,0.0
S04609,Returning_Visitor,Direct,Europe,Tablet,2,334.6,False,1,0,Sunday,16,May,False,96.68
S04610,New_Visitor,Social,Oceania,Mobile,2,94.0,False,0,0,Saturday,12,Nov,False,0.0
S04611,New_Visitor,Direct,Asia,Mobile,3,252.7,False,2,0,Friday,20,Jun,False,0.0
S04612,New_Visitor,Social,North America,Desktop,4,488.3,False,1,0,Saturday,12,Aug,False,0.0
S04613,New_Visitor,Referral,Europe,Mobile,4,652.8,False,2,1,Monday,9,Apr,False,0.0
S04614,New_Visitor,Referral,Asia,Desktop,2,11.3,False,0,0,Tuesday,22,Nov,False,0.0
S04615,New_Visitor,Direct,Asia,Tablet,1,72.6,True,0,0,Monday,13,Nov,True,0.0
S04616,New_Visitor,Paid,Asia,Desktop,5,298.1,False,1,1,Monday,9,Nov,False,0.0
S04617,Returning_Visitor,Organic,North America,Mobile,4,220.0,False,2,2,Sunday,11,Sep,False,0.0
S04618,Returning_Visitor,Direct,North America,Desktop,5,47.1,False,1,0,Tuesday,15,May,False,0.0
S04619,New_Visitor,Social,Europe,Mobile,2,178.0,False,1,0,Friday,14,Sep,False,0.0
S04620,Returning_Visitor,Direct,Europe,Tablet,8,182.0,False,4,0,Friday,16,Dec,False,0.0
S04621,Returning_Visitor,Paid,North America,Desktop,1,15.1,True,0,0,Friday,16,Sep,False,0.0
S04622,Returning_Visitor,Direct,South America,Mobile,,147.4,False,0,0,Thursday,8,Dec,False,0.0
S04623,New_Visitor,Direct,Europe,Mobile,3,43.7,False,0,0,Thursday,11,May,False,0.0
S04624,Returning_Visitor,Paid,Africa,Tablet,18,745.9,False,6,1,Wednesday,18,Nov,False,0.0
S04625,Returning_Visitor,Direct,North America,Mobile,1,22.9,True,0,0,Sunday,16,Oct,False,0.0
S04626,Returning_Visitor,Direct,North America,Desktop,6,624.4,False,2,1,Monday,7,Nov,False,0.0
S04627,New_Visitor,Direct,Europe,Desktop,1,185.2,True,0,0,Monday,11,Oct,False,0.0
S04628,New_Visitor,Organic,North America,Mobile,1,104.4,True,0,0,Thursday,21,Jul,False,0.0
S04629,Returning_Visitor,Referral,Oceania,Desktop,2,60.7,False,1,0,Wednesday,20,Sep,False,0.0
S04630,New_Visitor,Organic,North America,Desktop,4,42.6,False,2,0,Wednesday,16,Dec,False,0.0
S04631,New_Visitor,Paid,Europe,Desktop,1,71.9,True,0,0,Sunday,7,Jun,False,0.0
S04632,New_Visitor,Social,Africa,Mobile,1,140.4,True,0,0,Saturday,15,Dec,False,0.0
S04633,Returning_Visitor,Organic,Europe,Tablet,1,30.8,True,0,0,Sunday,1,Jan,False,0.0
S04634,Returning_Visitor,Referral,North America,Tablet,4,10.0,False,1,0,Wednesday,16,Jan,False,0.0
S04635,New_Visitor,Referral,Europe,Mobile,1,8.0,True,0,0,Tuesday,17,Jul,False,0.0
S04636,Returning_Visitor,Organic,Europe,Mobile,2,57.9,False,0,0,Saturday,13,Nov,False,35.45
S04637,New_Visitor,Organic,North America,Desktop,1,41.5,True,0,0,Saturday,0,Apr,False,0.0
S04638,Returning_Visitor,Direct,Europe,Mobile,2,41.2,False,0,0,Thursday,16,Sep,True,0.0
S04639,Returning_Visitor,Referral,South America,Desktop,4,160.4,False,0,0,Sunday,19,Aug,False,0.0
S04640,Returning_Visitor,Referral,Africa,Mobile,1,191.4,True,0,0,Sunday,15,Apr,False,0.0
S04641,Returning_Visitor,Direct,North America,Tablet,3,14.4,False,1,0,Thursday,17,Apr,False,0.0
S04642,New_Visitor,Social,North America,Tablet,1,97.6,True,0,0,Tuesday,7,Feb,False,0.0
S04643,Returning_Visitor,Social,North America,Mobile,5,182.3,False,0,0,Thursday,17,Jul,False,0.0
S04644,New_Visitor,Referral,Asia,Mobile,5,318.1,False,2,2,Sunday,15,Jun,False,38.65
S04645,Returning_Visitor,Social,Europe,Tablet,2,418.3,False,1,1,Wednesday,11,Apr,False,0.0
S04646,Returning_Visitor,Direct,South America,Desktop,1,36.9,True,0,0,Friday,16,Dec,False,0.0
S04647,Returning_Visitor,Paid,Asia,Mobile,1,6.1,True,0,0,Friday,16,Nov,False,0.0
S04648,New_Visitor,Referral,North America,Desktop,3,316.8,False,2,0,Tuesday,15,Jul,False,0.0
S04649,Returning_Visitor,Social,Asia,Tablet,2,36.9,False,1,0,Friday,9,Jul,False,0.0
S04650,New_Visitor,Direct,North America,Desktop,2,282.7,False,1,0,Wednesday,11,Mar,False,0.0
S04651,New_Visitor,Organic,North America,Desktop,3,15.4,False,2,0,Saturday,23,Sep,False,0.0
S04652,Returning_Visitor,Direct,North America,Mobile,1,15.5,True,0,0,Friday,12,Dec,False,0.0
S04653,New_Visitor,Direct,North America,Desktop,2,413.3,False,1,0,Saturday,6,Dec,False,0.0
S04654,Returning_Visitor,Referral,Asia,Desktop,1,127.3,True,0,0,Tuesday,20,Feb,False,0.0
S04655,New_Visitor,Direct,Asia,Mobile,12,177.8,False,3,0,Monday,9,Jan,False,0.0
S04656,New_Visitor,Social,North America,Mobile,1,89.9,True,0,0,Saturday,12,Dec,False,0.0
S04657,Returning_Visitor,Referral,Oceania,Desktop,1,5.4,True,0,0,Wednesday,10,Mar,False,0.0
S04658,New_Visitor,Referral,Europe,Mobile,3,30.9,False,0,0,Tuesday,22,Aug,False,0.0
S04659,New_Visitor,Organic,North America,Mobile,1,12.1,True,0,0,Monday,12,Feb,False,0.0
S04660,Returning_Visitor,Paid,North America,Mobile,5,13.2,False,3,1,Thursday,17,Nov,False,0.0
S04661,New_Visitor,Social,Asia,Mobile,6,238.6,False,1,0,Tuesday,15,Feb,False,0.0
S04662,Returning_Visitor,Social,Oceania,Desktop,2,59.4,False,0,0,Thursday,5,Sep,False,0.0
S04663,New_Visitor,Direct,Asia,Desktop,6,320.6,False,0,0,Saturday,12,Jan,True,0.0
S04664,Returning_Visitor,Direct,Oceania,Desktop,5,350.1,False,3,1,Thursday,12,Mar,False,0.0
S04665,Returning_Visitor,Organic,Europe,Desktop,1,54.3,True,0,0,Sunday,23,Jul,False,0.0
S04666,Returning_Visitor,Direct,Europe,Desktop,6,117.5,False,0,0,Tuesday,19,Jan,False,0.0
S04667,New_Visitor,Organic,Europe,Desktop,7,36.2,False,2,0,Thursday,20,Mar,False,0.0
S04668,Returning_Visitor,Referral,Asia,Mobile,2,158.0,False,0,0,Tuesday,11,Feb,False,0.0
S04669,Returning_Visitor,Referral,Europe,Mobile,5,110.9,False,0,0,Sunday,11,Jan,False,0.0
S04670,Returning_Visitor,Direct,Africa,Tablet,7,119.2,False,2,0,Sunday,14,Dec,False,0.0
S04671,New_Visitor,Direct,North America,Desktop,5,351.8,False,2,2,Wednesday,16,Jun,False,0.0
S04672,Returning_Visitor,Paid,Europe,Desktop,1,35.0,True,0,0,Wednesday,17,Nov,True,0.0
S04673,Returning_Visitor,Organic,Europe,Mobile,1,13.7,True,0,0,Tuesday,19,May,False,0.0
S04674,New_Visitor,Social,Asia,Desktop,13,1134.7,False,3,1,Saturday,20,Jan,False,0.0
S04675,New_Visitor,Organic,North America,Mobile,3,295.5,False,2,0,Friday,2,Sep,False,0.0
S04676,Returning_Visitor,Organic,Europe,Mobile,4,1012.6,False,2,2,Sunday,18,Jan,False,0.0
S04677,New_Visitor,Organic,Europe,Mobile,8,302.9,False,1,0,Monday,15,Aug,False,0.0
S04678,Returning_Visitor,Social,Asia,Desktop,1,2.2,True,0,0,Thursday,14,Feb,False,0.0
S04679,Returning_Visitor,Direct,South America,Desktop,2,87.4,False,0,0,Friday,15,Sep,False,0.0
S04680,Returning_Visitor,Paid,Asia,Desktop,3,4.2,False,1,0,Sunday,20,Dec,False,20.35
S04681,New_Visitor,Direct,Europe,Desktop,1,176.9,True,0,0,Wednesday,14,Dec,True,0.0
S04682,New_Visitor,Organic,Oceania,Desktop,3,34.6,False,2,0,Wednesday,9,Jul,False,0.0
S04683,Returning_Visitor,Social,South America,Mobile,6,934.4,False,2,0,Sunday,12,Jul,False,0.0
S04684,New_Visitor,Organic,North America,Desktop,1,179.8,True,0,0,Monday,21,Jan,False,0.0
S04685,Returning_Visitor,Social,North America,Mobile,5,448.1,False,2,1,Thursday,19,Oct,False,0.0
S04686,New_Visitor,Organic,Europe,Desktop,12,65.8,False,6,0,Thursday,9,Dec,False,0.0
S04687,New_Visitor,Direct,Europe,Desktop,8,392.3,False,3,0,Monday,17,Jun,False,0.0
S04688,New_Visitor,Social,Africa,Desktop,3,78.7,False,1,1,Wednesday,10,Nov,False,0.0
S04689,New_Visitor,Paid,South America,Desktop,,617.8,False,2,0,Saturday,11,Nov,False,0.0
S04690,Returning_Visitor,Direct,Africa,Desktop,5,108.0,False,2,0,Wednesday,13,Oct,False,0.0
S04691,New_Visitor,Social,North America,Desktop,6,216.0,False,3,1,Wednesday,13,Oct,False,0.0
S04692,New_Visitor,Organic,Asia,Desktop,2,102.3,False,1,0,Saturday,3,Mar,False,0.0
S04693,New_Visitor,Social,North America,Desktop,2,4.3,False,0,0,Sunday,18,Oct,False,0.0
S04694,New_Visitor,Referral,North America,Mobile,1,56.3,True,0,0,Saturday,19,Mar,False,0.0
S04695,New_Visitor,Organic,Asia,Mobile,1,25.3,True,0,0,Saturday,14,Oct,False,0.0
S04696,Returning_Visitor,Direct,North America,Desktop,3,135.6,False,2,0,Sunday,9,Jan,False,0.0
S04697,New_Visitor,Organic,Asia,Desktop,2,16.0,False,0,0,Saturday,10,Dec,False,0.0
S04698,New_Visitor,Direct,Asia,Mobile,3,73.7,False,1,1,Sunday,8,Nov,False,0.0
S04699,New_Visitor,Organic,South America,Mobile,10,523.1,False,3,2,Saturday,9,Sep,False,31.3
S04700,Returning_Visitor,Referral,North America,Tablet,1,50.9,True,0,0,Friday,20,Feb,True,0.0
S04701,New_Visitor,Paid,South America,Desktop,7,72.2,False,3,0,Friday,13,Nov,False,0.0
S04702,New_Visitor,Organic,Oceania,Desktop,1,32.1,True,0,0,Sunday,8,Nov,False,0.0
S04703,Returning_Visitor,Direct,Africa,Mobile,4,175.9,False,0,0,Friday,10,Sep,False,0.0
S04704,Returning_Visitor,Referral,South America,Mobile,2,10.2,False,0,0,Saturday,22,Dec,False,0.0
S04705,New_Visitor,Paid,Asia,Desktop,1,54.9,True,0,0,Tuesday,14,Feb,False,0.0
S04706,New_Visitor,Direct,Europe,Mobile,5,79.1,False,0,0,Sunday,14,Oct,False,0.0
S04707,Returning_Visitor,Direct,Asia,Desktop,4,606.8,False,2,1,Thursday,14,Jul,False,0.0
S04708,New_Visitor,Direct,Asia,Desktop,4,75.1,False,0,0,Tuesday,8,Mar,False,0.0
S04709,Returning_Visitor,Organic,Asia,Mobile,11,1021.8,False,6,2,Saturday,22,Sep,False,57.57
S04710,Returning_Visitor,Organic,South America,Desktop,1,52.4,True,0,0,Wednesday,7,Nov,False,0.0
S04711,New_Visitor,Direct,Europe,Mobile,2,138.8,False,0,0,Tuesday,17,Mar,False,0.0
S04712,New_Visitor,Organic,North America,Mobile,3,417.7,False,1,0,Tuesday,6,Nov,False,0.0
S04713,New_Visitor,Referral,Asia,Mobile,2,225.9,False,1,0,Monday,13,Feb,False,0.0
S04714,Returning_Visitor,Direct,North America,Desktop,4,32.8,False,3,1,Monday,20,Aug,True,0.0
S04715,New_Visitor,Direct,Europe,Desktop,7,1140.0,False,2,1,Friday,18,Nov,False,0.0
S04716,New_Visitor,Organic,North America,Desktop,4,35.8,False,2,0,Sunday,11,Mar,False,0.0
S04717,Returning_Visitor,Paid,Europe,Mobile,3,68.5,False,1,0,Thursday,14,Aug,False,0.0
S04718,Returning_Visitor,Paid,South America,Mobile,5,222.2,False,1,1,Friday,9,Jun,False,0.0
S04719,New_Visitor,Organic,Europe,Desktop,1,162.5,True,0,0,Saturday,22,Aug,False,0.0
S04720,Returning_Visitor,Direct,North America,Mobile,3,177.6,False,1,0,Wednesday,17,Jun,False,0.0
S04721,New_Visitor,Referral,Europe,Mobile,2,249.5,False,0,0,Friday,12,Apr,False,0.0
S04722,New_Visitor,Organic,North America,Desktop,2,341.1,False,0,0,Wednesday,11,Apr,False,25.71
S04723,New_Visitor,Direct,Europe,Mobile,3,248.4,False,0,0,Friday,10,Nov,False,0.0
S04724,New_Visitor,Organic,Europe,Desktop,5,197.3,False,2,0,Tuesday,18,Mar,False,0.0
S04725,New_Visitor,Paid,Oceania,Mobile,2,58.9,False,1,1,Sunday,12,Feb,False,0.0
S04726,New_Visitor,Paid,North America,Mobile,4,77.2,False,1,0,Monday,11,Feb,False,0.0
S04727,Returning_Visitor,Referral,Asia,Desktop,3,127.2,False,1,1,Thursday,21,Feb,False,0.0
S04728,Returning_Visitor,Direct,Africa,Mobile,8,23.6,False,4,1,Tuesday,9,Jan,False,0.0
S04729,Returning_Visitor,Paid,Oceania,Mobile,2,31.1,False,0,0,Friday,10,Mar,False,0.0
S04730,New_Visitor,Paid,North America,Desktop,6,159.7,False,2,0,Wednesday,11,Mar,False,0.0
S04731,New_Visitor,Paid,Europe,Mobile,6,691.2,False,1,0,Wednesday,10,Apr,False,0.0
S04732,New_Visitor,Organic,North America,Desktop,2,56.6,False,0,0,Tuesday,15,Feb,False,0.0
S04733,Returning_Visitor,Organic,Europe,Mobile,3,49.3,False,1,0,Tuesday,15,Feb,False,16.4
S04734,Returning_Visitor,Referral,North America,Tablet,2,183.2,False,1,0,Saturday,6,Aug,False,0.0
S04735,New_Visitor,Direct,South America,Mobile,3,516.1,False,1,0,Tuesday,8,Oct,False,0.0
S04736,New_Visitor,Organic,North America,Desktop,1,89.4,True,0,0,Saturday,9,Sep,False,0.0
S04737,New_Visitor,Organic,Europe,Desktop,6,48.4,False,2,0,Thursday,7,Aug,False,0.0
S04738,New_Visitor,Paid,Europe,Desktop,1,23.2,True,0,0,Monday,8,Jun,False,0.0
S04739,New_Visitor,Paid,Oceania,Mobile,1,55.4,True,0,0,Tuesday,10,Sep,False,0.0
S04740,Returning_Visitor,Direct,Asia,Mobile,7,91.6,False,3,1,Sunday,11,Dec,False,0.0
S04741,Returning_Visitor,Paid,North America,Desktop,3,182.2,False,1,0,Friday,18,Sep,False,0.0
S04742,New_Visitor,Referral,North America,Tablet,1,16.2,True,0,0,Tuesday,10,Jan,True,0.0
S04743,New_Visitor,Social,North America,Desktop,2,93.9,False,0,0,Friday,16,Aug,False,0.0
S04744,Returning_Visitor,Direct,South America,Mobile,4,294.4,False,0,0,Saturday,6,Jul,False,0.0
S04745,New_Visitor,Organic,Asia,Mobile,2,185.5,False,0,0,Wednesday,16,Jun,False,0.0
S04746,New_Visitor,Direct,Asia,Mobile,2,193.5,False,1,1,Thursday,18,Aug,False,0.0
S04747,New_Visitor,Direct,North America,Mobile,3,268.3,False,0,0,Wednesday,15,Sep,False,0.0
S04748,New_Visitor,Referral,South America,Desktop,1,8.8,True,0,0,Monday,9,Jan,False,0.0
S04749,New_Visitor,Organic,Asia,Tablet,2,544.8,False,0,0,Wednesday,11,Jul,False,0.0
S04750,Returning_Visitor,Paid,Oceania,Mobile,1,88.7,True,0,0,Saturday,19,Nov,False,0.0
S04751,New_Visitor,Organic,Asia,Mobile,2,13.2,False,0,0,Thursday,12,Jul,True,0.0
S04752,New_Visitor,Organic,Europe,Mobile,3,215.3,False,0,0,Wednesday,10,Jan,False,0.0
S04753,Returning_Visitor,Direct,Europe,Desktop,4,152.4,False,3,0,Wednesday,21,Oct,False,0.0
S04754,New_Visitor,Direct,North America,Mobile,4,134.1,False,0,0,Thursday,16,Dec,False,0.0
S04755,Returning_Visitor,Direct,Asia,Mobile,3,203.2,False,2,1,Wednesday,19,Nov,False,83.19
S04756,Returning_Visitor,Social,Asia,Mobile,3,33.1,False,1,0,Friday,2,May,True,0.0
S04757,New_Visitor,Direct,North America,Mobile,3,1344.3,False,2,0,Monday,11,Jul,False,0.0
S04758,Returning_Visitor,Referral,North America,Tablet,3,141.5,False,0,0,Saturday,13,Aug,False,0.0
S04759,New_Visitor,Social,North America,Desktop,2,,False,0,0,Tuesday,15,Oct,False,0.0
S04760,Returning_Visitor,Organic,Africa,Mobile,7,232.6,False,4,2,Friday,9,Sep,False,0.0
S04761,New_Visitor,Referral,North America,Desktop,3,167.6,False,1,0,Thursday,13,Mar,True,0.0
S04762,Returning_Visitor,Paid,Europe,Mobile,9,589.0,False,3,1,Saturday,16,Nov,True,0.0
S04763,Returning_Visitor,Organic,North America,Desktop,2,50.9,False,1,0,Saturday,11,Nov,False,0.0
S04764,New_Visitor,Direct,Europe,Desktop,2,74.4,False,0,0,Tuesday,17,Jun,False,0.0
S04765,New_Visitor,Paid,Asia,Desktop,11,194.8,False,5,1,Friday,12,Feb,False,0.0
S04766,Returning_Visitor,Direct,Africa,Desktop,4,354.8,False,1,0,Tuesday,13,Aug,False,0.0
S04767,Returning_Visitor,Direct,North America,Desktop,3,240.7,False,0,0,Monday,8,May,False,0.0
S04768,New_Visitor,Paid,Asia,Mobile,4,399.8,False,1,1,Sunday,16,Oct,False,0.0
S04769,Returning_Visitor,Organic,Europe,Desktop,2,145.6,False,0,0,Tuesday,10,May,False,0.0
S04770,New_Visitor,Organic,Oceania,Mobile,5,6.1,False,0,0,Tuesday,19,Apr,False,0.0
S04771,New_Visitor,Paid,North America,Desktop,1,12.7,True,0,0,Monday,14,Nov,False,0.0
S04772,New_Visitor,Paid,North America,Desktop,10,295.2,False,1,1,Thursday,14,Aug,False,0.0
S04773,New_Visitor,Direct,Europe,Desktop,2,32.0,False,1,0,Sunday,21,Feb,False,0.0
S04774,Returning_Visitor,Direct,North America,Desktop,1,45.5,True,0,0,Tuesday,9,Sep,False,0.0
S04775,New_Visitor,Social,North America,Desktop,6,822.2,False,0,0,Thursday,14,Oct,False,0.0
S04776,Returning_Visitor,Social,Asia,Tablet,7,562.6,False,1,0,Wednesday,12,Apr,False,0.0
S04777,New_Visitor,Organic,Asia,Desktop,4,74.4,False,1,0,Wednesday,22,Dec,False,0.0
S04778,New_Visitor,Organic,Europe,Mobile,3,91.2,False,1,1,Friday,18,May,False,0.0
S04779,New_Visitor,Direct,Asia,Desktop,8,25.6,False,2,1,Thursday,18,Dec,False,0.0
S04780,New_Visitor,Paid,Europe,Tablet,3,1.1,False,0,0,Wednesday,9,Apr,False,0.0
S04781,New_Visitor,Paid,Asia,Desktop,5,166.1,False,3,0,Saturday,10,Aug,True,0.0
S04782,New_Visitor,Paid,Asia,Tablet,2,156.2,False,0,0,Monday,3,Jul,True,0.0
S04783,Returning_Visitor,Paid,Asia,Desktop,4,473.3,False,2,1,Monday,16,Dec,False,0.0
S04784,New_Visitor,Referral,North America,Desktop,,711.5,False,5,2,Sunday,12,Jun,False,0.0
S04785,New_Visitor,Direct,North America,Mobile,2,23.9,False,0,0,Saturday,11,Mar,False,0.0
S04786,New_Visitor,Social,Europe,Mobile,4,72.7,False,3,2,Saturday,16,Nov,True,35.53
S04787,Returning_Visitor,Social,Europe,Desktop,1,35.4,True,0,0,Friday,19,Jan,False,0.0
S04788,Returning_Visitor,Direct,South America,Desktop,4,251.7,False,1,0,Wednesday,8,Nov,False,0.0
S04789,New_Visitor,Organic,Europe,Mobile,2,,False,0,0,Friday,21,Feb,False,0.0
S04790,New_Visitor,Paid,North America,Desktop,7,771.3,False,5,2,Monday,4,Aug,False,0.0
S04791,New_Visitor,Direct,North America,Mobile,2,2.2,False,1,0,Saturday,8,Oct,False,0.0
S04792,Returning_Visitor,Direct,North America,Mobile,2,581.3,False,0,0,Thursday,19,May,False,0.0
S04793,New_Visitor,Referral,Asia,Mobile,12,1800.0,False,5,1,Sunday,13,Nov,True,0.0
S04794,New_Visitor,Referral,Europe,Desktop,1,9.7,True,0,0,Friday,21,Aug,False,0.0
S04795,New_Visitor,Organic,Asia,Mobile,,8.9,False,1,0,Tuesday,13,Jun,False,0.0
S04796,New_Visitor,Social,Europe,Desktop,6,346.1,False,2,1,Thursday,21,May,False,34.86
S04797,New_Visitor,Organic,Africa,Desktop,2,153.4,False,0,0,Monday,10,Feb,False,0.0
S04798,Returning_Visitor,Organic,Oceania,Mobile,1,38.7,True,0,0,Saturday,15,Sep,False,0.0
S04799,New_Visitor,Direct,Asia,Tablet,7,137.0,False,3,1,Thursday,23,May,False,0.0
S04800,Returning_Visitor,Social,Africa,Desktop,3,183.5,False,0,0,Wednesday,12,May,False,0.0
S04801,New_Visitor,Paid,Europe,Desktop,1,60.6,True,0,0,Sunday,0,Dec,False,0.0
S04802,New_Visitor,Social,Oceania,Mobile,1,9.6,True,0,0,Sunday,7,Apr,False,0.0
S04803,Returning_Visitor,Paid,South America,Desktop,5,482.1,False,1,0,Sunday,20,Nov,False,0.0
S04804,New_Visitor,Organic,Oceania,Mobile,4,332.2,False,1,1,Tuesday,13,Dec,False,0.0
S04805,Returning_Visitor,Organic,Asia,Tablet,4,21.3,False,0,0,Saturday,14,Nov,False,0.0
S04806,New_Visitor,Referral,South America,Tablet,3,111.7,False,2,0,Sunday,19,Jan,False,0.0
S04807,New_Visitor,Organic,Europe,Desktop,5,150.0,False,1,1,Friday,19,Nov,False,0.0
S04808,Returning_Visitor,Social,North America,Mobile,6,223.5,False,1,0,Tuesday,13,Mar,False,0.0
S04809,New_Visitor,Referral,Europe,Tablet,2,74.2,False,0,0,Saturday,20,May,False,0.0
S04810,Returning_Visitor,Paid,Africa,Desktop,7,311.8,False,3,1,Sunday,13,Dec,False,109.16
S04811,New_Visitor,Organic,North America,Mobile,3,58.4,False,1,0,Friday,16,Jun,False,0.0
S04812,Returning_Visitor,Direct,Asia,Desktop,1,38.1,True,0,0,Wednesday,4,Sep,False,0.0
S04813,New_Visitor,Direct,Europe,Desktop,1,6.3,True,0,0,Tuesday,8,May,False,0.0
S04814,New_Visitor,Organic,Europe,Tablet,4,46.7,False,0,0,Friday,19,May,False,0.0
S04815,Returning_Visitor,Referral,Africa,Mobile,2,11.1,False,0,0,Thursday,11,Aug,False,0.0
S04816,Returning_Visitor,Direct,Africa,Desktop,1,12.4,True,0,0,Friday,11,Dec,False,0.0
S04817,Returning_Visitor,Direct,Asia,Mobile,3,0.8,False,1,0,Monday,16,Apr,False,0.0
S04818,Returning_Visitor,Direct,North America,Mobile,5,11.6,False,3,0,Monday,15,Apr,False,0.0
S04819,Returning_Visitor,Organic,Europe,Tablet,1,95.6,True,0,0,Wednesday,7,Jan,False,0.0
S04820,New_Visitor,Direct,Europe,Desktop,2,26.6,False,0,0,Tuesday,18,Mar,False,0.0
S04821,New_Visitor,Direct,Europe,Desktop,5,220.2,False,1,0,Friday,15,Apr,False,0.0
S04822,New_Visitor,Organic,North America,Desktop,8,222.1,False,1,0,Wednesday,20,Jan,False,0.0
S04823,New_Visitor,Direct,Europe,Mobile,1,23.9,True,0,0,Friday,14,Aug,False,0.0
S04824,New_Visitor,Organic,Europe,Desktop,4,466.9,False,1,1,Saturday,12,Feb,False,0.0
S04825,New_Visitor,Direct,Asia,Desktop,3,119.9,False,1,0,Tuesday,12,Jul,False,0.0
S04826,New_Visitor,Organic,Europe,Tablet,3,130.9,False,1,0,Sunday,0,Mar,False,0.0
S04827,Returning_Visitor,Direct,Europe,Tablet,1,36.9,True,0,0,Saturday,5,Dec,False,0.0
S04828,New_Visitor,Referral,North America,Mobile,5,94.0,False,2,0,Friday,8,May,False,0.0
S04829,New_Visitor,Referral,Oceania,Tablet,2,138.0,False,1,0,Sunday,21,Feb,False,0.0
S04830,New_Visitor,Social,Europe,Tablet,1,2.9,True,0,0,Tuesday,20,Nov,False,0.0
S04831,Returning_Visitor,Direct,North America,Mobile,6,119.0,False,1,0,Wednesday,13,Jun,False,0.0
S04832,Returning_Visitor,Direct,Europe,Mobile,2,130.0,False,1,1,Monday,9,Nov,False,0.0
S04833,Returning_Visitor,Social,Africa,Tablet,1,2.0,True,0,0,Thursday,8,May,False,0.0
S04834,New_Visitor,Direct,South America,Mobile,2,3.1,False,1,1,Thursday,10,Jul,False,0.0
S04835,New_Visitor,Social,Asia,Desktop,1,28.0,True,0,0,Friday,21,Jun,False,0.0
S04836,New_Visitor,Direct,North America,Desktop,5,86.8,False,2,1,Monday,14,Aug,False,10.48
S04837,New_Visitor,Direct,Asia,Desktop,1,72.4,True,0,0,Monday,19,Jun,False,0.0
S04838,New_Visitor,Social,South America,Tablet,4,338.5,False,2,1,Wednesday,14,Jul,False,0.0
S04839,New_Visitor,Organic,Asia,Mobile,1,2.2,True,0,0,Tuesday,15,Sep,False,0.0
S04840,New_Visitor,Direct,Africa,Tablet,1,34.4,True,0,0,Saturday,15,Jun,False,0.0
S04841,Returning_Visitor,Organic,North America,Mobile,2,344.2,False,0,0,Friday,4,Sep,False,0.0
S04842,Returning_Visitor,Direct,North America,Desktop,9,202.7,False,1,0,Wednesday,13,Oct,False,0.0
S04843,New_Visitor,Organic,Africa,Mobile,8,105.3,False,1,0,Monday,20,Oct,False,63.39
S04844,New_Visitor,Referral,Asia,Desktop,1,44.2,True,0,0,Tuesday,13,Jul,False,0.0
S04845,New_Visitor,Social,North America,Desktop,2,71.9,False,0,0,Friday,12,Jan,False,0.0
S04846,New_Visitor,Social,Europe,Mobile,2,29.7,False,1,0,Sunday,14,Oct,False,0.0
S04847,Returning_Visitor,Direct,Africa,Mobile,1,15.4,True,0,0,Wednesday,12,Dec,False,0.0
S04848,New_Visitor,Paid,North America,Mobile,2,139.3,False,1,0,Saturday,14,Sep,False,0.0
S04849,Returning_Visitor,Referral,North America,Desktop,5,117.0,False,1,0,Sunday,8,Jul,False,0.0
S04850,New_Visitor,Direct,North America,Mobile,1,256.2,True,0,0,Monday,22,Aug,False,0.0
S04851,Returning_Visitor,Social,Africa,Desktop,4,82.1,False,2,0,Sunday,4,Sep,False,0.0
S04852,New_Visitor,Social,Africa,Mobile,1,47.6,True,0,0,Thursday,13,Dec,False,0.0
S04853,Returning_Visitor,Social,Europe,Desktop,4,18.2,False,1,1,Sunday,9,Jan,False,0.0
S04854,New_Visitor,Organic,Asia,Mobile,4,185.8,False,1,0,Thursday,6,Jan,False,0.0
S04855,Returning_Visitor,Direct,Europe,Desktop,4,148.2,False,1,0,Tuesday,16,Dec,False,0.0
S04856,New_Visitor,Paid,North America,Desktop,6,,False,3,0,Sunday,23,Jun,False,0.0
S04857,New_Visitor,Direct,South America,Mobile,7,235.8,False,2,0,Tuesday,18,Aug,False,0.0
S04858,Returning_Visitor,Referral,North America,Mobile,5,59.0,False,2,0,Sunday,10,Oct,False,0.0
S04859,Returning_Visitor,Referral,Europe,Mobile,2,205.9,False,0,0,Tuesday,13,Oct,False,0.0
S04860,Returning_Visitor,Social,Asia,Mobile,1,152.9,True,0,0,Friday,6,Sep,False,0.0
S04861,Returning_Visitor,Organic,North America,Tablet,9,981.2,False,3,2,Wednesday,14,Jul,False,0.0
S04862,Returning_Visitor,Referral,Europe,Tablet,3,294.1,False,0,0,Sunday,8,Aug,False,0.0
S04863,New_Visitor,Organic,Asia,Desktop,3,143.1,False,2,1,Tuesday,18,Oct,False,0.0
S04864,New_Visitor,Referral,Asia,Desktop,1,24.4,True,0,0,Wednesday,6,Nov,False,0.0
S04865,New_Visitor,Social,North America,Mobile,4,45.3,False,0,0,Friday,0,Feb,False,0.0
S04866,Returning_Visitor,Organic,North America,Desktop,16,1644.9,False,7,2,Sunday,20,Apr,False,11.95
S04867,New_Visitor,Referral,Asia,Desktop,2,5.3,False,1,1,Wednesday,21,Jun,False,0.0
S04868,New_Visitor,Direct,Oceania,Desktop,5,59.9,False,2,0,Wednesday,7,Sep,False,0.0
S04869,Returning_Visitor,Organic,North America,Desktop,2,61.6,False,1,0,Thursday,10,Jun,True,0.0
S04870,Returning_Visitor,Direct,Oceania,Mobile,3,39.0,False,1,1,Tuesday,17,Apr,False,0.0
S04871,New_Visitor,Organic,Asia,Desktop,1,52.5,True,0,0,Saturday,14,Jan,False,0.0
S04872,New_Visitor,Direct,South America,Desktop,3,231.8,False,0,0,Monday,22,Nov,False,0.0
S04873,New_Visitor,Direct,North America,Tablet,2,287.7,False,1,0,Friday,12,Jun,False,0.0
S04874,New_Visitor,Social,Europe,Tablet,1,14.2,True,0,0,Thursday,0,May,True,0.0
S04875,New_Visitor,Social,North America,Tablet,2,39.4,False,0,0,Tuesday,2,Jul,False,0.0
S04876,Returning_Visitor,Referral,Europe,Desktop,1,75.7,True,0,0,Thursday,14,Feb,False,0.0
S04877,Returning_Visitor,Organic,Oceania,Desktop,2,29.4,False,0,0,Saturday,18,Jun,False,0.0
S04878,Returning_Visitor,Paid,North America,Desktop,12,348.6,False,5,2,Thursday,18,Oct,True,0.0
S04879,New_Visitor,Referral,Asia,Desktop,2,168.0,False,0,0,Monday,21,Oct,False,0.0
S04880,Returning_Visitor,Organic,North America,Desktop,3,84.8,False,2,0,Monday,10,Oct,False,0.0
S04881,New_Visitor,Social,Asia,Tablet,1,9.5,True,0,0,Saturday,17,Jul,False,0.0
S04882,New_Visitor,Organic,North America,Tablet,1,18.8,True,0,0,Wednesday,19,May,False,0.0
S04883,Returning_Visitor,Referral,North America,Mobile,2,10.1,False,0,0,Sunday,19,Nov,False,0.0
S04884,New_Visitor,Direct,Europe,Mobile,3,201.8,False,0,0,Friday,12,Mar,False,0.0
S04885,New_Visitor,Direct,South America,Mobile,4,11.3,False,1,0,Thursday,15,Oct,False,0.0
S04886,Returning_Visitor,Paid,North America,Mobile,2,102.4,False,0,0,Thursday,14,Nov,False,0.0
S04887,New_Visitor,Direct,North America,Tablet,1,179.8,True,0,0,Thursday,15,Apr,False,0.0
S04888,Returning_Visitor,Organic,North America,Mobile,1,117.9,True,0,0,Sunday,10,Mar,False,0.0
S04889,New_Visitor,Paid,Oceania,Desktop,1,4.5,True,0,0,Thursday,16,Jul,False,0.0
S04890,Returning_Visitor,Paid,Asia,Desktop,8,601.7,False,4,1,Monday,17,Mar,False,0.0
S04891,New_Visitor,Referral,Asia,Mobile,1,70.3,True,0,0,Friday,9,Nov,True,0.0
S04892,New_Visitor,Direct,Asia,Desktop,1,21.3,True,0,0,Friday,13,Apr,False,0.0
S04893,Returning_Visitor,Organic,North America,Tablet,2,13.9,False,0,0,Saturday,12,May,False,0.0
S04894,New_Visitor,Social,Asia,Mobile,4,461.9,False,1,0,Sunday,18,Nov,False,0.0
S04895,New_Visitor,Organic,North America,Mobile,2,97.0,False,1,0,Thursday,16,Mar,False,0.0
S04896,New_Visitor,Organic,Europe,Desktop,1,71.9,True,0,0,Wednesday,13,Nov,True,0.0
S04897,New_Visitor,Direct,Asia,Mobile,6,220.4,False,2,1,Thursday,16,Mar,False,0.0
S04898,New_Visitor,Organic,Asia,Desktop,4,60.4,False,1,0,Sunday,10,Dec,False,0.0
S04899,New_Visitor,Organic,North America,Mobile,2,36.2,False,0,0,Sunday,10,May,False,0.0
S04900,Returning_Visitor,Direct,North America,Desktop,4,183.7,False,0,0,Sunday,10,Apr,False,0.0
S04901,New_Visitor,Organic,South America,Tablet,1,16.0,True,0,0,Tuesday,3,Jul,False,0.0
S04902,New_Visitor,Organic,Asia,Mobile,3,91.6,False,1,0,Thursday,17,May,False,0.0
S04903,New_Visitor,Organic,North America,Mobile,7,32.5,False,4,0,Tuesday,23,Mar,False,0.0
S04904,New_Visitor,Organic,North America,Tablet,1,324.3,True,0,0,Wednesday,11,May,False,0.0
S04905,Returning_Visitor,Social,Africa,Tablet,6,345.2,False,0,0,Monday,21,Oct,False,0.0
S04906,New_Visitor,Social,South America,Desktop,5,47.4,False,1,0,Tuesday,15,Nov,False,0.0
S04907,Returning_Visitor,Direct,Oceania,Mobile,9,75.3,False,2,0,Wednesday,10,Nov,False,0.0
S04908,New_Visitor,Direct,North America,Desktop,3,118.8,False,0,0,Wednesday,1,Oct,False,0.0
S04909,Returning_Visitor,Organic,Europe,Mobile,1,1.5,True,0,0,Tuesday,17,Jan,False,0.0
S04910,New_Visitor,Organic,North America,Desktop,2,63.7,False,0,0,Tuesday,17,Jun,False,0.0
S04911,Returning_Visitor,Organic,Asia,Mobile,4,695.7,False,0,0,Saturday,10,Mar,False,0.0
S04912,Returning_Visitor,Direct,North America,Mobile,1,104.0,True,0,0,Wednesday,11,Feb,False,0.0
S04913,New_Visitor,Social,North America,Mobile,2,319.0,False,1,1,Friday,20,Oct,False,0.0
S04914,New_Visitor,Referral,North America,Mobile,4,28.3,False,1,1,Wednesday,9,Nov,False,0.0
S04915,New_Visitor,Direct,Asia,Mobile,3,83.4,False,1,1,Saturday,19,Nov,False,0.0
S04916,Returning_Visitor,Organic,Europe,Desktop,1,48.6,True,0,0,Tuesday,9,Dec,False,0.0
S04917,New_Visitor,Social,Asia,Mobile,3,229.3,False,0,0,Tuesday,13,Aug,False,0.0
S04918,New_Visitor,Direct,Africa,Mobile,3,89.7,False,2,0,Friday,13,Dec,False,0.0
S04919,Returning_Visitor,Social,Asia,Mobile,4,92.2,False,1,0,Sunday,13,Jul,False,0.0
S04920,New_Visitor,Direct,Europe,Tablet,1,21.8,True,0,0,Monday,10,Nov,False,0.0
S04921,Returning_Visitor,Social,Oceania,Desktop,2,187.0,False,1,0,Monday,10,Feb,False,0.0
S04922,Returning_Visitor,Paid,Europe,Mobile,7,202.0,False,2,1,Sunday,17,Mar,False,0.0
S04923,Returning_Visitor,Paid,North America,Mobile,1,1.0,True,0,0,Monday,10,Aug,False,0.0
S04924,Returning_Visitor,Direct,Oceania,Desktop,4,352.9,False,2,0,Tuesday,15,Feb,False,8.93
S04925,New_Visitor,Direct,North America,Desktop,,10.6,True,0,0,Sunday,19,Feb,False,0.0
S04926,New_Visitor,Organic,Europe,Mobile,2,118.7,False,0,0,Saturday,19,Mar,False,0.0
S04927,New_Visitor,Paid,Europe,Desktop,7,12.6,False,3,0,Wednesday,9,Oct,False,0.0
S04928,New_Visitor,Direct,Europe,Mobile,2,58.7,False,1,0,Sunday,16,Dec,False,0.0
S04929,Returning_Visitor,Organic,Asia,Mobile,3,109.6,False,0,0,Thursday,15,May,False,0.0
S04930,Returning_Visitor,Direct,North America,Mobile,1,216.9,True,0,0,Monday,10,Dec,False,0.0
S04931,New_Visitor,Organic,Asia,Mobile,2,11.1,False,1,0,Friday,12,Nov,False,0.0
S04932,New_Visitor,Direct,South America,Tablet,1,83.5,True,0,0,Thursday,10,Apr,False,0.0
S04933,Returning_Visitor,Referral,North America,Desktop,3,602.2,False,1,0,Friday,14,Aug,True,0.0
S04934,New_Visitor,Direct,Europe,Mobile,2,38.9,False,0,0,Sunday,19,Dec,False,0.0
S04935,New_Visitor,Organic,North America,Mobile,1,15.3,True,0,0,Tuesday,20,Nov,False,0.0
S04936,New_Visitor,Paid,South America,Desktop,24,1800.0,False,4,1,Friday,17,May,False,29.36
S04937,Returning_Visitor,Social,Asia,Tablet,1,40.3,True,0,0,Thursday,13,May,False,0.0
S04938,Returning_Visitor,Social,Africa,Tablet,6,622.5,False,1,0,Tuesday,22,Nov,False,0.0
S04939,Returning_Visitor,Direct,North America,Desktop,1,95.0,True,0,0,Friday,14,Aug,False,0.0
S04940,Returning_Visitor,Social,North America,Mobile,6,142.0,False,1,0,Friday,13,Mar,False,0.0
S04941,New_Visitor,Direct,North America,Mobile,2,24.9,False,0,0,Saturday,20,May,False,0.0
S04942,New_Visitor,Organic,North America,Desktop,6,436.9,False,2,1,Sunday,9,Sep,False,0.0
S04943,Returning_Visitor,Organic,Europe,Tablet,5,208.7,False,2,0,Thursday,9,Mar,False,0.0
S04944,New_Visitor,Direct,Oceania,Mobile,3,121.4,False,2,1,Wednesday,18,Sep,False,0.0
S04945,Returning_Visitor,Organic,Europe,Mobile,2,94.8,False,0,0,Thursday,20,Oct,False,0.0
S04946,Returning_Visitor,Paid,Oceania,Desktop,4,6.2,False,1,1,Wednesday,7,Apr,False,112.63
S04947,Returning_Visitor,Organic,North America,Desktop,6,1.8,False,3,0,Tuesday,18,Jun,False,0.0
S04948,Returning_Visitor,Direct,Africa,Desktop,3,67.9,False,0,0,Thursday,12,Dec,True,0.0
S04949,Returning_Visitor,Direct,North America,Mobile,2,46.9,False,0,0,Friday,17,Oct,False,0.0
S04950,Returning_Visitor,Direct,Africa,Mobile,1,76.1,True,0,0,Friday,8,Oct,False,0.0
S04951,New_Visitor,Referral,North America,Desktop,7,165.5,False,2,0,Sunday,22,Jul,False,0.0
S04952,New_Visitor,Organic,Oceania,Desktop,1,,True,0,0,Wednesday,20,Mar,False,0.0
S04953,New_Visitor,Social,North America,Mobile,1,47.8,True,0,0,Wednesday,12,Aug,False,0.0
S04954,Returning_Visitor,Direct,Europe,Mobile,1,53.7,True,0,0,Friday,20,Oct,False,0.0
S04955,New_Visitor,Referral,Europe,Mobile,5,121.6,False,2,1,Friday,20,Jan,False,0.0
S04956,Returning_Visitor,Social,Europe,Mobile,4,196.0,False,1,0,Monday,13,Feb,False,0.0
S04957,New_Visitor,Paid,Asia,Desktop,1,57.7,True,0,0,Wednesday,22,Jul,False,0.0
S04958,Returning_Visitor,Social,Oceania,Desktop,3,54.5,False,1,0,Tuesday,22,Jun,False,0.0
S04959,New_Visitor,Referral,Asia,Desktop,1,16.1,True,0,0,Saturday,10,Dec,False,0.0
S04960,Returning_Visitor,Direct,Asia,Mobile,2,265.3,False,1,0,Sunday,7,Feb,False,0.0
S04961,New_Visitor,Direct,North America,Desktop,5,312.8,False,2,1,Tuesday,11,May,False,0.0
S04962,New_Visitor,Social,Asia,Mobile,1,22.4,True,0,0,Monday,13,Nov,False,0.0
S04963,New_Visitor,Paid,Europe,Mobile,1,48.0,True,0,0,Tuesday,7,Aug,False,0.0
S04964,Returning_Visitor,Organic,Africa,Tablet,1,73.7,True,0,0,Tuesday,8,Aug,False,0.0
S04965,New_Visitor,Direct,Europe,Tablet,2,2.7,False,1,0,Tuesday,22,Oct,False,0.0
S04966,New_Visitor,Social,Asia,Tablet,1,151.4,True,0,0,Tuesday,17,Jan,False,0.0
S04967,Returning_Visitor,Direct,North America,Mobile,4,303.1,False,0,0,Thursday,20,Dec,False,0.0
S04968,Returning_Visitor,Direct,North America,Mobile,5,149.4,False,1,0,Wednesday,22,Mar,False,0.0
S04969,Returning_Visitor,Direct,Europe,Mobile,1,161.5,True,0,0,Thursday,12,Feb,False,0.0
S04970,New_Visitor,Referral,Europe,Tablet,1,3.4,True,0,0,Wednesday,16,May,False,0.0
S04971,New_Visitor,Paid,North America,Tablet,3,252.6,False,1,1,Saturday,9,Oct,False,0.0
S04972,Returning_Visitor,Direct,North America,Desktop,5,224.1,False,1,0,Sunday,14,Apr,False,23.33
S04973,New_Visitor,Organic,South America,Desktop,10,655.8,False,2,1,Wednesday,9,Jan,False,0.0
S04974,Returning_Visitor,Organic,North America,Mobile,2,76.5,False,0,0,Monday,9,Jan,False,0.0
S04975,New_Visitor,Organic,Africa,Mobile,8,76.4,False,5,1,Tuesday,8,Apr,False,0.0
S04976,New_Visitor,Referral,North America,Mobile,1,18.1,True,0,0,Monday,15,Feb,False,0.0
S04977,New_Visitor,Direct,North America,Tablet,1,37.3,True,0,0,Wednesday,22,May,False,0.0
S04978,New_Visitor,Organic,Asia,Mobile,5,753.4,False,1,0,Friday,8,Mar,False,0.0
S04979,New_Visitor,Referral,Europe,Desktop,2,8.5,False,1,0,Thursday,13,May,False,0.0
S04980,New_Visitor,Social,Europe,Tablet,1,6.6,True,0,0,Tuesday,16,Jun,False,0.0
S04981,Returning_Visitor,Organic,Asia,Desktop,1,9.9,True,0,0,Saturday,13,Oct,False,0.0
S04982,New_Visitor,Direct,North America,Desktop,1,60.0,True,0,0,Monday,21,Apr,False,0.0
S04983,Returning_Visitor,Paid,Asia,Mobile,2,54.7,False,1,0,Tuesday,9,Jul,False,0.0
S04984,Returning_Visitor,Direct,Europe,Desktop,4,38.8,False,1,0,Friday,2,Nov,False,0.0
S04985,Returning_Visitor,Social,Europe,Desktop,4,31.2,False,0,0,Tuesday,12,Dec,True,59.17
S04986,New_Visitor,Direct,South America,Desktop,25,1682.0,False,6,3,Friday,14,Aug,False,21.32
S04987,Returning_Visitor,Social,Asia,Desktop,3,111.8,False,1,0,Sunday,10,Jun,False,0.0
S04988,Returning_Visitor,Social,Europe,Mobile,1,123.7,True,0,0,Saturday,9,Sep,False,0.0
S04989,Returning_Visitor,Referral,South America,Desktop,12,372.6,False,6,2,Tuesday,19,Jul,False,0.0
S04990,Returning_Visitor,Paid,Africa,Mobile,4,255.9,False,1,0,Thursday,9,Mar,False,0.0
S04991,Returning_Visitor,Paid,Europe,Desktop,2,190.7,False,1,1,Wednesday,13,Jun,False,18.88
S04992,Returning_Visitor,Referral,North America,Mobile,1,184.3,True,0,0,Sunday,22,Dec,True,0.0
S04993,New_Visitor,Organic,Africa,Desktop,1,122.1,True,0,0,Sunday,15,Sep,False,0.0
S04994,Returning_Visitor,Direct,North America,Desktop,10,895.8,False,2,0,Monday,13,Apr,False,0.0
S04995,New_Visitor,Social,North America,Desktop,2,63.9,False,1,0,Sunday,11,Dec,False,0.0
S04996,Returning_Visitor,Referral,Europe,Desktop,3,731.4,False,1,0,Tuesday,14,Jun,False,0.0
S04997,New_Visitor,Organic,Asia,Mobile,6,110.7,False,2,0,Wednesday,17,Jun,False,0.0
S04998,New_Visitor,Organic,Africa,Mobile,10,649.6,False,5,1,Wednesday,19,Aug,False,0.0
S04999,Returning_Visitor,Referral,Asia,Tablet,1,8.4,True,0,0,Tuesday,16,Aug,False,0.0
S05000,Returning_Visitor,Organic,Oceania,Tablet,14,782.2,False,6,1,Saturday,18,Apr,True,0.0
S05001,New_Visitor,Direct,North America,Mobile,1,70.2,True,0,0,Wednesday,7,Jul,True,0.0
S05002,New_Visitor,Social,North America,Desktop,6,34.1,False,4,2,Saturday,1,May,False,0.0
S05003,Returning_Visitor,Referral,Asia,Mobile,10,209.7,False,7,2,Sunday,17,Oct,False,0.0
S05004,New_Visitor,Organic,Oceania,Desktop,3,184.7,False,1,1,Saturday,10,Feb,False,0.0
S05005,Returning_Visitor,Organic,Europe,Mobile,3,165.9,False,1,0,Wednesday,20,Oct,False,0.0
S05006,New_Visitor,Organic,North America,Desktop,4,264.8,False,1,0,Friday,14,Mar,False,0.0
S05007,Returning_Visitor,Organic,North America,Mobile,2,15.9,False,0,0,Thursday,13,May,False,0.0
S05008,Returning_Visitor,Referral,North America,Tablet,1,43.5,True,0,0,Saturday,18,May,False,0.0
S05009,New_Visitor,Direct,Europe,Desktop,1,157.5,True,0,0,Tuesday,17,Dec,False,0.0
S05010,New_Visitor,Organic,North America,Mobile,7,1291.1,False,2,0,Friday,17,Aug,False,22.3
S05011,New_Visitor,Organic,Africa,Mobile,3,24.4,False,1,0,Saturday,17,Oct,False,0.0
S05012,Returning_Visitor,Organic,Europe,Desktop,4,539.5,False,1,0,Saturday,14,Aug,False,0.0
S05013,New_Visitor,Paid,Asia,Tablet,2,103.1,False,1,0,Sunday,21,Dec,False,0.0
S05014,Returning_Visitor,Direct,North America,Desktop,5,419.4,False,2,0,Monday,20,Mar,False,0.0
S05015,New_Visitor,Paid,North America,Desktop,2,19.6,False,1,1,Wednesday,11,Aug,False,14.69
S05016,New_Visitor,Social,Asia,Mobile,1,80.3,True,0,0,Thursday,19,Nov,False,0.0
S05017,New_Visitor,Direct,Africa,Desktop,2,8.8,False,0,0,Wednesday,20,Sep,False,0.0
S05018,New_Visitor,Social,Europe,Desktop,6,360.9,False,3,2,Wednesday,15,Dec,False,0.0
S05019,Returning_Visitor,Organic,Africa,Mobile,7,463.2,False,3,0,Tuesday,14,Aug,False,0.0
S05020,Returning_Visitor,Referral,South America,Mobile,9,,False,5,1,Saturday,16,Nov,False,0.0
S05021,Returning_Visitor,Organic,North America,Mobile,3,10.9,False,2,0,Sunday,9,Mar,False,0.0
S05022,New_Visitor,Social,North America,Mobile,10,290.9,False,3,0,Monday,7,Apr,False,0.0
S05023,Returning_Visitor,Organic,Asia,Desktop,3,245.5,False,1,0,Tuesday,19,Jun,False,0.0
S05024,Returning_Visitor,Social,Europe,Mobile,1,95.6,True,0,0,Tuesday,15,Nov,False,0.0
S05025,Returning_Visitor,Organic,North America,Desktop,3,,False,1,0,Thursday,8,Jun,False,0.0
S05026,New_Visitor,Paid,Europe,Tablet,7,74.2,False,2,0,Saturday,12,Sep,False,0.0
S05027,New_Visitor,Direct,Europe,Desktop,5,207.6,False,2,2,Monday,11,Jun,False,0.0
S05028,New_Visitor,Referral,Africa,Desktop,2,126.1,False,0,0,Friday,20,Nov,False,0.0
S05029,Returning_Visitor,Direct,North America,Tablet,1,151.8,True,0,0,Monday,14,Mar,False,0.0
S05030,New_Visitor,Direct,North America,Tablet,3,205.9,False,0,0,Sunday,15,Aug,False,0.0
S05031,New_Visitor,Referral,Europe,Mobile,9,934.0,False,4,0,Sunday,10,Aug,False,0.0
S05032,New_Visitor,Paid,Asia,Desktop,1,18.5,True,0,0,Sunday,19,Jun,False,0.0
S05033,Returning_Visitor,Organic,Asia,Mobile,6,644.8,False,2,1,Monday,21,Oct,False,0.0
S05034,Returning_Visitor,Paid,Oceania,Desktop,1,56.8,True,0,0,Thursday,18,Jan,False,0.0
S05035,New_Visitor,Referral,South America,Mobile,8,382.2,False,2,1,Tuesday,13,Nov,False,0.0
S05036,New_Visitor,Social,Asia,Desktop,4,74.5,False,0,0,Friday,19,May,False,0.0
S05037,Returning_Visitor,Direct,North America,Desktop,1,13.7,True,0,0,Tuesday,9,Nov,False,0.0
S05038,Returning_Visitor,Direct,Europe,Mobile,1,47.1,True,0,0,Saturday,8,May,False,0.0
S05039,Returning_Visitor,Paid,Asia,Desktop,8,,False,2,0,Friday,13,Mar,False,0.0
S05040,Returning_Visitor,Direct,South America,Mobile,,48.3,False,0,0,Friday,9,Jun,True,0.0
S05041,Returning_Visitor,Direct,Oceania,Mobile,2,39.2,False,1,0,Saturday,10,Nov,False,0.0
S05042,Returning_Visitor,Organic,Asia,Mobile,1,177.3,True,0,0,Thursday,15,Oct,False,0.0
S05043,New_Visitor,Organic,Europe,Desktop,1,1.6,True,0,0,Tuesday,12,Jun,False,0.0
S05044,Returning_Visitor,Referral,North America,Tablet,4,159.4,False,3,1,Friday,20,Dec,False,54.64
S05045,Returning_Visitor,Social,North America,Desktop,5,225.7,False,3,0,Sunday,10,Jun,False,0.0
S05046,Returning_Visitor,Referral,North America,Desktop,7,473.0,False,1,0,Friday,23,May,False,0.0
S05047,New_Visitor,Organic,North America,Mobile,3,38.8,False,1,0,Friday,11,Mar,False,0.0
S05048,New_Visitor,Direct,Europe,Desktop,2,101.7,False,1,1,Sunday,14,Feb,True,0.0
S05049,New_Visitor,Direct,Europe,Desktop,3,20.9,False,2,1,Thursday,8,May,False,0.0
S05050,New_Visitor,Direct,Asia,Desktop,3,55.9,False,1,0,Sunday,15,Feb,True,0.0
S05051,New_Visitor,Paid,Europe,Tablet,1,0.9,True,0,0,Tuesday,22,Jul,False,0.0
S05052,Returning_Visitor,Social,Asia,Tablet,9,326.2,False,3,0,Thursday,18,Nov,False,0.0
S05053,New_Visitor,Organic,Europe,Mobile,4,46.2,False,1,0,Tuesday,10,Jul,False,0.0
S05054,New_Visitor,Paid,North America,Desktop,1,6.1,True,0,0,Thursday,13,Jul,False,0.0
S05055,New_Visitor,Direct,Oceania,Desktop,10,253.2,False,4,1,Tuesday,12,Apr,False,0.0
S05056,Returning_Visitor,Social,North America,Desktop,10,49.5,False,3,2,Tuesday,8,Mar,False,11.01
S05057,New_Visitor,Organic,Oceania,Desktop,9,589.6,False,2,1,Tuesday,20,Apr,True,0.0
S05058,New_Visitor,Referral,Europe,Desktop,7,94.2,False,3,0,Wednesday,12,Aug,False,0.0
S05059,Returning_Visitor,Organic,Europe,Mobile,1,74.3,True,0,0,Monday,13,Aug,False,0.0
S05060,New_Visitor,Direct,North America,Mobile,12,1318.8,False,7,4,Saturday,11,Apr,False,33.2
S05061,Returning_Visitor,Organic,North America,Desktop,5,405.6,False,2,1,Tuesday,9,Jun,False,0.0
S05062,Returning_Visitor,Organic,Europe,Mobile,4,345.4,False,2,1,Wednesday,21,Aug,False,0.0
S05063,New_Visitor,Organic,Asia,Mobile,9,557.4,False,3,1,Monday,5,Oct,False,25.46
S05064,New_Visitor,Organic,North America,Mobile,2,56.7,False,0,0,Monday,12,May,False,0.0
S05065,Returning_Visitor,Organic,Asia,Desktop,9,,False,6,3,Sunday,17,Apr,False,0.0
S05066,New_Visitor,Referral,North America,Tablet,3,151.5,False,2,0,Saturday,11,Oct,False,0.0
S05067,New_Visitor,Organic,Europe,Mobile,3,51.3,False,1,1,Saturday,13,Jul,False,9.08
S05068,New_Visitor,Referral,Africa,Desktop,4,101.4,False,1,0,Wednesday,14,Nov,False,0.0
S05069,Returning_Visitor,Organic,Africa,Mobile,5,50.6,False,1,1,Monday,23,Mar,False,0.0
S05070,New_Visitor,Paid,Europe,Desktop,2,181.8,False,1,0,Monday,18,Oct,False,0.0
S05071,Returning_Visitor,Paid,North America,Mobile,12,957.9,False,3,0,Friday,22,Mar,False,0.0
S05072,Returning_Visitor,Organic,North America,Mobile,1,42.0,True,0,0,Saturday,17,Aug,False,0.0
S05073,New_Visitor,Referral,Oceania,Mobile,8,221.5,False,5,2,Sunday,10,Apr,False,0.0
S05074,New_Visitor,Organic,North America,Mobile,4,286.3,False,2,2,Tuesday,10,Feb,False,0.0
S05075,Returning_Visitor,Paid,South America,Mobile,8,42.5,False,2,0,Wednesday,19,Aug,False,0.0
S05076,New_Visitor,Direct,Europe,Desktop,2,5.9,False,0,0,Monday,12,Jul,False,0.0
S05077,Returning_Visitor,Organic,Oceania,Desktop,6,433.2,False,1,0,Saturday,12,Jul,False,0.0
S05078,New_Visitor,Direct,Europe,Desktop,3,143.8,False,0,0,Tuesday,21,Aug,False,0.0
S05079,New_Visitor,Organic,Europe,Desktop,6,475.7,False,2,0,Thursday,1,May,False,0.0
S05080,New_Visitor,Direct,Asia,Desktop,2,39.3,False,0,0,Sunday,14,Sep,False,0.0
S05081,New_Visitor,Referral,Oceania,Mobile,8,55.0,False,2,1,Saturday,18,Feb,False,0.0
S05082,New_Visitor,Direct,Oceania,Desktop,8,269.8,False,3,1,Monday,17,Oct,False,0.0
S05083,Returning_Visitor,Direct,Asia,Mobile,2,66.8,False,0,0,Monday,12,Aug,False,0.0
S05084,New_Visitor,Organic,South America,Mobile,2,170.8,False,1,1,Saturday,14,Jul,False,0.0
S05085,New_Visitor,Organic,Asia,Desktop,3,23.4,False,0,0,Thursday,0,Feb,False,0.0
S05086,New_Visitor,Organic,South America,Mobile,1,175.2,True,0,0,Saturday,14,Apr,False,0.0
S05087,Returning_Visitor,Social,Africa,Tablet,3,10.4,False,1,1,Tuesday,15,Apr,False,0.0
S05088,New_Visitor,Organic,Europe,Desktop,7,157.6,False,4,1,Sunday,20,Apr,False,14.5
S05089,Returning_Visitor,Referral,Asia,Tablet,2,145.7,False,0,0,Saturday,9,Dec,False,0.0
S05090,New_Visitor,Direct,Europe,Mobile,4,303.3,False,0,0,Sunday,19,Dec,False,0.0
S05091,New_Visitor,Organic,Asia,Mobile,3,150.7,False,0,0,Wednesday,17,Aug,False,0.0
S05092,New_Visitor,Referral,Africa,Desktop,1,4.4,True,0,0,Tuesday,16,Mar,False,0.0
S05093,Returning_Visitor,Direct,Europe,Mobile,3,349.3,False,0,0,Tuesday,12,Dec,False,0.0
S05094,New_Visitor,Direct,North America,Mobile,6,362.6,False,2,0,Sunday,12,Oct,False,0.0
S05095,New_Visitor,Referral,Europe,Mobile,3,256.0,False,1,1,Tuesday,17,Jan,False,0.0
S05096,New_Visitor,Direct,North America,Mobile,4,117.2,False,1,0,Monday,23,Jul,False,0.0
S05097,Returning_Visitor,Direct,Europe,Mobile,5,83.7,False,2,1,Tuesday,12,Aug,False,0.0
S05098,New_Visitor,Referral,Africa,Desktop,1,76.4,True,0,0,Saturday,21,Jan,False,0.0
S05099,New_Visitor,Referral,Asia,Desktop,1,101.4,True,0,0,Sunday,15,Jan,False,0.0
S05100,New_Visitor,Organic,Africa,Desktop,1,100.4,True,0,0,Saturday,20,Jul,False,0.0
S05101,New_Visitor,Direct,North America,Tablet,1,75.8,True,0,0,Thursday,10,Jan,False,0.0
S05102,Returning_Visitor,Organic,Africa,Desktop,6,53.9,False,2,1,Sunday,18,Jan,False,0.0
S05103,Returning_Visitor,Organic,Asia,Desktop,2,30.1,False,0,0,Monday,19,Mar,False,0.0
S05104,New_Visitor,Referral,North America,Desktop,1,41.6,True,0,0,Sunday,19,Dec,False,0.0
S05105,New_Visitor,Paid,Asia,Tablet,3,127.4,False,1,0,Wednesday,18,Oct,False,0.0
S05106,New_Visitor,Paid,Oceania,Mobile,5,201.1,False,1,0,Thursday,11,Jun,False,0.0
S05107,New_Visitor,Organic,North America,Tablet,1,104.9,True,0,0,Monday,14,Jul,False,0.0
S05108,New_Visitor,Direct,Asia,Mobile,2,16.1,False,0,0,Monday,11,Sep,False,0.0
S05109,Returning_Visitor,Referral,Africa,Tablet,1,94.3,True,0,0,Wednesday,11,Jul,False,0.0
S05110,Returning_Visitor,Organic,North America,Desktop,4,5.4,False,1,1,Tuesday,11,Jan,True,0.0
S05111,Returning_Visitor,Social,Asia,Desktop,1,23.4,True,0,0,Thursday,10,Oct,False,0.0
S05112,Returning_Visitor,Social,Europe,Desktop,5,65.6,False,1,1,Monday,17,Jan,True,38.3
S05113,Returning_Visitor,Paid,Europe,Mobile,1,44.9,True,0,0,Monday,16,Jul,False,0.0
S05114,Returning_Visitor,Organic,Asia,Mobile,1,44.5,True,0,0,Sunday,9,Nov,False,0.0
S05115,New_Visitor,Organic,North America,Desktop,8,339.0,False,2,1,Sunday,17,Feb,False,0.0
S05116,Returning_Visitor,Social,South America,Desktop,2,40.9,False,0,0,Sunday,11,Oct,False,0.0
S05117,New_Visitor,Referral,North America,Mobile,3,132.8,False,0,0,Friday,9,Jan,False,0.0
S05118,New_Visitor,Paid,Europe,Desktop,1,73.4,True,0,0,Saturday,18,Dec,False,0.0
S05119,Returning_Visitor,Organic,Europe,Mobile,2,60.1,False,0,0,Saturday,11,Sep,False,0.0
S05120,New_Visitor,Referral,Europe,Desktop,1,158.4,True,0,0,Friday,15,Dec,False,0.0
S05121,New_Visitor,Referral,Europe,Mobile,6,25.5,False,4,1,Wednesday,9,Sep,False,0.0
S05122,Returning_Visitor,Organic,South America,Mobile,4,1044.1,False,0,0,Tuesday,15,Apr,False,0.0
S05123,New_Visitor,Direct,Oceania,Mobile,4,343.9,False,1,0,Tuesday,9,Dec,False,0.0
S05124,New_Visitor,Referral,Africa,Desktop,5,269.8,False,3,0,Saturday,9,Sep,False,0.0
S05125,Returning_Visitor,Organic,Europe,Desktop,2,27.3,False,0,0,Friday,12,Aug,False,0.0
S05126,Returning_Visitor,Organic,Africa,Mobile,2,118.4,False,1,0,Thursday,18,Jun,False,0.0
S05127,New_Visitor,Referral,Africa,Mobile,1,97.2,True,0,0,Monday,9,Apr,False,0.0
S05128,New_Visitor,Direct,Europe,Mobile,1,17.6,True,0,0,Tuesday,8,Jul,False,0.0
S05129,New_Visitor,Paid,North America,Mobile,2,4.9,False,1,0,Saturday,4,May,False,0.0
S05130,Returning_Visitor,Direct,North America,Desktop,6,210.5,False,1,0,Thursday,12,Nov,False,0.0
S05131,Returning_Visitor,Organic,Europe,Tablet,3,65.3,False,1,0,Thursday,10,Jan,False,0.0
S05132,New_Visitor,Paid,Oceania,Mobile,2,40.4,False,1,0,Wednesday,11,Jul,False,25.24
S05133,New_Visitor,Paid,Asia,Mobile,11,851.6,False,5,3,Friday,23,Nov,False,0.0
S05134,New_Visitor,Organic,Asia,Tablet,2,19.2,False,0,0,Sunday,9,Jan,False,0.0
S05135,Returning_Visitor,Social,North America,Desktop,2,126.3,False,0,0,Sunday,13,Apr,False,0.0
S05136,New_Visitor,Organic,North America,Mobile,15,56.9,False,4,3,Monday,23,Jan,False,0.0
S05137,Returning_Visitor,Organic,Europe,Tablet,1,151.5,True,0,0,Thursday,4,Aug,False,0.0
S05138,New_Visitor,Organic,Oceania,Desktop,1,52.9,True,0,0,Wednesday,17,May,False,0.0
S05139,Returning_Visitor,Organic,Europe,Desktop,2,320.8,False,1,1,Thursday,12,Dec,False,0.0
S05140,Returning_Visitor,Social,Africa,Mobile,3,364.3,False,2,0,Friday,21,Aug,False,0.0
S05141,Returning_Visitor,Social,North America,Desktop,1,122.3,True,0,0,Tuesday,21,Aug,False,0.0
S05142,New_Visitor,Paid,Asia,Tablet,,15.3,False,0,0,Saturday,12,Dec,True,0.0
S05143,Returning_Visitor,Social,Asia,Desktop,1,71.4,True,0,0,Thursday,10,Apr,False,0.0
S05144,Returning_Visitor,Direct,Africa,Mobile,6,184.1,False,2,0,Sunday,12,Aug,False,0.0
S05145,New_Visitor,Referral,North America,Desktop,6,221.2,False,1,0,Monday,22,Aug,False,0.0
S05146,Returning_Visitor,Paid,North America,Desktop,1,19.6,True,0,0,Tuesday,10,Feb,False,0.0
S05147,Returning_Visitor,Social,North America,Tablet,2,18.1,False,0,0,Friday,23,Dec,False,0.0
S05148,Returning_Visitor,Social,Oceania,Mobile,4,87.8,False,1,1,Friday,19,Oct,False,0.0
S05149,Returning_Visitor,Paid,North America,Desktop,1,47.8,True,0,0,Friday,10,Nov,False,0.0
S05150,New_Visitor,Organic,North America,Desktop,7,221.6,False,3,1,Sunday,18,Dec,False,0.0
S05151,New_Visitor,Social,Europe,Mobile,3,219.1,False,1,0,Wednesday,6,Jul,False,0.0
S05152,New_Visitor,Paid,Europe,Mobile,1,109.6,True,0,0,Wednesday,14,Nov,True,0.0
S05153,Returning_Visitor,Paid,South America,Mobile,2,28.4,False,0,0,Sunday,11,Aug,True,0.0
S05154,Returning_Visitor,Organic,Oceania,Mobile,7,24.3,False,4,1,Thursday,12,Dec,False,51.14
S05155,Returning_Visitor,Direct,Europe,Desktop,1,281.6,True,0,0,Wednesday,13,Apr,False,0.0
S05156,New_Visitor,Referral,Africa,Tablet,1,128.6,True,0,0,Friday,13,Jan,False,0.0
S05157,New_Visitor,Organic,Asia,Mobile,,18.5,True,0,0,Friday,16,Mar,False,0.0
S05158,Returning_Visitor,Referral,North America,Mobile,1,10.6,True,0,0,Wednesday,17,Feb,False,0.0
S05159,New_Visitor,Organic,Africa,Mobile,1,181.0,True,0,0,Wednesday,22,Jun,False,0.0
S05160,New_Visitor,Direct,Asia,Mobile,6,95.2,False,0,0,Wednesday,18,Feb,False,0.0
S05161,Returning_Visitor,Direct,Europe,Mobile,3,45.2,False,0,0,Monday,16,Apr,False,0.0
S05162,New_Visitor,Direct,Asia,Mobile,3,20.9,False,1,0,Sunday,12,Feb,False,0.0
S05163,New_Visitor,Direct,Europe,Tablet,1,20.4,True,0,0,Tuesday,8,Jul,False,0.0
S05164,New_Visitor,Direct,North America,Mobile,1,110.3,True,0,0,Tuesday,6,Apr,False,0.0
S05165,New_Visitor,Organic,Asia,Mobile,8,404.9,False,2,0,Friday,13,Jul,False,0.0
S05166,Returning_Visitor,Organic,South America,Tablet,1,5.8,True,0,0,Saturday,16,Feb,False,0.0
S05167,New_Visitor,Organic,Asia,Desktop,8,1643.5,False,3,1,Saturday,16,Jul,True,0.0
S05168,New_Visitor,Organic,North America,Desktop,4,186.1,False,1,1,Wednesday,22,Feb,False,0.0
S05169,New_Visitor,Referral,Oceania,Mobile,3,97.0,False,1,0,Sunday,12,Feb,False,0.0
S05170,Returning_Visitor,Social,North America,Tablet,1,92.0,True,0,0,Thursday,15,May,False,0.0
S05171,New_Visitor,Organic,Europe,Desktop,4,197.2,False,0,0,Thursday,20,Nov,False,0.0
S05172,Returning_Visitor,Organic,North America,Desktop,7,949.7,False,2,0,Saturday,12,Oct,False,0.0
S05173,New_Visitor,Social,North America,Desktop,1,72.7,True,0,0,Tuesday,13,Dec,False,0.0
S05174,New_Visitor,Direct,Europe,Desktop,1,66.2,True,0,0,Sunday,21,Jul,True,0.0
S05175,New_Visitor,Paid,Asia,Desktop,5,123.6,False,0,0,Thursday,14,May,False,0.0
S05176,Returning_Visitor,Social,Africa,Mobile,3,825.6,False,0,0,Sunday,19,Dec,False,28.9
S05177,Returning_Visitor,Direct,Oceania,Tablet,3,190.0,False,0,0,Tuesday,21,Jun,False,0.0
S05178,New_Visitor,Organic,South America,Mobile,2,70.0,False,0,0,Sunday,15,Jan,False,0.0
S05179,New_Visitor,Direct,Europe,Desktop,3,28.7,False,2,0,Friday,8,Nov,False,35.81
S05180,Returning_Visitor,Organic,Asia,Tablet,2,97.3,False,1,0,Friday,19,Mar,False,0.0
S05181,New_Visitor,Organic,South America,Mobile,1,65.8,True,0,0,Wednesday,19,Oct,False,0.0
S05182,Returning_Visitor,Organic,Europe,Desktop,5,139.3,False,0,0,Sunday,8,Jan,False,0.0
S05183,New_Visitor,Social,South America,Desktop,2,8.0,False,1,0,Thursday,14,Feb,False,0.0
S05184,Returning_Visitor,Direct,Europe,Mobile,6,576.5,False,3,2,Thursday,13,Jul,False,0.0
S05185,Returning_Visitor,Organic,Europe,Mobile,13,827.8,False,5,2,Saturday,19,Jan,False,53.43
S05186,Returning_Visitor,Referral,Europe,Mobile,1,69.2,True,0,0,Tuesday,10,Nov,False,0.0
S05187,Returning_Visitor,Direct,Asia,Desktop,5,84.3,False,2,1,Wednesday,12,Oct,False,0.0
S05188,New_Visitor,Direct,Asia,Mobile,12,100.8,False,4,1,Saturday,15,May,False,0.0
S05189,Returning_Visitor,Organic,Europe,Desktop,4,144.4,False,2,1,Monday,14,Aug,False,0.0
S05190,New_Visitor,Referral,Asia,Mobile,1,16.6,True,0,0,Saturday,22,Oct,True,0.0
S05191,New_Visitor,Paid,Africa,Mobile,7,637.8,False,1,0,Friday,22,Oct,False,0.0
S05192,Returning_Visitor,Organic,Oceania,Desktop,5,,False,0,0,Thursday,7,Jun,False,0.0
S05193,Returning_Visitor,Organic,North America,Desktop,2,17.0,False,1,0,Tuesday,11,Dec,False,0.0
S05194,Returning_Visitor,Organic,North America,Desktop,3,39.3,False,1,0,Saturday,0,Dec,False,0.0
S05195,New_Visitor,Organic,Asia,Desktop,4,523.0,False,1,0,Saturday,12,Mar,False,0.0
S05196,Returning_Visitor,Direct,Europe,Desktop,1,59.9,True,0,0,Thursday,16,Dec,False,0.0
S05197,Returning_Visitor,Social,North America,Mobile,8,245.6,False,1,0,Wednesday,13,Oct,False,0.0
S05198,New_Visitor,Paid,Europe,Mobile,14,1071.6,False,8,3,Tuesday,7,Nov,False,0.0
S05199,New_Visitor,Organic,South America,Mobile,2,198.6,False,0,0,Saturday,9,Jun,False,0.0
S05200,New_Visitor,Direct,South America,Mobile,4,29.2,False,0,0,Friday,9,Sep,False,0.0
S05201,New_Visitor,Referral,Europe,Mobile,2,221.4,False,0,0,Tuesday,14,Apr,False,0.0
S05202,Returning_Visitor,Direct,Europe,Tablet,1,175.7,True,0,0,Saturday,16,Oct,False,0.0
S05203,Returning_Visitor,Direct,Asia,Desktop,10,56.6,False,5,1,Sunday,11,Aug,False,0.0
S05204,Returning_Visitor,Organic,North America,Mobile,1,23.5,True,0,0,Monday,8,Jul,False,0.0
S05205,Returning_Visitor,Direct,Europe,Desktop,1,11.0,True,0,0,Saturday,19,Sep,True,0.0
S05206,New_Visitor,Direct,North America,Desktop,6,202.3,False,3,2,Saturday,20,Aug,False,0.0
S05207,Returning_Visitor,Social,Europe,Mobile,1,14.9,True,0,0,Sunday,10,Oct,False,0.0
S05208,New_Visitor,Social,Europe,Mobile,4,108.0,False,1,0,Tuesday,12,Nov,False,0.0
S05209,Returning_Visitor,Organic,Asia,Mobile,8,133.0,False,3,1,Wednesday,7,Nov,False,0.0
S05210,New_Visitor,Organic,Asia,Desktop,2,0.4,False,0,0,Sunday,10,May,False,0.0
S05211,Returning_Visitor,Paid,Europe,Desktop,1,1.2,True,0,0,Monday,18,Dec,False,0.0
S05212,New_Visitor,Direct,North America,Tablet,1,43.4,True,0,0,Thursday,11,Sep,False,0.0
S05213,New_Visitor,Paid,North America,Desktop,9,389.2,False,3,0,Thursday,15,May,False,0.0
S05214,Returning_Visitor,Organic,Asia,Desktop,2,4.4,False,0,0,Friday,22,Jan,True,0.0
S05215,New_Visitor,Direct,North America,Desktop,3,216.4,False,0,0,Wednesday,17,Dec,False,0.0
S05216,Returning_Visitor,Direct,North America,Tablet,1,1.6,True,0,0,Sunday,13,Aug,False,0.0
S05217,New_Visitor,Paid,Asia,Desktop,8,320.0,False,1,0,Tuesday,12,Apr,False,0.0
S05218,Returning_Visitor,Organic,South America,Mobile,3,90.5,False,2,0,Friday,9,Jul,False,0.0
S05219,New_Visitor,Organic,Europe,Mobile,3,386.2,False,1,1,Thursday,18,Jun,False,0.0
S05220,New_Visitor,Direct,Europe,Mobile,3,154.6,False,1,0,Tuesday,8,Dec,False,0.0
S05221,New_Visitor,Paid,Oceania,Mobile,5,518.5,False,3,0,Tuesday,7,Jul,False,0.0
S05222,New_Visitor,Paid,Oceania,Mobile,1,383.8,True,0,0,Sunday,8,Jul,False,0.0
S05223,New_Visitor,Paid,Europe,Tablet,9,105.5,False,2,2,Thursday,10,Nov,False,0.0
S05224,New_Visitor,Paid,South America,Mobile,1,3.9,True,0,0,Friday,15,Jun,False,0.0
S05225,New_Visitor,Organic,Asia,Desktop,1,89.4,True,0,0,Saturday,20,Mar,False,0.0
S05226,New_Visitor,Organic,Oceania,Desktop,1,59.9,True,0,0,Monday,23,Oct,False,0.0
S05227,Returning_Visitor,Organic,Europe,Tablet,1,60.3,True,0,0,Friday,17,Dec,False,0.0
S05228,Returning_Visitor,Direct,South America,Mobile,2,45.6,False,1,0,Tuesday,8,Jan,False,0.0
S05229,New_Visitor,Social,South America,Mobile,1,6.5,True,0,0,Saturday,10,Nov,False,0.0
S05230,Returning_Visitor,Paid,Europe,Mobile,1,76.6,True,0,0,Monday,8,Jun,False,0.0
S05231,Returning_Visitor,Organic,South America,Mobile,14,658.4,False,3,2,Saturday,8,Apr,False,13.35
S05232,New_Visitor,Referral,North America,Desktop,8,334.2,False,4,1,Friday,14,Jan,False,0.0
S05233,Returning_Visitor,Paid,North America,Desktop,2,159.8,False,0,0,Wednesday,21,Mar,False,0.0
S05234,New_Visitor,Direct,Europe,Mobile,2,537.1,False,0,0,Wednesday,16,May,False,8.65
S05235,New_Visitor,Organic,Oceania,Desktop,2,161.8,False,1,0,Monday,19,Feb,False,0.0
S05236,New_Visitor,Direct,Europe,Desktop,7,1145.4,False,3,0,Sunday,14,Mar,False,0.0
S05237,Returning_Visitor,Direct,Asia,Mobile,1,30.5,True,0,0,Monday,13,Oct,False,0.0
S05238,Returning_Visitor,Referral,Asia,Desktop,3,411.0,False,2,0,Thursday,21,Sep,False,0.0
S05239,New_Visitor,Direct,North America,Desktop,1,78.0,True,0,0,Tuesday,17,Oct,False,0.0
S05240,New_Visitor,Organic,Europe,Mobile,5,139.4,False,1,0,Sunday,13,Mar,False,0.0
S05241,Returning_Visitor,Paid,Asia,Mobile,3,128.0,False,1,0,Friday,11,Jan,False,0.0
S05242,New_Visitor,Direct,Oceania,Desktop,2,27.1,False,1,0,Monday,7,Jul,False,0.0
S05243,New_Visitor,Direct,North America,Mobile,1,5.1,True,0,0,Friday,19,May,False,0.0
S05244,Returning_Visitor,Paid,Europe,Mobile,5,189.0,False,1,0,Sunday,9,Oct,False,0.0
S05245,Returning_Visitor,Organic,North America,Desktop,1,299.6,True,0,0,Friday,14,Jul,False,0.0
S05246,Returning_Visitor,Organic,North America,Desktop,1,122.6,True,0,0,Thursday,16,Dec,False,0.0
S05247,Returning_Visitor,Social,Europe,Desktop,1,1.0,True,0,0,Wednesday,18,Jan,False,0.0
S05248,Returning_Visitor,Organic,Europe,Mobile,3,630.2,False,1,0,Monday,7,May,False,0.0
S05249,New_Visitor,Social,North America,Mobile,3,113.9,False,1,0,Tuesday,0,Jun,False,0.0
S05250,New_Visitor,Organic,North America,Mobile,1,11.8,True,0,0,Thursday,17,Feb,False,0.0
S05251,New_Visitor,Organic,South America,Tablet,2,295.6,False,1,0,Saturday,13,Aug,True,0.0
S05252,Returning_Visitor,Direct,Oceania,Desktop,2,310.6,False,1,0,Sunday,9,Jan,False,0.0
S05253,Returning_Visitor,Organic,Europe,Desktop,3,337.8,False,2,0,Saturday,23,Oct,False,0.0
S05254,New_Visitor,Social,Asia,Desktop,7,407.8,False,2,1,Monday,18,Jan,False,0.0
S05255,Returning_Visitor,Referral,North America,Desktop,1,16.2,True,0,0,Saturday,15,Nov,False,0.0
S05256,New_Visitor,Paid,Africa,Mobile,3,49.6,False,2,0,Friday,17,Jan,False,0.0
S05257,New_Visitor,Social,Asia,Mobile,1,202.1,True,0,0,Thursday,9,Jun,False,0.0
S05258,New_Visitor,Organic,South America,Desktop,4,78.4,False,1,1,Friday,22,Mar,False,0.0
S05259,New_Visitor,Social,North America,Desktop,4,131.8,False,0,0,Monday,23,Feb,False,0.0
S05260,Returning_Visitor,Referral,Asia,Desktop,4,335.4,False,1,0,Monday,16,Oct,True,0.0
S05261,New_Visitor,Referral,Europe,Tablet,2,208.1,False,1,0,Thursday,16,Oct,False,0.0
S05262,Returning_Visitor,Social,North America,Mobile,1,31.8,True,0,0,Tuesday,17,Oct,True,0.0
S05263,Returning_Visitor,Referral,North America,Mobile,2,60.4,False,0,0,Thursday,16,Jun,False,0.0
S05264,New_Visitor,Direct,Asia,Desktop,1,26.5,True,0,0,Wednesday,13,Dec,False,0.0
S05265,Returning_Visitor,Referral,Asia,Desktop,2,59.0,False,0,0,Sunday,14,May,False,0.0
S05266,New_Visitor,Organic,North America,Desktop,6,511.2,False,4,1,Sunday,10,Apr,False,73.34
S05267,New_Visitor,Organic,Asia,Tablet,2,7.7,False,0,0,Sunday,13,Dec,False,0.0
S05268,New_Visitor,Referral,North America,Mobile,3,289.8,False,1,1,Sunday,12,Dec,False,0.0
S05269,Returning_Visitor,Organic,North America,Mobile,1,14.5,True,0,0,Sunday,10,Aug,False,0.0
S05270,New_Visitor,Organic,Asia,Mobile,1,10.6,True,0,0,Friday,18,Mar,False,0.0
S05271,New_Visitor,Organic,Europe,Mobile,3,23.2,False,0,0,Sunday,12,Apr,False,0.0
S05272,New_Visitor,Referral,Europe,Desktop,1,16.1,True,0,0,Friday,14,Jul,False,0.0
S05273,New_Visitor,Direct,Europe,Desktop,8,861.6,False,2,0,Saturday,9,Oct,False,13.21
S05274,Returning_Visitor,Social,Asia,Mobile,5,231.6,False,1,0,Monday,13,Feb,False,0.0
S05275,New_Visitor,Direct,Europe,Desktop,19,357.2,False,8,3,Friday,18,Sep,True,4.72
S05276,New_Visitor,Direct,Oceania,Desktop,15,185.2,False,5,1,Sunday,13,Feb,False,0.0
S05277,New_Visitor,Direct,Europe,Mobile,4,352.2,False,2,0,Thursday,14,Nov,False,0.0
S05278,New_Visitor,Referral,Asia,Tablet,5,211.3,False,1,0,Tuesday,17,Jul,False,0.0
S05279,Returning_Visitor,Direct,North America,Tablet,3,23.1,False,0,0,Thursday,12,Dec,False,0.0
S05280,New_Visitor,Paid,Europe,Desktop,1,28.2,True,0,0,Friday,11,Oct,False,0.0
S05281,Returning_Visitor,Paid,Asia,Desktop,5,176.6,False,2,1,Saturday,7,Jul,False,0.0
S05282,New_Visitor,Social,Europe,Mobile,1,26.2,True,0,0,Thursday,15,Mar,False,0.0
S05283,New_Visitor,Paid,Europe,Mobile,4,74.0,False,0,0,Tuesday,17,Aug,False,0.0
S05284,Returning_Visitor,Direct,North America,Tablet,4,95.8,False,2,1,Sunday,15,Feb,False,0.0
S05285,New_Visitor,Direct,North America,Tablet,3,241.8,False,1,0,Saturday,10,Dec,False,0.0
S05286,Returning_Visitor,Social,North America,Mobile,4,734.1,False,1,1,Tuesday,10,Apr,False,0.0
S05287,Returning_Visitor,Referral,Asia,Desktop,2,3.1,False,0,0,Saturday,9,Nov,False,0.0
S05288,New_Visitor,Paid,South America,Desktop,5,295.7,False,2,0,Wednesday,6,May,False,0.0
S05289,New_Visitor,Social,North America,Desktop,9,40.8,False,2,0,Wednesday,12,Apr,False,0.0
S05290,Returning_Visitor,Paid,Europe,Mobile,2,27.1,False,0,0,Sunday,9,May,False,0.0
S05291,New_Visitor,Direct,North America,Desktop,1,47.2,True,0,0,Sunday,17,Oct,True,0.0
S05292,New_Visitor,Social,North America,Mobile,3,284.3,False,0,0,Wednesday,22,Jul,False,0.0
S05293,New_Visitor,Referral,South America,Mobile,2,68.6,False,1,0,Monday,7,Feb,False,0.0
S05294,New_Visitor,Referral,Asia,Desktop,2,253.9,False,1,0,Tuesday,20,Feb,False,0.0
S05295,Returning_Visitor,Direct,North America,Tablet,1,75.5,True,0,0,Sunday,16,May,False,0.0
S05296,New_Visitor,Social,North America,Mobile,3,38.8,False,1,1,Sunday,20,May,False,0.0
S05297,New_Visitor,Paid,South America,Tablet,5,347.7,False,2,1,Thursday,9,Nov,False,0.0
S05298,Returning_Visitor,Organic,North America,Tablet,5,115.0,False,3,1,Wednesday,21,Aug,False,0.0
S05299,New_Visitor,Referral,Europe,Desktop,16,1397.3,False,7,2,Wednesday,22,Mar,False,0.0
S05300,New_Visitor,Direct,Asia,Desktop,1,15.7,True,0,0,Sunday,21,Jan,False,0.0
S05301,Returning_Visitor,Paid,Asia,Desktop,8,74.9,False,2,1,Wednesday,18,Feb,False,0.0
S05302,New_Visitor,Direct,Europe,Mobile,4,243.7,False,1,1,Thursday,7,Oct,False,0.0
S05303,Returning_Visitor,Organic,Africa,Mobile,4,,False,1,0,Saturday,10,Nov,False,0.0
S05304,Returning_Visitor,Direct,North America,Tablet,4,204.5,False,1,0,Tuesday,21,Oct,False,0.0
S05305,New_Visitor,Referral,Asia,Desktop,3,50.2,False,0,0,Tuesday,10,Oct,False,0.0
S05306,New_Visitor,Organic,North America,Mobile,2,27.7,False,0,0,Wednesday,11,Apr,False,0.0
S05307,New_Visitor,Referral,Asia,Tablet,9,1315.1,False,4,2,Friday,6,Dec,False,0.0
S05308,New_Visitor,Paid,Africa,Mobile,1,45.6,True,0,0,Saturday,15,Feb,True,0.0
S05309,Returning_Visitor,Paid,Europe,Desktop,1,31.3,True,0,0,Thursday,14,Nov,False,0.0
S05310,Returning_Visitor,Organic,Asia,Mobile,1,102.7,True,0,0,Monday,22,Feb,False,0.0
S05311,New_Visitor,Paid,South America,Desktop,5,15.6,False,1,0,Thursday,20,Apr,False,0.0
S05312,Returning_Visitor,Referral,North America,Desktop,7,473.3,False,3,1,Monday,14,Jul,False,0.0
S05313,Returning_Visitor,Organic,Asia,Desktop,1,9.6,True,0,0,Monday,15,Jan,False,0.0
S05314,Returning_Visitor,Organic,Africa,Desktop,1,15.4,True,0,0,Friday,12,Jun,False,0.0
S05315,New_Visitor,Organic,Asia,Mobile,1,61.2,True,0,0,Sunday,8,May,False,0.0
S05316,New_Visitor,Social,North America,Desktop,7,137.8,False,2,1,Saturday,20,Sep,False,0.0
S05317,New_Visitor,Organic,North America,Mobile,1,90.3,True,0,0,Saturday,14,Oct,False,0.0
S05318,Returning_Visitor,Organic,North America,Desktop,1,43.9,True,0,0,Saturday,12,Feb,True,0.0
S05319,New_Visitor,Social,North America,Desktop,1,23.4,True,0,0,Sunday,7,Jan,False,0.0
S05320,Returning_Visitor,Referral,Europe,Desktop,9,1079.9,False,3,2,Saturday,16,Oct,False,78.45
S05321,New_Visitor,Social,North America,Desktop,1,59.5,True,0,0,Friday,12,Jul,False,0.0
S05322,New_Visitor,Social,North America,Desktop,7,229.7,False,2,0,Wednesday,10,Jul,False,0.0
S05323,New_Visitor,Organic,Europe,Mobile,2,72.5,False,1,1,Monday,20,Dec,False,0.0
S05324,Returning_Visitor,Paid,Europe,Tablet,2,37.5,False,0,0,Thursday,9,Jun,False,0.0
S05325,New_Visitor,Organic,Asia,Desktop,2,13.8,False,1,0,Sunday,14,Mar,False,0.0
S05326,Returning_Visitor,Referral,Asia,Desktop,2,43.2,False,1,0,Friday,18,Sep,False,0.0
S05327,New_Visitor,Referral,North America,Desktop,2,36.8,False,0,0,Tuesday,19,Nov,False,0.0
S05328,New_Visitor,Organic,North America,Tablet,5,122.7,False,2,0,Friday,19,Jul,False,0.0
S05329,New_Visitor,Paid,North America,Mobile,3,114.0,False,1,1,Thursday,20,Sep,False,0.0
S05330,New_Visitor,Direct,Europe,Mobile,15,58.6,False,4,0,Sunday,8,Jul,False,0.0
S05331,New_Visitor,Organic,North America,Desktop,3,20.2,False,0,0,Tuesday,21,Jun,False,0.0
S05332,New_Visitor,Paid,Asia,Desktop,6,470.6,False,2,0,Friday,0,Jan,False,0.0
S05333,New_Visitor,Referral,North America,Desktop,5,60.8,False,2,0,Friday,10,Mar,False,0.0
S05334,New_Visitor,Referral,Oceania,Tablet,2,49.7,False,1,0,Sunday,7,Jul,False,0.0
S05335,Returning_Visitor,Direct,Europe,Desktop,5,304.0,False,1,0,Thursday,22,Jun,False,0.0
S05336,Returning_Visitor,Social,Europe,Mobile,1,226.2,True,0,0,Sunday,12,Nov,False,0.0
S05337,New_Visitor,Organic,South America,Mobile,1,8.6,True,0,0,Monday,11,Feb,False,0.0
S05338,Returning_Visitor,Organic,Asia,Mobile,,254.9,False,0,0,Monday,9,Jan,False,0.0
S05339,Returning_Visitor,Direct,Asia,Desktop,4,162.2,False,2,1,Wednesday,9,Feb,True,0.0
S05340,New_Visitor,Organic,Oceania,Mobile,4,23.6,False,1,1,Friday,15,Sep,False,0.0
S05341,Returning_Visitor,Social,Europe,Desktop,3,33.3,False,0,0,Thursday,6,Aug,False,0.0
S05342,Returning_Visitor,Direct,South America,Tablet,1,71.1,True,0,0,Tuesday,15,Sep,False,0.0
S05343,New_Visitor,Organic,Europe,Desktop,2,253.9,False,1,0,Friday,18,Mar,False,0.0
S05344,New_Visitor,Organic,South America,Desktop,3,2.2,False,0,0,Thursday,15,Jul,False,0.0
S05345,Returning_Visitor,Social,North America,Desktop,1,,True,0,0,Thursday,19,Oct,False,0.0
S05346,New_Visitor,Social,North America,Mobile,4,106.3,False,1,0,Monday,10,Sep,False,0.0
S05347,New_Visitor,Direct,Asia,Desktop,1,269.5,True,0,0,Sunday,7,Jun,False,0.0
S05348,New_Visitor,Referral,North America,Mobile,1,63.4,True,0,0,Friday,17,Feb,False,0.0
S05349,New_Visitor,Organic,North America,Desktop,2,53.7,False,1,0,Tuesday,19,Nov,False,0.0
S05350,Returning_Visitor,Referral,Europe,Desktop,1,13.5,True,0,0,Friday,13,Jul,False,0.0
S05351,Returning_Visitor,Organic,Asia,Mobile,5,77.2,False,1,0,Wednesday,19,Nov,False,0.0
S05352,Returning_Visitor,Direct,Africa,Desktop,2,6.1,False,0,0,Thursday,13,Jun,False,0.0
S05353,New_Visitor,Referral,Asia,Mobile,1,314.0,True,0,0,Wednesday,9,Apr,False,0.0
S05354,New_Visitor,Paid,South America,Mobile,6,1451.0,False,2,0,Sunday,13,May,False,0.0
S05355,New_Visitor,Direct,Europe,Tablet,1,0.7,True,0,0,Sunday,10,Jun,True,0.0
S05356,New_Visitor,Social,North America,Desktop,3,56.8,False,1,0,Tuesday,13,Aug,False,0.0
S05357,New_Visitor,Referral,North America,Mobile,3,3.7,False,0,0,Monday,8,Oct,False,0.0
S05358,Returning_Visitor,Paid,Asia,Tablet,11,237.0,False,4,1,Tuesday,9,Apr,False,0.0
S05359,Returning_Visitor,Direct,Europe,Mobile,1,138.9,True,0,0,Friday,20,Mar,False,0.0
S05360,New_Visitor,Direct,North America,Desktop,,124.7,True,0,0,Tuesday,8,Mar,False,0.0
S05361,Returning_Visitor,Paid,Europe,Mobile,1,69.3,True,0,0,Saturday,10,Dec,False,0.0
S05362,New_Visitor,Organic,Asia,Tablet,3,783.7,False,0,0,Wednesday,23,Mar,False,0.0
S05363,New_Visitor,Organic,Europe,Desktop,1,82.2,True,0,0,Friday,15,May,False,0.0
S05364,Returning_Visitor,Organic,South America,Mobile,2,33.2,False,1,0,Thursday,15,Jul,False,0.0
S05365,New_Visitor,Social,Asia,Mobile,4,432.4,False,0,0,Sunday,19,Aug,False,0.0
S05366,Returning_Visitor,Organic,Asia,Desktop,1,42.5,True,0,0,Monday,14,Nov,False,0.0
S05367,Returning_Visitor,Paid,Oceania,Desktop,9,378.6,False,4,4,Saturday,10,Feb,False,0.0
S05368,New_Visitor,Direct,North America,Desktop,3,322.1,False,1,0,Friday,12,Feb,False,0.0
S05369,Returning_Visitor,Organic,Asia,Desktop,2,91.7,False,1,0,Friday,18,May,False,14.3
S05370,New_Visitor,Direct,Africa,Tablet,2,47.6,False,0,0,Wednesday,20,Jun,False,0.0
S05371,New_Visitor,Organic,Asia,Mobile,1,158.5,True,0,0,Monday,10,May,False,0.0
S05372,New_Visitor,Referral,South America,Mobile,2,9.2,False,0,0,Friday,10,Jun,False,0.0
S05373,New_Visitor,Referral,Europe,Mobile,2,128.7,False,1,0,Saturday,11,Nov,False,0.0
S05374,Returning_Visitor,Direct,Asia,Desktop,1,92.3,True,0,0,Monday,15,Nov,True,0.0
S05375,New_Visitor,Organic,North America,Desktop,6,18.9,False,2,1,Thursday,10,Nov,False,0.0
S05376,Returning_Visitor,Referral,Oceania,Tablet,6,96.1,False,3,1,Tuesday,20,Oct,False,0.0
S05377,Returning_Visitor,Social,South America,Mobile,2,30.3,False,1,0,Friday,22,Jan,True,0.0
S05378,New_Visitor,Social,Africa,Mobile,2,264.1,False,0,0,Saturday,16,Mar,True,0.0
S05379,Returning_Visitor,Social,Asia,Tablet,3,189.1,False,2,0,Friday,22,Oct,False,0.0
S05380,New_Visitor,Organic,North America,Desktop,1,14.7,True,0,0,Wednesday,10,Aug,False,0.0
S05381,New_Visitor,Paid,North America,Tablet,1,,True,0,0,Monday,19,Sep,False,0.0
S05382,New_Visitor,Direct,Africa,Tablet,2,33.5,False,0,0,Saturday,16,Oct,True,0.0
S05383,New_Visitor,Organic,Europe,Desktop,1,65.1,True,0,0,Wednesday,10,Dec,False,0.0
S05384,New_Visitor,Social,North America,Desktop,,36.1,True,0,0,Monday,11,Sep,False,0.0
S05385,Returning_Visitor,Paid,Asia,Tablet,1,6.2,True,0,0,Friday,13,Apr,False,0.0
S05386,New_Visitor,Referral,Europe,Desktop,7,587.7,False,4,2,Tuesday,18,Feb,False,34.88
S05387,New_Visitor,Organic,Asia,Desktop,1,23.8,True,0,0,Saturday,20,Jun,False,0.0
S05388,Returning_Visitor,Organic,Europe,Mobile,1,26.8,True,0,0,Monday,16,Oct,True,0.0
S05389,Returning_Visitor,Direct,Asia,Mobile,3,43.5,False,0,0,Thursday,17,Apr,False,0.0
S05390,Returning_Visitor,Paid,Africa,Mobile,3,293.6,False,1,0,Tuesday,10,Feb,False,0.0
S05391,New_Visitor,Organic,North America,Tablet,1,10.5,True,0,0,Friday,17,Dec,False,0.0
S05392,Returning_Visitor,Social,Europe,Tablet,8,118.2,False,3,1,Thursday,15,Jun,False,0.0
S05393,Returning_Visitor,Organic,Europe,Tablet,1,31.3,True,0,0,Saturday,10,Mar,False,0.0
S05394,Returning_Visitor,Social,Oceania,Desktop,9,87.0,False,2,0,Thursday,22,Mar,False,0.0
S05395,Returning_Visitor,Paid,Europe,Mobile,1,7.2,True,0,0,Monday,14,Nov,False,0.0
S05396,New_Visitor,Direct,Europe,Desktop,1,44.2,True,0,0,Tuesday,18,Nov,True,0.0
S05397,New_Visitor,Direct,Asia,Desktop,11,1800.0,False,1,0,Sunday,14,Aug,False,0.0
S05398,New_Visitor,Social,Europe,Mobile,2,194.2,False,0,0,Wednesday,21,Aug,False,0.0
S05399,New_Visitor,Direct,Oceania,Desktop,7,81.9,False,0,0,Friday,8,Dec,False,0.0
S05400,Returning_Visitor,Referral,Africa,Tablet,4,212.6,False,1,1,Sunday,14,Apr,False,0.0
S05401,New_Visitor,Referral,Europe,Desktop,1,94.7,True,0,0,Monday,3,Jun,False,0.0
S05402,Returning_Visitor,Organic,Asia,Mobile,6,56.4,False,1,0,Friday,9,Jan,False,0.0
S05403,Returning_Visitor,Social,North America,Desktop,1,5.1,True,0,0,Tuesday,10,Jun,False,0.0
S05404,New_Visitor,Organic,Asia,Desktop,3,399.1,False,2,0,Tuesday,13,Jun,False,0.0
S05405,New_Visitor,Paid,Asia,Mobile,1,16.9,True,0,0,Tuesday,19,Dec,False,0.0
S05406,Returning_Visitor,Organic,Europe,Desktop,2,82.7,False,1,1,Saturday,13,May,False,0.0
S05407,Returning_Visitor,Social,North America,Mobile,5,70.2,False,2,0,Wednesday,14,Nov,False,0.0
S05408,New_Visitor,Organic,Africa,Tablet,4,11.7,False,1,0,Monday,21,Oct,False,0.0
S05409,New_Visitor,Direct,Europe,Mobile,2,86.4,False,0,0,Monday,18,Mar,False,0.0
S05410,New_Visitor,Direct,Asia,Desktop,1,34.3,True,0,0,Monday,6,Dec,False,0.0
S05411,Returning_Visitor,Social,North America,Desktop,1,77.8,True,0,0,Sunday,9,Sep,False,0.0
S05412,New_Visitor,Referral,Europe,Desktop,4,467.5,False,2,0,Wednesday,5,Aug,False,0.0
S05413,Returning_Visitor,Paid,South America,Mobile,9,82.5,False,3,1,Sunday,7,Jan,False,0.0
S05414,New_Visitor,Direct,Europe,Mobile,6,67.8,False,5,1,Saturday,11,Sep,False,0.0
S05415,New_Visitor,Referral,Asia,Desktop,1,180.0,True,0,0,Saturday,17,Jan,False,0.0
S05416,New_Visitor,Social,North America,Mobile,1,32.5,True,0,0,Tuesday,10,Mar,True,0.0
S05417,New_Visitor,Organic,Europe,Desktop,3,549.2,False,1,1,Tuesday,12,Feb,False,38.63
S05418,New_Visitor,Direct,Africa,Mobile,4,99.2,False,2,1,Thursday,12,May,False,0.0
S05419,New_Visitor,Direct,Asia,Mobile,3,76.9,False,0,0,Wednesday,15,Nov,False,0.0
S05420,New_Visitor,Direct,Africa,Desktop,,515.6,False,2,0,Thursday,20,Oct,False,0.0
S05421,New_Visitor,Direct,Africa,Mobile,1,6.1,True,0,0,Monday,23,Feb,False,0.0
S05422,New_Visitor,Referral,Oceania,Mobile,1,32.0,True,0,0,Sunday,15,Nov,False,0.0
S05423,Returning_Visitor,Organic,Africa,Mobile,,229.8,False,2,1,Monday,14,Jul,False,0.0
S05424,New_Visitor,Social,North America,Mobile,4,8.6,False,2,0,Tuesday,16,Jan,True,0.0
S05425,New_Visitor,Paid,Oceania,Tablet,4,90.0,False,2,0,Friday,16,Apr,False,0.0
S05426,Returning_Visitor,Referral,North America,Mobile,2,61.0,False,0,0,Tuesday,14,Oct,False,0.0
S05427,Returning_Visitor,Referral,North America,Desktop,3,10.8,False,1,1,Monday,17,Oct,False,0.0
S05428,New_Visitor,Organic,North America,Desktop,4,4.9,False,1,0,Tuesday,13,Mar,False,0.0
S05429,Returning_Visitor,Paid,Europe,Desktop,3,164.9,False,2,0,Monday,23,Jan,False,0.0
S05430,Returning_Visitor,Organic,Asia,Desktop,4,55.3,False,2,0,Tuesday,6,Apr,False,0.0
S05431,Returning_Visitor,Referral,Europe,Tablet,3,81.1,False,1,0,Tuesday,13,Nov,False,0.0
S05432,New_Visitor,Paid,North America,Desktop,13,,False,4,1,Thursday,12,Dec,False,0.0
S05433,Returning_Visitor,Referral,Europe,Tablet,3,19.1,False,2,0,Thursday,18,Aug,False,0.0
S05434,New_Visitor,Social,Europe,Desktop,1,10.1,True,0,0,Thursday,9,Feb,False,0.0
S05435,Returning_Visitor,Direct,South America,Desktop,1,1.8,True,0,0,Friday,12,Jul,False,0.0
S05436,Returning_Visitor,Organic,North America,Tablet,10,862.3,False,7,3,Tuesday,17,Dec,False,178.49
S05437,New_Visitor,Social,North America,Desktop,2,283.9,False,0,0,Monday,15,Dec,True,0.0
S05438,Returning_Visitor,Organic,North America,Mobile,1,44.3,True,0,0,Sunday,14,Dec,False,0.0
S05439,New_Visitor,Social,Europe,Tablet,1,101.7,True,0,0,Friday,12,Sep,False,0.0
S05440,Returning_Visitor,Organic,Asia,Tablet,1,8.7,True,0,0,Monday,18,Jun,False,0.0
S05441,New_Visitor,Paid,Europe,Mobile,1,35.8,True,0,0,Sunday,16,Dec,False,0.0
S05442,New_Visitor,Organic,Europe,Tablet,13,120.4,False,5,4,Friday,20,Dec,False,0.0
S05443,New_Visitor,Direct,Europe,Mobile,2,642.9,False,1,0,Tuesday,17,Mar,False,0.0
S05444,Returning_Visitor,Referral,Europe,Desktop,1,3.6,True,0,0,Sunday,8,Oct,False,0.0
S05445,New_Visitor,Direct,Oceania,Mobile,4,140.9,False,2,1,Wednesday,15,Dec,False,0.0
S05446,New_Visitor,Direct,North America,Tablet,4,28.6,False,0,0,Sunday,5,Dec,False,0.0
S05447,New_Visitor,Direct,South America,Mobile,11,46.9,False,4,2,Monday,12,Oct,False,0.0
S05448,Returning_Visitor,Direct,Asia,Desktop,4,318.7,False,1,0,Tuesday,12,Jul,False,0.0
S05449,New_Visitor,Direct,North America,Mobile,1,5.0,True,0,0,Friday,20,Oct,False,0.0
S05450,New_Visitor,Direct,Oceania,Mobile,13,18.9,False,5,1,Monday,9,Jul,True,10.15
S05451,New_Visitor,Referral,South America,Desktop,5,896.6,False,2,1,Monday,16,May,False,0.0
S05452,New_Visitor,Organic,Asia,Mobile,1,12.3,True,0,0,Saturday,9,Apr,False,0.0
S05453,New_Visitor,Paid,Europe,Mobile,1,111.6,True,0,0,Tuesday,22,Aug,False,0.0
S05454,New_Visitor,Direct,Asia,Mobile,10,1800.0,False,3,1,Sunday,14,Jun,False,0.0
S05455,Returning_Visitor,Organic,North America,Desktop,1,83.7,True,0,0,Wednesday,17,Jul,False,0.0
S05456,New_Visitor,Direct,North America,Desktop,1,6.6,True,0,0,Sunday,16,Apr,False,0.0
S05457,New_Visitor,Paid,South America,Mobile,2,22.4,False,0,0,Wednesday,11,Aug,False,0.0
S05458,New_Visitor,Organic,Africa,Mobile,4,47.4,False,0,0,Thursday,20,Sep,False,0.0
S05459,Returning_Visitor,Referral,North America,Desktop,2,127.3,False,0,0,Wednesday,15,Nov,False,0.0
S05460,Returning_Visitor,Direct,South America,Desktop,2,23.8,False,0,0,Friday,14,Aug,False,0.0
S05461,Returning_Visitor,Organic,Asia,Desktop,1,1.8,True,0,0,Wednesday,14,Oct,False,0.0
S05462,New_Visitor,Social,North America,Mobile,1,36.8,True,0,0,Tuesday,20,Mar,False,0.0
S05463,New_Visitor,Direct,Europe,Tablet,3,160.1,False,0,0,Monday,6,Feb,False,0.0
S05464,New_Visitor,Organic,Europe,Mobile,1,37.0,True,0,0,Monday,12,Mar,True,0.0
S05465,New_Visitor,Social,South America,Tablet,,80.6,False,0,0,Wednesday,19,Nov,True,0.0
S05466,New_Visitor,Referral,South America,Mobile,1,36.6,True,0,0,Saturday,5,Aug,False,0.0
S05467,Returning_Visitor,Paid,North America,Mobile,3,55.5,False,1,0,Tuesday,16,Jun,False,0.0
S05468,Returning_Visitor,Referral,Asia,Desktop,4,749.1,False,2,2,Wednesday,12,Oct,False,0.0
S05469,Returning_Visitor,Social,South America,Mobile,8,873.9,False,3,2,Sunday,9,Feb,False,0.0
S05470,New_Visitor,Social,South America,Desktop,1,23.4,True,0,0,Friday,15,Jan,False,0.0
S05471,Returning_Visitor,Organic,North America,Mobile,8,19.4,False,3,1,Sunday,19,May,False,0.0
S05472,New_Visitor,Social,Europe,Desktop,2,234.2,False,0,0,Sunday,13,Apr,False,0.0
S05473,New_Visitor,Referral,Africa,Desktop,5,406.7,False,0,0,Monday,8,May,False,0.0
S05474,Returning_Visitor,Organic,Europe,Desktop,7,35.6,False,1,0,Sunday,11,Dec,False,0.0
S05475,New_Visitor,Direct,Europe,Mobile,10,,False,7,1,Monday,23,Aug,False,0.0
S05476,New_Visitor,Organic,South America,Desktop,2,72.3,False,1,1,Sunday,8,Aug,False,0.0
S05477,New_Visitor,Social,North America,Desktop,1,8.4,True,0,0,Thursday,9,Sep,False,0.0
S05478,Returning_Visitor,Direct,Africa,Tablet,2,154.8,False,0,0,Thursday,23,Jun,False,0.0
S05479,Returning_Visitor,Paid,Europe,Mobile,3,79.1,False,0,0,Friday,20,Dec,False,0.0
S05480,New_Visitor,Organic,North America,Desktop,4,579.1,False,2,0,Sunday,17,Dec,False,0.0
S05481,Returning_Visitor,Referral,North America,Desktop,4,10.5,False,0,0,Friday,9,Oct,False,0.0
S05482,New_Visitor,Organic,North America,Desktop,1,166.2,True,0,0,Wednesday,10,Mar,False,0.0
S05483,New_Visitor,Referral,North America,Mobile,3,16.6,False,0,0,Monday,9,Nov,False,0.0
S05484,Returning_Visitor,Social,Asia,Mobile,1,2.2,True,0,0,Saturday,16,Feb,False,0.0
S05485,Returning_Visitor,Social,North America,Desktop,4,209.2,False,0,0,Monday,12,Sep,False,0.0
S05486,Returning_Visitor,Social,Oceania,Tablet,12,679.0,False,6,0,Saturday,6,Jun,True,61.01
S05487,New_Visitor,Paid,Europe,Desktop,5,66.1,False,0,0,Thursday,11,Jan,False,0.0
S05488,Returning_Visitor,Organic,Europe,Desktop,4,501.0,False,0,0,Wednesday,20,Dec,False,0.0
S05489,Returning_Visitor,Direct,Europe,Tablet,1,97.2,True,0,0,Friday,18,Dec,False,0.0
S05490,Returning_Visitor,Referral,Asia,Desktop,1,19.9,True,0,0,Saturday,16,Dec,False,0.0
S05491,New_Visitor,Direct,Europe,Tablet,2,70.2,False,1,0,Sunday,7,Mar,True,0.0
S05492,Returning_Visitor,Organic,North America,Mobile,9,825.8,False,4,0,Tuesday,20,May,False,0.0
S05493,Returning_Visitor,Referral,Africa,Desktop,2,215.0,False,0,0,Sunday,14,Dec,False,0.0
S05494,New_Visitor,Direct,Europe,Mobile,6,572.7,False,4,2,Sunday,13,Feb,False,0.0
S05495,New_Visitor,Direct,North America,Mobile,1,18.7,True,0,0,Saturday,21,Aug,False,0.0
S05496,New_Visitor,Social,Europe,Tablet,4,347.9,False,1,1,Sunday,0,Jul,False,0.0
S05497,Returning_Visitor,Direct,Asia,Desktop,5,300.4,False,1,0,Friday,14,Mar,False,0.0
S05498,Returning_Visitor,Organic,North America,Desktop,3,134.5,False,1,0,Monday,18,Nov,False,0.0
S05499,Returning_Visitor,Organic,South America,Desktop,5,993.8,False,2,1,Friday,7,Feb,False,0.0
S05500,Returning_Visitor,Paid,Asia,Mobile,4,218.7,False,1,1,Saturday,11,Aug,False,0.0
S05501,New_Visitor,Paid,Asia,Desktop,2,243.7,False,1,1,Sunday,22,May,False,0.0
S05502,New_Visitor,Referral,Europe,Desktop,7,586.2,False,3,0,Friday,9,Jun,False,0.0
S05503,New_Visitor,Direct,Oceania,Tablet,2,5.5,False,0,0,Saturday,14,Mar,False,0.0
S05504,New_Visitor,Paid,North America,Desktop,2,37.3,False,0,0,Friday,18,Sep,False,0.0
S05505,New_Visitor,Referral,Asia,Desktop,3,169.1,False,1,0,Tuesday,12,Dec,False,0.0
S05506,New_Visitor,Social,Europe,Mobile,1,34.6,True,0,0,Tuesday,12,Nov,True,0.0
S05507,New_Visitor,Social,Asia,Mobile,3,560.2,False,2,1,Saturday,7,Sep,False,0.0
S05508,New_Visitor,Direct,North America,Desktop,2,105.1,False,1,0,Tuesday,9,Oct,False,0.0
S05509,New_Visitor,Direct,North America,Desktop,1,158.8,True,0,0,Tuesday,20,Nov,False,0.0
S05510,New_Visitor,Organic,South America,Desktop,3,41.5,False,0,0,Friday,19,Jul,False,0.0
S05511,New_Visitor,Organic,Europe,Desktop,2,273.7,False,0,0,Saturday,11,Aug,False,0.0
S05512,Returning_Visitor,Social,Europe,Mobile,6,277.3,False,2,1,Friday,12,Dec,False,0.0
S05513,Returning_Visitor,Paid,Asia,Mobile,2,28.9,False,0,0,Sunday,13,Sep,False,0.0
S05514,Returning_Visitor,Social,Asia,Mobile,2,59.4,False,0,0,Tuesday,11,Feb,False,0.0
S05515,New_Visitor,Direct,North America,Mobile,13,1800.0,False,8,0,Tuesday,16,Oct,False,0.0
S05516,Returning_Visitor,Organic,North America,Mobile,,384.7,False,0,0,Friday,1,Jan,False,0.0
S05517,Returning_Visitor,Organic,Oceania,Mobile,1,1.3,True,0,0,Saturday,20,Nov,False,0.0
S05518,Returning_Visitor,Direct,Asia,Tablet,7,154.3,False,4,3,Thursday,11,Oct,False,0.0
S05519,New_Visitor,Direct,Europe,Mobile,8,1102.1,False,3,1,Monday,20,Nov,False,29.41
S05520,Returning_Visitor,Referral,South America,Mobile,1,2.0,True,0,0,Friday,13,Jan,False,0.0
S05521,Returning_Visitor,Organic,Europe,Desktop,7,,False,3,0,Saturday,18,Dec,True,0.0
S05522,Returning_Visitor,Paid,North America,Desktop,3,88.4,False,1,1,Tuesday,19,Aug,False,127.76
S05523,Returning_Visitor,Direct,North America,Mobile,1,7.3,True,0,0,Monday,11,Nov,False,0.0
S05524,New_Visitor,Social,Europe,Desktop,3,64.5,False,1,0,Thursday,16,Aug,False,0.0
S05525,New_Visitor,Direct,Africa,Mobile,6,594.4,False,4,0,Monday,15,May,False,0.0
S05526,New_Visitor,Organic,North America,Mobile,2,775.6,False,1,0,Wednesday,13,Apr,False,0.0
S05527,Returning_Visitor,Social,North America,Mobile,3,25.9,False,0,0,Monday,13,Jan,False,0.0
S05528,New_Visitor,Social,Africa,Mobile,1,60.9,True,0,0,Tuesday,11,Aug,False,0.0
S05529,New_Visitor,Direct,North America,Desktop,6,934.0,False,2,1,Wednesday,11,Mar,False,0.0
S05530,New_Visitor,Direct,Asia,Desktop,1,138.0,True,0,0,Monday,14,Aug,False,0.0
S05531,New_Visitor,Organic,North America,Tablet,1,29.0,True,0,0,Monday,4,Sep,False,0.0
S05532,New_Visitor,Referral,Asia,Desktop,9,1084.4,False,3,0,Saturday,21,Jun,False,0.0
S05533,Returning_Visitor,Paid,Europe,Mobile,7,89.3,False,2,0,Monday,16,Mar,False,0.0
S05534,Returning_Visitor,Organic,North America,Desktop,3,180.0,False,0,0,Friday,13,Jun,False,41.72
S05535,New_Visitor,Organic,Asia,Desktop,1,54.7,True,0,0,Saturday,7,Nov,False,0.0
S05536,New_Visitor,Paid,Asia,Desktop,3,274.9,False,0,0,Monday,16,Jun,False,19.16
S05537,New_Visitor,Organic,Asia,Mobile,8,124.8,False,3,1,Tuesday,1,May,False,0.0
S05538,Returning_Visitor,Referral,Asia,Desktop,3,178.4,False,1,0,Friday,16,Sep,False,0.0
S05539,New_Visitor,Direct,Europe,Desktop,1,56.6,True,0,0,Wednesday,7,Aug,True,0.0
S05540,New_Visitor,Referral,Europe,Desktop,8,42.2,False,4,1,Thursday,16,Feb,False,0.0
S05541,New_Visitor,Direct,Asia,Desktop,7,168.6,False,2,2,Saturday,12,Apr,False,0.0
S05542,Returning_Visitor,Organic,Asia,Desktop,3,41.8,False,1,0,Monday,16,Jul,False,28.3
S05543,Returning_Visitor,Organic,Asia,Desktop,6,1800.0,False,2,1,Friday,8,May,False,0.0
S05544,Returning_Visitor,Social,Asia,Mobile,1,280.0,True,0,0,Sunday,8,May,False,0.0
S05545,Returning_Visitor,Social,North America,Desktop,2,34.9,False,0,0,Monday,10,Jun,False,0.0
S05546,New_Visitor,Referral,North America,Desktop,1,99.2,True,0,0,Monday,12,Apr,False,0.0
S05547,New_Visitor,Referral,North America,Tablet,6,610.3,False,3,0,Thursday,10,May,False,0.0
S05548,New_Visitor,Organic,Africa,Desktop,11,1800.0,False,4,1,Sunday,7,Oct,False,0.0
S05549,New_Visitor,Organic,South America,Tablet,9,74.7,False,6,4,Tuesday,11,Jul,False,0.0
S05550,New_Visitor,Social,Asia,Desktop,3,198.3,False,0,0,Wednesday,17,Nov,False,0.0
S05551,New_Visitor,Direct,North America,Desktop,3,41.5,False,2,1,Monday,15,Dec,False,0.0
S05552,New_Visitor,Direct,North America,Desktop,8,514.5,False,3,0,Wednesday,22,Dec,True,0.0
S05553,Returning_Visitor,Organic,Africa,Mobile,4,493.7,False,1,0,Monday,12,Apr,False,0.0
S05554,Returning_Visitor,Organic,Africa,Mobile,1,5.1,True,0,0,Wednesday,11,Jul,False,0.0
S05555,Returning_Visitor,Direct,North America,Desktop,1,60.8,True,0,0,Thursday,17,Jul,False,0.0
S05556,Returning_Visitor,Social,South America,Mobile,10,462.8,False,5,1,Sunday,12,Nov,False,126.16
S05557,New_Visitor,Paid,Europe,Mobile,2,23.2,False,0,0,Saturday,15,Aug,False,0.0
S05558,Returning_Visitor,Paid,Europe,Desktop,1,16.3,True,0,0,Saturday,22,Apr,False,0.0
S05559,New_Visitor,Paid,Asia,Mobile,4,176.4,False,1,0,Tuesday,13,Aug,True,0.0
S05560,Returning_Visitor,Paid,Asia,Mobile,7,827.2,False,1,1,Monday,13,Jan,False,0.0
S05561,New_Visitor,Direct,South America,Desktop,1,67.5,True,0,0,Friday,18,Nov,True,0.0
S05562,Returning_Visitor,Organic,North America,Desktop,1,1.7,True,0,0,Thursday,18,Aug,False,0.0
S05563,New_Visitor,Social,Europe,Mobile,7,56.7,False,3,0,Thursday,14,Sep,True,0.0
S05564,New_Visitor,Organic,Europe,Tablet,1,128.6,True,0,0,Monday,7,Mar,False,0.0
S05565,Returning_Visitor,Organic,Europe,Desktop,8,507.5,False,1,0,Thursday,23,Aug,False,0.0
S05566,New_Visitor,Organic,Europe,Tablet,1,1.1,True,0,0,Tuesday,12,Jul,False,0.0
S05567,Returning_Visitor,Direct,North America,Desktop,1,54.4,True,0,0,Wednesday,11,Aug,False,0.0
S05568,Returning_Visitor,Direct,Europe,Tablet,6,66.5,False,4,0,Monday,23,Nov,False,0.0
S05569,Returning_Visitor,Organic,Europe,Mobile,1,151.5,True,0,0,Saturday,20,Oct,False,0.0
S05570,Returning_Visitor,Direct,Asia,Tablet,1,7.8,True,0,0,Monday,11,Aug,False,0.0
S05571,Returning_Visitor,Paid,Asia,Mobile,6,28.8,False,0,0,Sunday,11,Dec,True,0.0
S05572,New_Visitor,Referral,Asia,Desktop,3,186.3,False,2,1,Sunday,17,May,False,0.0
S05573,Returning_Visitor,Paid,North America,Desktop,2,188.9,False,1,1,Saturday,11,Jul,False,0.0
S05574,Returning_Visitor,Organic,Europe,Mobile,4,76.8,False,2,0,Sunday,10,Sep,False,0.0
S05575,Returning_Visitor,Organic,North America,Desktop,5,107.6,False,1,0,Monday,23,Jun,False,0.0
S05576,New_Visitor,Referral,North America,Mobile,6,158.9,False,1,0,Friday,14,May,False,0.0
S05577,Returning_Visitor,Direct,North America,Tablet,1,87.1,True,0,0,Saturday,18,Feb,False,0.0
S05578,Returning_Visitor,Referral,North America,Desktop,3,54.7,False,0,0,Monday,17,Sep,False,0.0
S05579,Returning_Visitor,Social,Asia,Mobile,4,22.1,False,1,0,Friday,18,Mar,True,0.0
S05580,New_Visitor,Social,Oceania,Desktop,1,22.2,True,0,0,Wednesday,21,Feb,False,0.0
S05581,New_Visitor,Paid,North America,Mobile,3,608.8,False,0,0,Thursday,13,Mar,False,0.0
S05582,New_Visitor,Direct,South America,Desktop,1,34.2,True,0,0,Sunday,18,Sep,False,0.0
S05583,Returning_Visitor,Organic,North America,Desktop,2,98.5,False,1,0,Thursday,18,Feb,False,0.0
S05584,Returning_Visitor,Referral,Asia,Tablet,1,86.2,True,0,0,Monday,22,Dec,False,0.0
S05585,New_Visitor,Organic,Asia,Mobile,3,147.2,False,0,0,Sunday,17,Oct,False,0.0
S05586,New_Visitor,Organic,Africa,Mobile,1,64.2,True,0,0,Tuesday,20,Jun,False,0.0
S05587,New_Visitor,Organic,North America,Mobile,5,637.0,False,0,0,Sunday,8,Aug,False,0.0
S05588,New_Visitor,Direct,Europe,Mobile,1,28.0,True,0,0,Sunday,8,Jan,False,0.0
S05589,Returning_Visitor,Organic,North America,Mobile,5,35.5,False,1,0,Sunday,9,Nov,False,0.0
S05590,Returning_Visitor,Organic,Europe,Desktop,1,6.0,True,0,0,Friday,8,Apr,False,0.0
S05591,New_Visitor,Referral,Africa,Desktop,2,183.1,False,0,0,Saturday,7,Feb,False,0.0
S05592,New_Visitor,Referral,South America,Desktop,4,255.4,False,2,0,Friday,8,Oct,False,0.0
S05593,New_Visitor,Social,Asia,Desktop,1,50.1,True,0,0,Thursday,23,May,False,0.0
S05594,Returning_Visitor,Referral,Europe,Desktop,5,797.8,False,0,0,Tuesday,10,Aug,True,0.0
S05595,New_Visitor,Organic,Africa,Desktop,10,591.5,False,4,0,Tuesday,13,Nov,False,0.0
S05596,New_Visitor,Organic,Europe,Mobile,,5.9,False,0,0,Saturday,19,Oct,False,0.0
S05597,New_Visitor,Organic,North America,Desktop,1,37.9,True,0,0,Friday,8,May,False,0.0
S05598,Returning_Visitor,Social,South America,Mobile,2,29.0,False,1,1,Friday,11,Nov,False,33.44
S05599,Returning_Visitor,Social,North America,Mobile,7,407.8,False,2,0,Friday,9,Jun,False,0.0
S05600,Returning_Visitor,Organic,North America,Tablet,4,49.9,False,1,0,Saturday,7,Jul,False,0.0
S05601,New_Visitor,Direct,North America,Desktop,4,248.5,False,1,0,Saturday,22,Aug,False,0.0
S05602,New_Visitor,Paid,Asia,Mobile,5,644.5,False,1,0,Monday,20,Feb,False,0.0
S05603,New_Visitor,Referral,Asia,Mobile,8,38.5,False,1,1,Wednesday,20,Aug,False,0.0
S05604,Returning_Visitor,Social,North America,Tablet,1,18.0,True,0,0,Tuesday,20,Aug,False,0.0
S05605,New_Visitor,Organic,Asia,Desktop,3,201.5,False,1,0,Thursday,9,Nov,False,0.0
S05606,Returning_Visitor,Organic,South America,Desktop,7,521.7,False,4,0,Monday,18,May,False,0.0
S05607,Returning_Visitor,Social,Africa,Desktop,5,265.1,False,2,1,Saturday,17,Apr,False,0.0
S05608,Returning_Visitor,Referral,Asia,Desktop,1,9.0,True,0,0,Monday,21,Jul,False,0.0
S05609,New_Visitor,Referral,South America,Mobile,7,116.7,False,2,1,Tuesday,10,Sep,False,0.0
S05610,New_Visitor,Referral,South America,Mobile,2,285.5,False,1,0,Saturday,12,Aug,False,0.0
S05611,New_Visitor,Referral,North America,Desktop,2,205.3,False,0,0,Monday,11,Feb,False,0.0
S05612,Returning_Visitor,Social,Europe,Desktop,1,179.8,True,0,0,Friday,10,May,False,0.0
S05613,Returning_Visitor,Organic,Europe,Desktop,7,220.9,False,1,0,Sunday,16,Jan,True,0.0
S05614,New_Visitor,Direct,North America,Desktop,1,34.7,True,0,0,Friday,9,Oct,False,0.0
S05615,New_Visitor,Paid,North America,Tablet,16,287.6,False,8,2,Friday,13,Nov,False,23.02
S05616,Returning_Visitor,Direct,Europe,Tablet,2,89.2,False,0,0,Saturday,16,Jan,False,0.0
S05617,Returning_Visitor,Direct,North America,Desktop,4,425.1,False,1,1,Tuesday,8,Jul,False,0.0
S05618,New_Visitor,Social,North America,Desktop,1,17.1,True,0,0,Friday,10,Aug,False,0.0
S05619,Returning_Visitor,Paid,Europe,Tablet,3,27.3,False,0,0,Wednesday,22,Jun,False,0.0
S05620,New_Visitor,Direct,Asia,Desktop,1,83.3,True,0,0,Tuesday,18,Jul,False,0.0
S05621,New_Visitor,Direct,South America,Mobile,7,496.5,False,3,1,Tuesday,16,Oct,True,0.0
S05622,Returning_Visitor,Social,Europe,Tablet,2,212.1,False,0,0,Friday,20,Jul,False,0.0
S05623,Returning_Visitor,Social,Europe,Mobile,5,417.7,False,1,0,Saturday,1,Dec,False,75.02
S05624,Returning_Visitor,Social,Europe,Desktop,7,228.3,False,2,0,Sunday,0,Aug,False,0.0
S05625,New_Visitor,Direct,North America,Desktop,1,10.2,True,0,0,Wednesday,9,Feb,False,0.0
S05626,Returning_Visitor,Direct,North America,Tablet,3,225.6,False,1,0,Wednesday,13,Dec,False,0.0
S05627,New_Visitor,Referral,South America,Desktop,1,126.4,True,0,0,Friday,15,Mar,False,0.0
S05628,New_Visitor,Paid,Europe,Desktop,1,9.9,True,0,0,Saturday,8,Oct,False,0.0
S05629,New_Visitor,Paid,South America,Mobile,3,131.6,False,1,0,Tuesday,7,Jul,False,0.0
S05630,New_Visitor,Organic,Asia,Mobile,1,23.9,True,0,0,Wednesday,19,Oct,False,0.0
S05631,Returning_Visitor,Direct,North America,Mobile,3,131.9,False,1,1,Thursday,13,Jul,False,0.0
S05632,Returning_Visitor,Direct,Europe,Desktop,1,1.9,True,0,0,Thursday,23,Jan,False,0.0
S05633,New_Visitor,Paid,Europe,Mobile,1,26.2,True,0,0,Friday,10,May,False,0.0
S05634,New_Visitor,Referral,Europe,Desktop,3,119.2,False,0,0,Thursday,16,Sep,False,0.0
S05635,New_Visitor,Direct,Europe,Desktop,3,29.4,False,1,0,Monday,19,Sep,False,0.0
S05636,New_Visitor,Organic,Oceania,Mobile,1,31.4,True,0,0,Tuesday,20,Dec,False,0.0
S05637,Returning_Visitor,Referral,South America,Desktop,3,34.9,False,2,0,Sunday,11,Aug,False,0.0
S05638,Returning_Visitor,Organic,Africa,Desktop,4,58.3,False,1,0,Tuesday,9,Apr,False,0.0
S05639,New_Visitor,Social,North America,Desktop,4,912.4,False,1,0,Monday,10,Jan,False,0.0
S05640,New_Visitor,Social,North America,Mobile,6,331.5,False,2,2,Saturday,16,Oct,False,0.0
S05641,Returning_Visitor,Direct,North America,Mobile,7,207.2,False,3,0,Friday,14,Nov,False,0.0
S05642,Returning_Visitor,Direct,North America,Mobile,3,132.6,False,0,0,Friday,15,Aug,False,0.0
S05643,New_Visitor,Paid,Europe,Mobile,2,58.0,False,0,0,Thursday,2,Jul,False,0.0
S05644,New_Visitor,Organic,Asia,Mobile,1,55.3,True,0,0,Sunday,12,Nov,False,0.0
S05645,Returning_Visitor,Organic,Europe,Mobile,1,0.0,True,0,0,Monday,11,Apr,True,0.0
S05646,New_Visitor,Paid,Africa,Desktop,3,48.5,False,0,0,Thursday,20,Jun,False,0.0
S05647,New_Visitor,Social,Oceania,Desktop,9,1800.0,False,3,0,Thursday,18,Jul,False,0.0
S05648,Returning_Visitor,Social,North America,Mobile,1,7.2,True,0,0,Monday,12,Jan,False,0.0
S05649,Returning_Visitor,Organic,Africa,Desktop,1,4.9,True,0,0,Wednesday,16,Sep,True,0.0
S05650,Returning_Visitor,Organic,Europe,Desktop,2,81.5,False,1,1,Saturday,6,Mar,False,0.0
S05651,Returning_Visitor,Organic,Europe,Desktop,1,20.6,True,0,0,Thursday,16,May,False,0.0
S05652,Returning_Visitor,Organic,South America,Mobile,3,137.4,False,0,0,Sunday,8,Jun,True,0.0
S05653,New_Visitor,Social,North America,Mobile,1,194.2,True,0,0,Friday,17,Sep,True,0.0
S05654,New_Visitor,Organic,Africa,Mobile,9,72.8,False,2,0,Saturday,15,Jan,False,0.0
S05655,New_Visitor,Social,Asia,Mobile,7,243.5,False,3,1,Saturday,11,May,False,0.0
S05656,New_Visitor,Organic,Africa,Tablet,,85.3,True,0,0,Friday,12,Apr,False,0.0
S05657,Returning_Visitor,Direct,Oceania,Desktop,1,10.5,True,0,0,Saturday,7,Jan,False,0.0
S05658,Returning_Visitor,Paid,Europe,Mobile,10,747.1,False,4,3,Friday,11,Sep,False,0.0
S05659,Returning_Visitor,Organic,North America,Desktop,6,184.0,False,2,1,Thursday,22,Apr,False,0.0
S05660,Returning_Visitor,Direct,North America,Desktop,9,523.6,False,2,0,Thursday,13,Mar,False,0.0
S05661,New_Visitor,Direct,Europe,Tablet,2,89.5,False,0,0,Tuesday,13,Nov,False,0.0
S05662,New_Visitor,Organic,North America,Desktop,1,35.9,True,0,0,Saturday,16,Jan,True,0.0
S05663,Returning_Visitor,Direct,South America,Desktop,3,117.4,False,0,0,Wednesday,13,Dec,False,0.0
S05664,Returning_Visitor,Direct,North America,Mobile,11,105.1,False,5,2,Thursday,11,Sep,False,0.0
S05665,Returning_Visitor,Referral,Oceania,Desktop,1,34.2,True,0,0,Tuesday,8,Mar,False,0.0
S05666,Returning_Visitor,Social,Asia,Mobile,6,503.5,False,1,1,Friday,16,May,False,0.0
S05667,Returning_Visitor,Direct,North America,Desktop,2,272.4,False,1,0,Sunday,18,Dec,False,0.0
S05668,Returning_Visitor,Organic,Europe,Desktop,1,59.1,True,0,0,Saturday,21,Aug,False,0.0
S05669,New_Visitor,Referral,Europe,Mobile,2,210.7,False,1,0,Friday,0,Aug,False,0.0
S05670,Returning_Visitor,Organic,Europe,Mobile,3,127.5,False,0,0,Thursday,7,Sep,False,0.0
S05671,Returning_Visitor,Referral,Europe,Desktop,1,14.6,True,0,0,Thursday,20,Jul,False,0.0
S05672,New_Visitor,Referral,North America,Mobile,2,154.5,False,0,0,Tuesday,16,Mar,False,0.0
S05673,Returning_Visitor,Organic,Asia,Mobile,4,290.4,False,1,0,Wednesday,22,Mar,False,0.0
S05674,New_Visitor,Social,Europe,Mobile,5,2.2,False,2,0,Wednesday,12,Sep,False,0.0
S05675,Returning_Visitor,Paid,South America,Desktop,1,39.2,True,0,0,Sunday,12,Nov,False,0.0
S05676,New_Visitor,Social,South America,Desktop,7,1159.4,False,4,0,Wednesday,11,May,False,0.0
S05677,Returning_Visitor,Direct,North America,Desktop,1,249.5,True,0,0,Friday,8,Jul,False,0.0
S05678,New_Visitor,Referral,North America,Desktop,4,146.5,False,0,0,Sunday,12,Dec,False,0.0
S05679,Returning_Visitor,Paid,Asia,Desktop,3,230.3,False,1,0,Thursday,1,Apr,False,0.0
S05680,New_Visitor,Direct,Oceania,Desktop,7,7.5,False,3,0,Tuesday,14,Jun,False,22.67
S05681,New_Visitor,Social,Europe,Mobile,1,18.7,True,0,0,Wednesday,19,May,False,0.0
S05682,New_Visitor,Organic,North America,Mobile,1,76.8,True,0,0,Wednesday,11,Jan,False,0.0
S05683,Returning_Visitor,Organic,North America,Desktop,1,63.5,True,0,0,Friday,8,Jul,False,0.0
S05684,New_Visitor,Social,North America,Mobile,2,129.7,False,0,0,Wednesday,22,Mar,False,0.0
S05685,New_Visitor,Social,Europe,Mobile,2,143.1,False,1,0,Saturday,8,Feb,True,0.0
S05686,Returning_Visitor,Social,Europe,Desktop,1,33.7,True,0,0,Sunday,14,Oct,False,0.0
S05687,New_Visitor,Paid,Asia,Mobile,3,500.2,False,1,1,Wednesday,19,Oct,False,0.0
S05688,Returning_Visitor,Organic,North America,Desktop,1,27.4,True,0,0,Monday,10,Nov,False,0.0
S05689,New_Visitor,Organic,North America,Mobile,1,139.4,True,0,0,Friday,19,Dec,True,0.0
S05690,Returning_Visitor,Paid,Europe,Desktop,1,3.7,True,0,0,Wednesday,14,Nov,False,0.0
S05691,New_Visitor,Organic,Africa,Desktop,8,908.0,False,2,0,Thursday,11,Feb,False,0.0
S05692,New_Visitor,Referral,Europe,Desktop,2,43.4,False,1,0,Friday,20,Apr,False,0.0
S05693,Returning_Visitor,Direct,Oceania,Mobile,2,129.4,False,0,0,Wednesday,15,Feb,False,0.0
S05694,Returning_Visitor,Organic,Europe,Mobile,2,6.8,False,0,0,Sunday,15,May,False,0.0
S05695,Returning_Visitor,Organic,North America,Desktop,1,5.0,True,0,0,Wednesday,14,Feb,False,0.0
S05696,New_Visitor,Direct,North America,Desktop,2,7.0,False,0,0,Wednesday,10,Sep,True,0.0
S05697,New_Visitor,Paid,Asia,Mobile,1,39.8,True,0,0,Sunday,11,Oct,False,0.0
S05698,New_Visitor,Social,Europe,Tablet,2,64.6,False,1,0,Monday,7,Mar,False,0.0
S05699,Returning_Visitor,Referral,Asia,Mobile,8,184.5,False,3,0,Monday,10,Sep,False,0.0
S05700,New_Visitor,Direct,South America,Tablet,1,35.4,True,0,0,Sunday,10,Jan,True,0.0
S05701,New_Visitor,Organic,Asia,Desktop,2,45.2,False,0,0,Tuesday,6,Jun,False,0.0
S05702,New_Visitor,Organic,North America,Desktop,4,492.4,False,0,0,Monday,8,Apr,False,0.0
S05703,Returning_Visitor,Direct,South America,Mobile,8,397.1,False,3,0,Thursday,10,Dec,False,0.0
S05704,New_Visitor,Organic,Europe,Desktop,8,178.3,False,2,0,Monday,16,Dec,False,0.0
S05705,Returning_Visitor,Organic,Europe,Desktop,1,,True,0,0,Friday,9,Mar,False,0.0
S05706,New_Visitor,Direct,Europe,Desktop,9,1090.0,False,1,0,Thursday,14,Dec,False,0.0
S05707,Returning_Visitor,Direct,Asia,Desktop,2,63.1,False,1,0,Friday,14,Jun,False,0.0
S05708,New_Visitor,Organic,North America,Desktop,7,234.0,False,1,0,Tuesday,19,Aug,False,0.0
S05709,Returning_Visitor,Referral,Europe,Tablet,1,24.7,True,0,0,Sunday,15,Jul,False,0.0
S05710,Returning_Visitor,Direct,Europe,Desktop,1,18.1,True,0,0,Tuesday,21,Oct,False,0.0
S05711,New_Visitor,Organic,Europe,Desktop,1,38.3,True,0,0,Friday,15,May,False,0.0
S05712,Returning_Visitor,Paid,North America,Desktop,2,160.1,False,0,0,Sunday,3,Jan,False,0.0
S05713,New_Visitor,Organic,North America,Mobile,7,192.7,False,3,1,Wednesday,12,Jun,False,0.0
S05714,Returning_Visitor,Paid,North America,Mobile,1,15.4,True,0,0,Tuesday,17,Aug,True,0.0
S05715,Returning_Visitor,Organic,Europe,Desktop,1,64.7,True,0,0,Monday,13,Aug,False,0.0
S05716,New_Visitor,Paid,Africa,Desktop,1,99.2,True,0,0,Sunday,12,Nov,False,0.0
S05717,New_Visitor,Organic,North America,Mobile,1,1.3,True,0,0,Saturday,16,Jan,False,0.0
S05718,New_Visitor,Social,Europe,Desktop,1,60.0,True,0,0,Sunday,10,Dec,False,0.0
S05719,New_Visitor,Direct,Europe,Tablet,2,277.4,False,0,0,Friday,21,Dec,False,0.0
S05720,New_Visitor,Social,South America,Mobile,12,66.6,False,5,1,Wednesday,12,Feb,False,0.0
S05721,New_Visitor,Direct,North America,Desktop,2,275.4,False,1,0,Monday,16,May,False,0.0
S05722,New_Visitor,Organic,North America,Tablet,6,45.1,False,1,0,Sunday,23,Aug,False,22.65
S05723,Returning_Visitor,Social,North America,Desktop,3,1035.9,False,0,0,Thursday,18,May,False,0.0
S05724,New_Visitor,Organic,Oceania,Desktop,1,43.0,True,0,0,Wednesday,14,Jul,False,0.0
S05725,New_Visitor,Paid,Asia,Desktop,3,235.7,False,0,0,Friday,20,May,False,0.0
S05726,Returning_Visitor,Organic,North America,Mobile,9,35.0,False,3,1,Monday,14,Oct,False,0.0
S05727,New_Visitor,Direct,North America,Desktop,3,19.5,False,0,0,Wednesday,13,May,False,0.0
S05728,New_Visitor,Social,North America,Desktop,3,594.9,False,1,0,Friday,20,Jun,False,0.0
S05729,New_Visitor,Direct,North America,Desktop,,1072.5,False,0,0,Monday,3,Aug,False,0.0
S05730,Returning_Visitor,Organic,South America,Mobile,7,136.3,False,4,0,Monday,12,Dec,False,0.0
S05731,Returning_Visitor,Social,Europe,Desktop,3,75.3,False,2,0,Thursday,11,Sep,False,0.0
S05732,New_Visitor,Social,Asia,Desktop,2,1.2,False,1,1,Friday,17,Feb,True,0.0
S05733,Returning_Visitor,Paid,Europe,Mobile,1,187.4,True,0,0,Tuesday,1,May,False,0.0
S05734,New_Visitor,Direct,Asia,Mobile,1,149.8,True,0,0,Monday,16,Jun,False,0.0
S05735,Returning_Visitor,Direct,North America,Mobile,4,29.6,False,0,0,Sunday,11,Oct,False,0.0
S05736,Returning_Visitor,Direct,Europe,Desktop,3,81.8,False,0,0,Monday,8,Jun,False,0.0
S05737,Returning_Visitor,Organic,Asia,Mobile,1,204.0,True,0,0,Monday,23,Sep,False,0.0
S05738,New_Visitor,Social,North America,Mobile,4,32.3,False,3,0,Wednesday,9,Nov,False,0.0
S05739,New_Visitor,Direct,Asia,Desktop,1,124.2,True,0,0,Tuesday,11,Feb,False,0.0
S05740,New_Visitor,Direct,Africa,Mobile,2,27.0,False,1,0,Friday,9,Oct,True,0.0
S05741,Returning_Visitor,Direct,North America,Mobile,1,4.2,True,0,0,Sunday,16,Oct,False,0.0
S05742,Returning_Visitor,Social,Africa,Mobile,3,27.6,False,0,0,Thursday,18,Nov,True,0.0
S05743,Returning_Visitor,Paid,North America,Tablet,2,148.5,False,0,0,Saturday,20,Dec,False,0.0
S05744,Returning_Visitor,Referral,Europe,Mobile,6,53.2,False,1,1,Sunday,11,May,False,0.0
S05745,New_Visitor,Direct,Asia,Desktop,5,1.1,False,3,1,Tuesday,14,Jun,False,26.09
S05746,Returning_Visitor,Social,Asia,Tablet,1,89.7,True,0,0,Thursday,16,Apr,False,0.0
S05747,Returning_Visitor,Referral,North America,Desktop,1,63.9,True,0,0,Friday,16,May,True,0.0
S05748,Returning_Visitor,Organic,South America,Mobile,2,252.6,False,0,0,Wednesday,17,May,True,0.0
S05749,Returning_Visitor,Organic,Oceania,Desktop,3,155.2,False,1,0,Saturday,18,Nov,False,79.17
S05750,Returning_Visitor,Organic,North America,Desktop,2,5.6,False,0,0,Friday,8,Jan,False,0.0
S05751,New_Visitor,Direct,Africa,Mobile,,2.6,False,0,0,Wednesday,9,Mar,False,0.0
S05752,Returning_Visitor,Social,Asia,Desktop,1,92.3,True,0,0,Monday,17,Aug,False,0.0
S05753,New_Visitor,Direct,Oceania,Mobile,2,264.8,False,0,0,Monday,13,Oct,False,0.0
S05754,Returning_Visitor,Direct,North America,Mobile,2,193.3,False,0,0,Wednesday,12,Sep,False,0.0
S05755,Returning_Visitor,Paid,South America,Desktop,13,365.4,False,5,0,Monday,13,Jan,False,0.0
S05756,New_Visitor,Social,North America,Mobile,6,390.6,False,2,1,Saturday,12,Jun,False,0.0
S05757,Returning_Visitor,Referral,Africa,Mobile,5,24.3,False,1,0,Wednesday,15,Mar,False,0.0
S05758,New_Visitor,Organic,Asia,Mobile,3,228.0,False,1,0,Friday,11,Dec,False,0.0
S05759,New_Visitor,Organic,Europe,Mobile,2,34.5,False,0,0,Wednesday,16,Dec,False,0.0
S05760,New_Visitor,Organic,North America,Desktop,6,980.2,False,0,0,Saturday,9,Jan,False,0.0
S05761,Returning_Visitor,Organic,South America,Desktop,2,49.4,False,1,0,Sunday,18,Sep,True,0.0
S05762,Returning_Visitor,Organic,Asia,Desktop,3,74.6,False,0,0,Saturday,18,Nov,False,0.0
S05763,Returning_Visitor,Referral,Europe,Desktop,1,20.2,True,0,0,Thursday,15,May,False,0.0
S05764,New_Visitor,Organic,Europe,Mobile,5,301.1,False,3,1,Monday,12,Sep,False,0.0
S05765,Returning_Visitor,Organic,South America,Desktop,3,18.3,False,1,1,Wednesday,1,Mar,False,0.0
S05766,Returning_Visitor,Organic,Europe,Tablet,,23.1,False,2,0,Wednesday,8,Feb,False,0.0
S05767,New_Visitor,Referral,North America,Mobile,3,214.4,False,1,0,Sunday,7,Dec,False,0.0
S05768,New_Visitor,Referral,Africa,Desktop,1,174.7,True,0,0,Thursday,0,Sep,False,0.0
S05769,New_Visitor,Referral,Europe,Desktop,15,1225.4,False,10,1,Friday,17,Nov,False,0.0
S05770,Returning_Visitor,Organic,Europe,Mobile,3,51.7,False,0,0,Saturday,22,Jul,False,0.0
S05771,Returning_Visitor,Direct,North America,Mobile,1,27.0,True,0,0,Thursday,1,Mar,False,0.0
S05772,Returning_Visitor,Organic,Africa,Tablet,2,27.3,False,0,0,Friday,8,May,False,0.0
S05773,New_Visitor,Organic,North America,Desktop,1,69.1,True,0,0,Tuesday,20,Nov,False,0.0
S05774,Returning_Visitor,Paid,Asia,Desktop,1,16.3,True,0,0,Monday,16,Jan,True,0.0
S05775,New_Visitor,Paid,Africa,Tablet,2,101.6,False,0,0,Saturday,12,Mar,False,0.0
S05776,New_Visitor,Referral,North America,Desktop,10,1097.6,False,5,1,Saturday,23,Apr,False,28.93
S05777,Returning_Visitor,Paid,South America,Mobile,1,43.6,True,0,0,Wednesday,15,Apr,False,0.0
S05778,New_Visitor,Referral,Europe,Desktop,7,378.1,False,3,0,Thursday,16,Feb,True,0.0
S05779,Returning_Visitor,Organic,Asia,Mobile,5,1033.9,False,0,0,Wednesday,16,Nov,False,0.0
S05780,New_Visitor,Paid,Europe,Desktop,5,115.3,False,2,2,Thursday,10,Mar,False,0.0
S05781,Returning_Visitor,Organic,Asia,Mobile,4,383.2,False,1,1,Tuesday,13,Nov,False,69.83
S05782,New_Visitor,Referral,North America,Mobile,3,209.0,False,0,0,Saturday,10,May,False,0.0
S05783,Returning_Visitor,Organic,North America,Tablet,1,7.2,True,0,0,Thursday,14,Jun,True,0.0
S05784,New_Visitor,Direct,Oceania,Desktop,3,824.5,False,0,0,Thursday,4,Jul,False,0.0
S05785,New_Visitor,Referral,North America,Desktop,2,140.4,False,0,0,Monday,12,Oct,False,22.46
S05786,Returning_Visitor,Direct,South America,Desktop,1,0.8,True,0,0,Friday,12,Oct,False,0.0
S05787,New_Visitor,Organic,North America,Tablet,5,384.4,False,1,0,Tuesday,11,Sep,True,0.0
S05788,Returning_Visitor,Direct,Europe,Mobile,3,25.9,False,1,0,Wednesday,7,Oct,False,0.0
S05789,Returning_Visitor,Direct,South America,Mobile,,104.1,False,1,0,Wednesday,18,Jan,False,0.0
S05790,New_Visitor,Paid,North America,Desktop,2,51.4,False,1,0,Thursday,12,Jul,False,0.0
S05791,New_Visitor,Social,Africa,Mobile,3,66.7,False,0,0,Tuesday,19,Jul,False,0.0
S05792,Returning_Visitor,Direct,Europe,Desktop,4,327.4,False,2,0,Saturday,19,Apr,False,0.0
S05793,Returning_Visitor,Organic,Europe,Desktop,1,84.0,True,0,0,Wednesday,9,Aug,False,0.0
S05794,Returning_Visitor,Social,Asia,Mobile,6,270.6,False,2,0,Friday,12,Jul,False,0.0
S05795,New_Visitor,Organic,Europe,Desktop,2,100.4,False,1,1,Friday,17,Jul,False,0.0
S05796,Returning_Visitor,Organic,Europe,Mobile,4,90.3,False,2,2,Friday,13,Feb,False,0.0
S05797,New_Visitor,Direct,Asia,Mobile,2,2.8,False,1,1,Thursday,20,Jun,False,0.0
S05798,Returning_Visitor,Paid,Europe,Tablet,4,104.0,False,2,1,Saturday,15,Oct,False,0.0
S05799,Returning_Visitor,Organic,North America,Mobile,1,0.6,True,0,0,Saturday,16,Jun,False,0.0
S05800,New_Visitor,Organic,South America,Desktop,,960.4,False,4,2,Wednesday,18,Jul,True,0.0
S05801,New_Visitor,Direct,South America,Mobile,5,307.1,False,4,1,Friday,8,Dec,False,0.0
S05802,New_Visitor,Organic,Europe,Desktop,4,930.3,False,0,0,Monday,15,Nov,False,0.0
S05803,New_Visitor,Referral,Europe,Desktop,2,24.2,False,0,0,Monday,7,Dec,False,0.0
S05804,Returning_Visitor,Direct,Asia,Mobile,6,386.1,False,2,0,Thursday,10,Feb,False,0.0
S05805,New_Visitor,Direct,Europe,Tablet,5,62.4,False,1,0,Sunday,9,Aug,False,0.0
S05806,New_Visitor,Organic,Europe,Desktop,2,122.3,False,1,0,Friday,14,Apr,False,0.0
S05807,New_Visitor,Organic,Oceania,Desktop,1,40.6,True,0,0,Friday,19,Jun,False,0.0
S05808,Returning_Visitor,Social,North America,Mobile,1,65.6,True,0,0,Tuesday,8,Sep,False,0.0
S05809,Returning_Visitor,Paid,Asia,Desktop,3,232.6,False,1,0,Thursday,18,Aug,False,0.0
S05810,New_Visitor,Organic,Africa,Mobile,5,222.0,False,2,1,Wednesday,8,Jul,False,0.0
S05811,New_Visitor,Organic,Asia,Desktop,4,163.4,False,1,0,Saturday,9,Nov,False,0.0
S05812,Returning_Visitor,Organic,Africa,Desktop,3,13.0,False,1,0,Monday,21,Sep,False,0.0
S05813,Returning_Visitor,Referral,Europe,Mobile,1,27.1,True,0,0,Thursday,0,Nov,False,0.0
S05814,New_Visitor,Social,North America,Tablet,1,21.6,True,0,0,Sunday,9,Dec,False,0.0
S05815,New_Visitor,Direct,Africa,Mobile,1,58.9,True,0,0,Sunday,10,Oct,False,0.0
S05816,New_Visitor,Referral,Europe,Mobile,1,19.4,True,0,0,Saturday,10,Jun,False,0.0
S05817,New_Visitor,Social,Asia,Desktop,1,15.9,True,0,0,Wednesday,11,Mar,False,0.0
S05818,Returning_Visitor,Paid,North America,Tablet,4,453.2,False,3,0,Sunday,8,Apr,False,0.0
S05819,Returning_Visitor,Organic,South America,Desktop,3,317.3,False,0,0,Saturday,13,Jun,False,0.0
S05820,New_Visitor,Organic,Europe,Tablet,14,334.6,False,4,1,Saturday,12,Oct,False,0.0
S05821,Returning_Visitor,Organic,North America,Mobile,5,26.9,False,0,0,Sunday,15,Jan,True,0.0
S05822,New_Visitor,Paid,Europe,Desktop,1,41.3,True,0,0,Sunday,20,Nov,False,0.0
S05823,Returning_Visitor,Social,Asia,Desktop,4,144.0,False,0,0,Tuesday,11,Oct,False,0.0
S05824,Returning_Visitor,Referral,North America,Mobile,1,122.3,True,0,0,Monday,14,Jul,False,0.0
S05825,New_Visitor,Organic,Asia,Desktop,13,617.5,False,1,1,Friday,12,Jun,False,0.0
S05826,New_Visitor,Organic,Europe,Tablet,3,514.9,False,1,1,Thursday,5,Feb,False,0.0
S05827,Returning_Visitor,Organic,North America,Desktop,1,39.6,True,0,0,Wednesday,19,Apr,True,0.0
S05828,New_Visitor,Referral,South America,Desktop,3,198.1,False,2,0,Friday,16,Feb,True,0.0
S05829,New_Visitor,Organic,Europe,Desktop,9,352.8,False,2,0,Monday,0,Nov,False,0.0
S05830,New_Visitor,Organic,North America,Desktop,6,139.4,False,1,0,Monday,10,Jul,True,0.0
S05831,Returning_Visitor,Social,Europe,Mobile,2,3.3,False,1,0,Wednesday,11,Apr,False,0.0
S05832,New_Visitor,Organic,Asia,Mobile,2,189.2,False,0,0,Tuesday,19,Jan,False,0.0
S05833,Returning_Visitor,Direct,Africa,Mobile,6,840.4,False,1,1,Friday,18,Jul,False,0.0
S05834,New_Visitor,Organic,North America,Desktop,7,555.5,False,3,0,Sunday,12,Oct,False,0.0
S05835,Returning_Visitor,Social,Europe,Tablet,8,152.6,False,4,1,Friday,9,Oct,False,0.0
S05836,Returning_Visitor,Referral,North America,Desktop,9,916.9,False,3,1,Friday,12,Mar,False,0.0
S05837,Returning_Visitor,Paid,South America,Tablet,3,170.8,False,0,0,Monday,19,Dec,False,0.0
S05838,New_Visitor,Direct,Europe,Desktop,6,413.5,False,2,1,Thursday,13,Aug,False,0.0
S05839,Returning_Visitor,Paid,Asia,Mobile,2,8.2,False,1,0,Saturday,8,May,True,0.0
S05840,Returning_Visitor,Paid,Europe,Mobile,6,313.9,False,3,2,Friday,5,Jun,False,0.0
S05841,New_Visitor,Referral,South America,Desktop,2,98.8,False,0,0,Tuesday,11,Feb,False,0.0
S05842,New_Visitor,Paid,Europe,Desktop,3,195.1,False,0,0,Saturday,8,Jul,False,0.0
S05843,New_Visitor,Direct,Oceania,Mobile,2,177.2,False,1,0,Sunday,18,Oct,False,0.0
S05844,New_Visitor,Direct,North America,Desktop,7,217.8,False,4,1,Tuesday,10,Jun,False,0.0
S05845,Returning_Visitor,Organic,Europe,Mobile,1,10.1,True,0,0,Tuesday,20,Nov,True,0.0
S05846,New_Visitor,Referral,South America,Mobile,9,1390.7,False,4,1,Wednesday,15,Jul,False,0.0
S05847,New_Visitor,Social,Asia,Mobile,2,179.8,False,0,0,Monday,12,Dec,False,0.0
S05848,Returning_Visitor,Social,North America,Tablet,2,93.3,False,1,1,Sunday,15,Oct,False,0.0
S05849,New_Visitor,Organic,Oceania,Desktop,6,157.6,False,2,0,Sunday,11,Jan,False,0.0
S05850,New_Visitor,Direct,North America,Desktop,4,992.0,False,0,0,Friday,8,Jan,False,0.0
S05851,New_Visitor,Organic,North America,Desktop,10,58.9,False,3,1,Saturday,22,Nov,False,0.0
S05852,Returning_Visitor,Referral,Europe,Mobile,3,490.9,False,1,1,Friday,14,May,False,27.69
S05853,Returning_Visitor,Organic,Europe,Tablet,3,93.2,False,2,1,Wednesday,0,Mar,False,0.0
S05854,Returning_Visitor,Paid,South America,Tablet,11,67.2,False,4,2,Friday,11,Nov,False,0.0
S05855,New_Visitor,Organic,Europe,Tablet,8,228.8,False,1,1,Saturday,9,Dec,False,0.0
S05856,Returning_Visitor,Organic,Europe,Tablet,1,83.1,True,0,0,Saturday,10,Nov,False,0.0
S05857,New_Visitor,Paid,Europe,Tablet,2,66.4,False,0,0,Monday,6,Oct,False,0.0
S05858,New_Visitor,Direct,Europe,Desktop,3,122.3,False,0,0,Thursday,10,Jan,False,0.0
S05859,New_Visitor,Organic,Africa,Tablet,9,936.5,False,1,0,Wednesday,16,Feb,False,0.0
S05860,Returning_Visitor,Direct,Africa,Mobile,3,172.1,False,1,0,Saturday,19,Sep,False,0.0
S05861,New_Visitor,Organic,Europe,Desktop,4,264.7,False,2,1,Thursday,11,Jun,False,15.71
S05862,New_Visitor,Paid,North America,Desktop,1,10.0,True,0,0,Wednesday,14,Jan,False,0.0
S05863,New_Visitor,Referral,Africa,Desktop,3,52.4,False,1,0,Friday,5,Oct,False,0.0
S05864,New_Visitor,Organic,North America,Mobile,1,31.8,True,0,0,Thursday,7,Jun,False,0.0
S05865,Returning_Visitor,Referral,North America,Mobile,1,7.0,True,0,0,Tuesday,14,Sep,False,0.0
S05866,New_Visitor,Organic,North America,Desktop,1,19.6,True,0,0,Sunday,19,Jul,False,0.0
S05867,Returning_Visitor,Social,North America,Mobile,1,107.6,True,0,0,Monday,7,Jan,False,0.0
S05868,New_Visitor,Paid,South America,Desktop,15,20.1,False,7,2,Monday,12,Sep,False,4.56
S05869,Returning_Visitor,Paid,Asia,Mobile,2,6.3,False,1,0,Monday,22,Oct,False,0.0
S05870,Returning_Visitor,Direct,Oceania,Mobile,3,209.1,False,0,0,Tuesday,17,Mar,False,0.0
S05871,New_Visitor,Direct,North America,Tablet,1,29.3,True,0,0,Thursday,9,Dec,False,0.0
S05872,New_Visitor,Organic,Europe,Desktop,5,444.9,False,1,0,Friday,10,Mar,False,0.0
S05873,Returning_Visitor,Referral,Oceania,Tablet,4,644.6,False,1,1,Thursday,22,Jun,False,0.0
S05874,Returning_Visitor,Direct,South America,Desktop,1,18.6,True,0,0,Tuesday,10,Jul,False,0.0
S05875,New_Visitor,Direct,Asia,Desktop,1,2.3,True,0,0,Monday,13,May,True,0.0
S05876,New_Visitor,Paid,North America,Mobile,1,36.5,True,0,0,Thursday,11,Jul,False,0.0
S05877,Returning_Visitor,Organic,South America,Mobile,3,599.5,False,1,0,Thursday,13,Oct,False,0.0
S05878,Returning_Visitor,Organic,Europe,Tablet,1,47.3,True,0,0,Wednesday,10,Oct,False,0.0
S05879,New_Visitor,Organic,Europe,Mobile,1,28.4,True,0,0,Tuesday,16,Dec,False,0.0
S05880,New_Visitor,Organic,Asia,Tablet,2,96.4,False,1,1,Monday,10,Nov,False,0.0
S05881,New_Visitor,Organic,Asia,Desktop,1,10.8,True,0,0,Monday,15,Dec,False,0.0
S05882,Returning_Visitor,Direct,Asia,Desktop,3,250.5,False,0,0,Monday,11,Aug,False,0.0
S05883,New_Visitor,Direct,Asia,Mobile,1,68.5,True,0,0,Saturday,10,Jun,False,0.0
S05884,Returning_Visitor,Organic,North America,Desktop,16,1236.3,False,4,0,Wednesday,17,Apr,False,0.0
S05885,New_Visitor,Social,Europe,Tablet,2,43.2,False,0,0,Monday,22,Apr,False,0.0
S05886,New_Visitor,Organic,Asia,Mobile,1,100.8,True,0,0,Thursday,20,Mar,False,0.0
S05887,Returning_Visitor,Referral,North America,Mobile,,134.1,True,0,0,Thursday,7,Oct,False,0.0
S05888,Returning_Visitor,Direct,Europe,Mobile,2,373.6,False,0,0,Wednesday,13,Sep,False,0.0
S05889,Returning_Visitor,Direct,North America,Mobile,5,305.3,False,2,0,Monday,17,Apr,False,0.0
S05890,New_Visitor,Paid,Europe,Desktop,2,51.4,False,0,0,Saturday,14,Dec,False,0.0
S05891,Returning_Visitor,Organic,Oceania,Mobile,1,29.4,True,0,0,Friday,17,Aug,False,0.0
S05892,Returning_Visitor,Direct,North America,Mobile,3,150.1,False,1,0,Wednesday,22,Jan,False,0.0
S05893,New_Visitor,Paid,Europe,Tablet,2,102.8,False,1,0,Wednesday,11,Jan,False,0.0
S05894,New_Visitor,Referral,Asia,Desktop,3,283.0,False,2,1,Tuesday,18,Mar,False,0.0
S05895,New_Visitor,Organic,North America,Mobile,2,10.7,False,1,1,Saturday,8,Mar,False,0.0
S05896,New_Visitor,Direct,Africa,Desktop,,200.7,False,2,1,Friday,20,Nov,False,0.0
S05897,Returning_Visitor,Referral,Europe,Desktop,5,128.6,False,0,0,Monday,18,Oct,True,0.0
S05898,New_Visitor,Paid,Africa,Mobile,7,754.1,False,4,2,Wednesday,14,Mar,False,0.0
S05899,Returning_Visitor,Organic,North America,Desktop,5,130.2,False,1,0,Sunday,19,Apr,False,0.0
S05900,New_Visitor,Organic,North America,Mobile,2,75.7,False,0,0,Thursday,16,Sep,False,0.0
S05901,Returning_Visitor,Direct,Europe,Mobile,2,31.0,False,0,0,Wednesday,14,Nov,False,0.0
S05902,New_Visitor,Organic,Europe,Desktop,4,84.1,False,2,0,Friday,22,May,False,0.0
S05903,New_Visitor,Organic,South America,Mobile,1,48.7,True,0,0,Tuesday,8,Jul,False,0.0
S05904,New_Visitor,Organic,North America,Desktop,4,133.2,False,1,1,Thursday,23,Dec,False,0.0
S05905,New_Visitor,Organic,Asia,Tablet,4,54.0,False,2,1,Friday,9,Oct,False,26.62
S05906,Returning_Visitor,Organic,North America,Desktop,4,154.1,False,1,0,Saturday,13,Dec,False,0.0
S05907,New_Visitor,Paid,South America,Desktop,2,21.7,False,0,0,Friday,10,Apr,False,0.0
S05908,Returning_Visitor,Organic,South America,Mobile,3,384.3,False,1,0,Wednesday,10,Sep,False,0.0
S05909,New_Visitor,Organic,Europe,Tablet,1,154.8,True,0,0,Saturday,16,Feb,False,0.0
S05910,New_Visitor,Organic,North America,Tablet,1,15.4,True,0,0,Sunday,4,Aug,False,0.0
S05911,New_Visitor,Paid,Asia,Desktop,5,16.1,False,3,1,Thursday,21,May,True,0.0
S05912,Returning_Visitor,Social,North America,Desktop,2,314.1,False,1,0,Monday,10,Oct,False,0.0
S05913,Returning_Visitor,Social,North America,Mobile,3,67.3,False,0,0,Sunday,10,Mar,False,0.0
S05914,New_Visitor,Organic,Asia,Mobile,2,25.0,False,0,0,Tuesday,20,Sep,False,0.0
S05915,New_Visitor,Social,Oceania,Desktop,1,151.0,True,0,0,Monday,18,Oct,True,0.0
S05916,New_Visitor,Direct,Africa,Desktop,5,642.7,False,1,0,Wednesday,16,Nov,False,0.0
S05917,Returning_Visitor,Organic,Asia,Desktop,5,16.4,False,1,0,Wednesday,8,Sep,False,0.0
S05918,Returning_Visitor,Referral,Europe,Desktop,,83.8,False,0,0,Saturday,18,Jul,False,0.0
S05919,New_Visitor,Social,Oceania,Mobile,6,602.8,False,2,0,Wednesday,11,Oct,False,25.28
S05920,Returning_Visitor,Social,Europe,Desktop,2,37.3,False,1,1,Monday,23,Apr,False,57.86
S05921,New_Visitor,Paid,Europe,Desktop,5,331.2,False,2,0,Friday,16,Sep,False,0.0
S05922,Returning_Visitor,Paid,Africa,Desktop,2,4.9,False,0,0,Friday,19,Oct,False,0.0
S05923,New_Visitor,Organic,North America,Desktop,1,110.6,True,0,0,Saturday,17,Jun,False,0.0
S05924,Returning_Visitor,Direct,North America,Desktop,4,131.7,False,2,1,Wednesday,15,Dec,True,0.0
S05925,New_Visitor,Organic,Asia,Mobile,1,38.1,True,0,0,Monday,17,May,False,0.0
S05926,Returning_Visitor,Paid,North America,Tablet,2,198.2,False,0,0,Thursday,15,Feb,False,0.0
S05927,Returning_Visitor,Organic,Europe,Desktop,1,36.3,True,0,0,Monday,6,May,False,0.0
S05928,Returning_Visitor,Paid,Europe,Mobile,2,13.2,False,0,0,Monday,11,Feb,True,0.0
S05929,Returning_Visitor,Direct,Europe,Mobile,7,294.8,False,2,0,Saturday,11,May,False,0.0
S05930,Returning_Visitor,Direct,Oceania,Desktop,3,109.8,False,1,1,Wednesday,17,Feb,False,0.0
S05931,New_Visitor,Organic,North America,Desktop,1,35.9,True,0,0,Thursday,15,Jun,False,0.0
S05932,New_Visitor,Direct,Europe,Desktop,4,51.4,False,1,0,Friday,15,Oct,False,0.0
S05933,New_Visitor,Paid,North America,Mobile,6,64.5,False,1,1,Wednesday,19,Jan,False,0.0
S05934,Returning_Visitor,Organic,Asia,Mobile,1,90.3,True,0,0,Monday,14,Aug,False,0.0
S05935,New_Visitor,Direct,Asia,Desktop,5,289.6,False,1,0,Tuesday,10,Jan,False,0.0
S05936,Returning_Visitor,Organic,Europe,Mobile,3,1.1,False,2,2,Tuesday,1,Nov,False,0.0
S05937,Returning_Visitor,Direct,North America,Mobile,3,324.6,False,0,0,Sunday,9,Dec,False,0.0
S05938,New_Visitor,Organic,Asia,Desktop,9,69.9,False,2,0,Saturday,4,Jul,False,0.0
S05939,New_Visitor,Organic,Europe,Mobile,1,80.3,True,0,0,Thursday,10,Oct,False,0.0
S05940,New_Visitor,Paid,North America,Desktop,4,24.2,False,2,0,Monday,16,Aug,False,0.0
S05941,New_Visitor,Direct,Europe,Mobile,1,213.2,True,0,0,Monday,9,May,False,0.0
S05942,New_Visitor,Organic,Europe,Desktop,5,692.3,False,4,1,Saturday,7,Apr,False,0.0
S05943,New_Visitor,Referral,Oceania,Mobile,7,84.9,False,3,1,Sunday,22,Oct,False,0.0
S05944,Returning_Visitor,Organic,South America,Desktop,1,0.5,True,0,0,Monday,23,Jun,False,0.0
S05945,Returning_Visitor,Organic,Asia,Mobile,1,3.7,True,0,0,Sunday,16,Dec,False,0.0
S05946,New_Visitor,Direct,Africa,Desktop,10,992.5,False,6,3,Wednesday,8,Dec,False,0.0
S05947,New_Visitor,Organic,Asia,Mobile,8,38.3,False,4,0,Tuesday,19,Mar,False,0.0
S05948,New_Visitor,Referral,Africa,Desktop,8,722.8,False,2,0,Monday,14,Aug,False,0.0
S05949,Returning_Visitor,Direct,North America,Desktop,9,925.4,False,4,2,Saturday,9,Jul,True,0.0
S05950,Returning_Visitor,Social,Europe,Desktop,3,66.0,False,1,1,Thursday,15,Nov,False,0.0
S05951,New_Visitor,Paid,Asia,Desktop,12,956.5,False,5,2,Saturday,5,Sep,False,37.36
S05952,New_Visitor,Organic,Asia,Mobile,7,720.9,False,2,0,Tuesday,22,Aug,False,0.0
S05953,Returning_Visitor,Direct,North America,Tablet,1,91.0,True,0,0,Friday,19,Sep,False,0.0
S05954,Returning_Visitor,Direct,Europe,Mobile,6,76.6,False,2,0,Monday,10,Jun,False,0.0
S05955,New_Visitor,Organic,Europe,Tablet,4,143.2,False,2,0,Monday,12,Dec,False,0.0
S05956,Returning_Visitor,Social,North America,Desktop,1,4.2,True,0,0,Monday,12,Jan,False,0.0
S05957,New_Visitor,Social,Europe,Desktop,5,223.5,False,2,0,Saturday,20,Jan,False,0.0
S05958,New_Visitor,Direct,Europe,Mobile,2,70.1,False,1,0,Friday,11,Jun,False,0.0
S05959,Returning_Visitor,Direct,Africa,Tablet,6,838.5,False,1,1,Tuesday,6,Mar,True,0.0
S05960,Returning_Visitor,Organic,Asia,Mobile,6,6.6,False,4,0,Wednesday,10,Aug,False,0.0
S05961,New_Visitor,Referral,South America,Desktop,9,408.0,False,4,1,Saturday,10,Jan,False,0.0
S05962,Returning_Visitor,Social,Africa,Desktop,1,79.1,True,0,0,Tuesday,22,Jun,False,0.0
S05963,New_Visitor,Referral,Europe,Desktop,4,149.6,False,1,0,Sunday,21,Apr,False,0.0
S05964,Returning_Visitor,Organic,Europe,Desktop,2,32.6,False,0,0,Sunday,11,Mar,False,0.0
S05965,New_Visitor,Referral,North America,Mobile,5,282.4,False,2,0,Thursday,0,Jun,False,0.0
S05966,Returning_Visitor,Direct,Oceania,Desktop,3,783.2,False,1,1,Friday,14,Nov,False,0.0
S05967,Returning_Visitor,Direct,North America,Tablet,3,7.5,False,1,0,Friday,18,Sep,False,0.0
S05968,New_Visitor,Direct,Asia,Tablet,1,13.1,True,0,0,Tuesday,10,Mar,True,0.0
S05969,Returning_Visitor,Direct,Europe,Tablet,3,121.4,False,2,1,Wednesday,13,Jul,False,37.78
S05970,Returning_Visitor,Social,Oceania,Tablet,2,109.2,False,0,0,Monday,9,Dec,False,0.0
S05971,Returning_Visitor,Paid,Europe,Desktop,2,117.4,False,0,0,Sunday,11,Jun,False,0.0
S05972,New_Visitor,Organic,South America,Tablet,14,52.2,False,4,0,Saturday,18,Jul,False,18.63
S05973,Returning_Visitor,Paid,North America,Desktop,4,31.5,False,1,0,Monday,12,Dec,False,0.0
S05974,Returning_Visitor,Direct,North America,Tablet,3,521.0,False,1,0,Thursday,13,Feb,False,0.0
S05975,New_Visitor,Social,Asia,Desktop,7,32.9,False,3,0,Wednesday,18,Oct,True,0.0
S05976,Returning_Visitor,Paid,Oceania,Desktop,1,32.6,True,0,0,Saturday,18,Apr,False,0.0
S05977,New_Visitor,Direct,Europe,Desktop,3,155.0,False,1,0,Wednesday,9,Nov,False,0.0
S05978,New_Visitor,Social,Oceania,Desktop,6,135.8,False,3,1,Friday,12,Jan,False,0.0
S05979,New_Visitor,Organic,South America,Tablet,1,17.7,True,0,0,Tuesday,19,Dec,False,0.0
S05980,Returning_Visitor,Organic,South America,Mobile,1,20.6,True,0,0,Thursday,13,Oct,False,0.0
S05981,Returning_Visitor,Referral,Europe,Mobile,1,19.9,True,0,0,Wednesday,16,Apr,False,0.0
S05982,New_Visitor,Paid,Europe,Mobile,15,429.4,False,4,4,Tuesday,11,Oct,False,0.0
S05983,Returning_Visitor,Paid,North America,Mobile,3,22.2,False,2,1,Friday,6,Dec,False,0.0
S05984,New_Visitor,Referral,Oceania,Desktop,3,345.8,False,0,0,Friday,9,Feb,False,0.0
S05985,New_Visitor,Direct,Oceania,Mobile,2,171.0,False,1,0,Sunday,12,Dec,False,0.0
S05986,New_Visitor,Direct,Asia,Mobile,2,4.2,False,0,0,Friday,11,May,False,0.0
S05987,Returning_Visitor,Paid,North America,Mobile,5,429.7,False,2,1,Thursday,20,Jan,False,63.79
S05988,Returning_Visitor,Direct,North America,Tablet,8,845.1,False,3,1,Sunday,14,Feb,False,0.0
S05989,Returning_Visitor,Social,Oceania,Mobile,1,153.1,True,0,0,Saturday,15,Nov,True,0.0
S05990,Returning_Visitor,Direct,North America,Desktop,2,113.9,False,1,0,Thursday,16,Dec,False,0.0
S05991,New_Visitor,Referral,South America,Tablet,1,115.0,True,0,0,Thursday,14,Dec,False,0.0
S05992,New_Visitor,Direct,Europe,Tablet,2,170.8,False,1,0,Sunday,18,Jun,False,0.0
S05993,New_Visitor,Paid,Europe,Tablet,3,4.6,False,0,0,Friday,18,Dec,False,0.0
S05994,New_Visitor,Referral,South America,Mobile,4,399.9,False,1,0,Friday,11,Jun,False,0.0
S05995,New_Visitor,Paid,North America,Desktop,7,365.4,False,4,1,Monday,7,Feb,False,0.0
S05996,Returning_Visitor,Organic,Europe,Desktop,3,189.3,False,1,0,Friday,23,May,False,0.0
S05997,New_Visitor,Referral,Oceania,Desktop,3,389.2,False,1,0,Tuesday,16,Dec,False,0.0
S05998,Returning_Visitor,Social,Asia,Mobile,3,1.9,False,0,0,Monday,17,Sep,False,0.0
S05999,New_Visitor,Social,South America,Desktop,7,48.0,False,1,0,Saturday,18,May,False,0.0
S06000,New_Visitor,Paid,South America,Mobile,4,204.7,False,0,0,Friday,15,Sep,False,0.0
S06001,Returning_Visitor,Organic,North America,Tablet,5,158.1,False,3,0,Wednesday,13,Jun,False,0.0
S06002,New_Visitor,Organic,North America,Tablet,4,129.9,False,1,0,Thursday,23,Jan,True,0.0
S06003,Returning_Visitor,Direct,Europe,Desktop,8,179.6,False,2,0,Tuesday,17,Mar,False,0.0
S06004,Returning_Visitor,Organic,Europe,Desktop,6,614.4,False,3,1,Monday,19,Jan,False,0.0
S06005,New_Visitor,Paid,Europe,Mobile,2,13.1,False,0,0,Wednesday,13,Apr,False,0.0
S06006,Returning_Visitor,Organic,South America,Mobile,6,274.1,False,2,0,Monday,21,Oct,False,0.0
S06007,New_Visitor,Direct,North America,Mobile,2,73.5,False,0,0,Wednesday,17,Mar,False,0.0
S06008,New_Visitor,Organic,Asia,Tablet,6,288.5,False,3,2,Saturday,18,Jul,False,0.0
S06009,Returning_Visitor,Direct,North America,Desktop,8,24.9,False,4,1,Monday,7,Oct,False,0.0
S06010,New_Visitor,Direct,North America,Desktop,4,268.8,False,0,0,Monday,15,Aug,False,0.0
S06011,Returning_Visitor,Organic,Europe,Mobile,4,3.3,False,0,0,Sunday,11,Jan,False,0.0
S06012,Returning_Visitor,Direct,South America,Mobile,1,45.0,True,0,0,Saturday,16,May,False,0.0
S06013,Returning_Visitor,Direct,North America,Desktop,2,37.0,False,0,0,Monday,14,Jun,False,0.0
S06014,New_Visitor,Paid,Asia,Mobile,3,67.6,False,0,0,Monday,8,May,False,0.0
S06015,New_Visitor,Organic,Asia,Tablet,1,80.5,True,0,0,Friday,14,Aug,False,0.0
S06016,Returning_Visitor,Direct,North America,Desktop,6,1533.8,False,2,0,Wednesday,13,Jul,False,69.04
S06017,New_Visitor,Paid,Europe,Tablet,2,77.4,False,1,0,Saturday,18,Mar,False,0.0
S06018,New_Visitor,Social,Africa,Mobile,4,265.7,False,1,0,Wednesday,13,Oct,False,0.0
S06019,New_Visitor,Paid,Europe,Tablet,5,85.7,False,2,1,Sunday,13,Mar,False,0.0
S06020,New_Visitor,Paid,North America,Desktop,3,145.3,False,1,1,Friday,17,Jun,False,0.0
S06021,New_Visitor,Direct,Asia,Desktop,5,31.6,False,3,1,Monday,16,Oct,False,0.0
S06022,Returning_Visitor,Referral,Asia,Desktop,4,455.7,False,2,1,Wednesday,23,Sep,False,6.7
S06023,Returning_Visitor,Organic,North America,Desktop,2,73.0,False,1,0,Thursday,11,Jun,False,0.0
S06024,New_Visitor,Direct,North America,Desktop,6,161.5,False,0,0,Monday,16,Oct,False,0.0
S06025,New_Visitor,Social,North America,Tablet,4,172.9,False,0,0,Monday,9,Oct,False,28.02
S06026,New_Visitor,Direct,North America,Desktop,1,146.5,True,0,0,Monday,19,Jun,False,0.0
S06027,Returning_Visitor,Social,North America,Tablet,5,449.4,False,1,0,Thursday,18,Dec,False,0.0
S06028,New_Visitor,Social,Europe,Mobile,4,39.8,False,1,1,Friday,17,Mar,False,0.0
S06029,Returning_Visitor,Organic,Europe,Desktop,2,175.3,False,1,1,Monday,8,May,False,0.0
S06030,New_Visitor,Paid,Africa,Mobile,6,179.6,False,1,1,Friday,23,Sep,False,0.0
S06031,Returning_Visitor,Direct,Asia,Tablet,2,60.3,False,0,0,Friday,21,Nov,False,13.28
S06032,New_Visitor,Organic,Africa,Mobile,3,255.2,False,1,0,Sunday,12,May,False,0.0
S06033,Returning_Visitor,Paid,Europe,Desktop,2,73.9,False,1,1,Saturday,15,Aug,False,0.0
S06034,New_Visitor,Direct,North America,Tablet,4,18.1,False,1,0,Sunday,20,Jan,False,0.0
S06035,Returning_Visitor,Social,Europe,Desktop,3,51.0,False,1,0,Sunday,13,May,False,0.0
S06036,New_Visitor,Direct,South America,Mobile,2,270.0,False,0,0,Thursday,15,May,False,0.0
S06037,Returning_Visitor,Direct,North America,Mobile,1,53.8,True,0,0,Thursday,15,Nov,False,0.0
S06038,Returning_Visitor,Social,North America,Desktop,3,356.8,False,2,0,Tuesday,16,Feb,False,0.0
S06039,New_Visitor,Referral,Europe,Desktop,3,65.5,False,2,0,Thursday,15,Jan,True,0.0
S06040,Returning_Visitor,Direct,Europe,Tablet,1,70.1,True,0,0,Tuesday,12,Jun,False,0.0
S06041,Returning_Visitor,Organic,Europe,Tablet,2,184.6,False,1,0,Friday,14,Jun,False,0.0
S06042,New_Visitor,Paid,North America,Mobile,7,84.8,False,1,0,Monday,20,Mar,False,0.0
S06043,New_Visitor,Organic,North America,Desktop,3,4.2,False,2,1,Tuesday,20,Apr,False,0.0
S06044,New_Visitor,Paid,Asia,Desktop,2,120.8,False,0,0,Tuesday,18,Dec,False,0.0
S06045,Returning_Visitor,Direct,Europe,Desktop,9,464.5,False,3,1,Sunday,12,Jul,False,0.0
S06046,Returning_Visitor,Referral,Asia,Mobile,6,14.6,False,2,0,Monday,18,Feb,False,0.0
S06047,New_Visitor,Paid,Europe,Desktop,1,31.7,True,0,0,Sunday,12,Jan,False,0.0
S06048,New_Visitor,Organic,Europe,Desktop,6,298.4,False,2,0,Monday,16,Jan,False,0.0
S06049,Returning_Visitor,Referral,North America,Mobile,1,14.3,True,0,0,Friday,14,Jun,False,0.0
S06050,Returning_Visitor,Social,Europe,Mobile,1,6.1,True,0,0,Wednesday,11,Nov,False,0.0
S06051,New_Visitor,Social,North America,Tablet,1,97.0,True,0,0,Wednesday,13,Nov,False,0.0
S06052,Returning_Visitor,Direct,Europe,Mobile,,310.9,False,0,0,Sunday,19,May,False,0.0
S06053,New_Visitor,Referral,Asia,Mobile,4,142.4,False,1,0,Tuesday,21,Oct,False,0.0
S06054,New_Visitor,Social,North America,Desktop,5,43.2,False,2,0,Tuesday,9,Oct,False,0.0
S06055,Returning_Visitor,Social,North America,Mobile,,32.8,True,0,0,Friday,13,Jul,False,0.0
S06056,New_Visitor,Social,North America,Mobile,1,19.6,True,0,0,Saturday,12,Jun,False,0.0
S06057,New_Visitor,Direct,North America,Mobile,3,121.4,False,1,0,Sunday,13,Mar,False,0.0
S06058,New_Visitor,Paid,Europe,Desktop,3,1.6,False,1,0,Friday,22,Apr,False,0.0
S06059,Returning_Visitor,Direct,Oceania,Mobile,1,121.0,True,0,0,Thursday,14,May,True,0.0
S06060,Returning_Visitor,Organic,Europe,Tablet,9,32.3,False,3,2,Wednesday,19,Nov,True,0.0
S06061,New_Visitor,Direct,Europe,Mobile,5,168.6,False,1,1,Friday,16,Aug,False,0.0
S06062,New_Visitor,Organic,Asia,Mobile,2,129.9,False,0,0,Friday,8,Mar,False,0.0
S06063,New_Visitor,Organic,Asia,Mobile,3,189.6,False,0,0,Tuesday,17,Feb,False,0.0
S06064,Returning_Visitor,Organic,Oceania,Desktop,2,42.5,False,0,0,Friday,16,Jul,False,0.0
S06065,New_Visitor,Organic,Africa,Mobile,2,83.1,False,0,0,Tuesday,18,Sep,False,0.0
S06066,Returning_Visitor,Referral,South America,Tablet,3,123.7,False,2,0,Thursday,7,Nov,False,0.0
S06067,New_Visitor,Organic,Oceania,Desktop,2,16.9,False,0,0,Tuesday,10,Nov,False,0.0
S06068,New_Visitor,Organic,North America,Desktop,,83.9,False,1,0,Wednesday,18,Nov,False,0.0
S06069,New_Visitor,Organic,Asia,Mobile,2,15.2,False,0,0,Friday,12,Jun,True,0.0
S06070,New_Visitor,Organic,Africa,Desktop,4,14.1,False,3,0,Monday,21,Nov,False,0.0
S06071,Returning_Visitor,Organic,Asia,Mobile,1,3.4,True,0,0,Monday,14,Jun,False,0.0
S06072,New_Visitor,Referral,Oceania,Desktop,1,34.3,True,0,0,Monday,0,Mar,False,0.0
S06073,New_Visitor,Paid,North America,Mobile,1,78.5,True,0,0,Tuesday,17,Jun,True,0.0
S06074,New_Visitor,Paid,Europe,Mobile,3,750.6,False,0,0,Tuesday,14,May,False,0.0
S06075,New_Visitor,Paid,Oceania,Desktop,12,609.7,False,4,0,Saturday,11,Jun,False,0.0
S06076,New_Visitor,Organic,Europe,Desktop,2,42.7,False,0,0,Thursday,2,Sep,False,0.0
S06077,New_Visitor,Organic,Asia,Desktop,1,13.9,True,0,0,Thursday,9,Sep,False,0.0
S06078,New_Visitor,Organic,North America,Desktop,1,71.2,True,0,0,Friday,9,Apr,False,0.0
S06079,Returning_Visitor,Social,Asia,Mobile,3,9.6,False,0,0,Saturday,15,May,False,0.0
S06080,New_Visitor,Organic,Oceania,Desktop,15,273.8,False,3,1,Monday,18,Aug,False,0.0
S06081,New_Visitor,Referral,Europe,Mobile,13,909.9,False,3,1,Saturday,10,Feb,False,0.0
S06082,Returning_Visitor,Organic,North America,Mobile,1,35.3,True,0,0,Sunday,17,Sep,True,0.0
S06083,New_Visitor,Organic,North America,Desktop,6,249.7,False,2,0,Monday,20,Mar,False,0.0
S06084,New_Visitor,Paid,Africa,Desktop,1,222.5,True,0,0,Friday,15,Nov,False,0.0
S06085,New_Visitor,Social,Asia,Desktop,5,155.6,False,2,0,Monday,18,Jun,True,0.0
S06086,New_Visitor,Social,North America,Mobile,6,325.5,False,1,0,Monday,9,Apr,False,0.0
S06087,Returning_Visitor,Referral,North America,Desktop,1,394.8,True,0,0,Tuesday,7,Sep,False,0.0
S06088,New_Visitor,Paid,South America,Desktop,1,69.6,True,0,0,Saturday,11,Aug,False,0.0
S06089,Returning_Visitor,Referral,South America,Desktop,1,43.3,True,0,0,Friday,17,Mar,False,0.0
S06090,New_Visitor,Paid,North America,Tablet,3,70.5,False,0,0,Thursday,16,Nov,False,0.0
S06091,New_Visitor,Organic,Europe,Mobile,1,224.9,True,0,0,Thursday,22,Jun,False,0.0
S06092,Returning_Visitor,Referral,South America,Tablet,3,62.6,False,0,0,Thursday,16,Mar,False,0.0
S06093,New_Visitor,Referral,Europe,Desktop,3,22.2,False,2,1,Wednesday,12,Nov,False,0.0
S06094,Returning_Visitor,Direct,Oceania,Desktop,2,312.2,False,0,0,Sunday,18,Feb,False,0.0
S06095,New_Visitor,Paid,Europe,Desktop,2,46.1,False,0,0,Thursday,9,Dec,False,0.0
S06096,Returning_Visitor,Paid,Asia,Tablet,14,746.7,False,5,1,Thursday,19,Jun,False,0.0
S06097,New_Visitor,Direct,Europe,Desktop,1,62.3,True,0,0,Thursday,11,Oct,False,0.0
S06098,Returning_Visitor,Direct,Oceania,Mobile,4,72.6,False,2,1,Sunday,9,Jun,True,0.0
S06099,New_Visitor,Direct,Europe,Desktop,4,132.1,False,3,1,Saturday,9,Mar,False,0.0
S06100,Returning_Visitor,Paid,North America,Mobile,4,40.6,False,2,0,Monday,23,Oct,False,0.0
S06101,New_Visitor,Referral,Europe,Desktop,2,259.1,False,0,0,Thursday,15,Apr,False,0.0
S06102,Returning_Visitor,Organic,Africa,Mobile,1,52.7,True,0,0,Tuesday,9,Sep,False,0.0
S06103,New_Visitor,Direct,Europe,Tablet,4,530.3,False,2,1,Sunday,10,Apr,False,0.0
S06104,Returning_Visitor,Organic,Europe,Desktop,8,142.7,False,0,0,Wednesday,12,Apr,False,0.0
S06105,New_Visitor,Social,Europe,Mobile,12,723.7,False,4,1,Monday,6,Jun,False,0.0
S06106,New_Visitor,Direct,North America,Mobile,2,29.5,False,0,0,Wednesday,8,Nov,False,0.0
S06107,New_Visitor,Direct,North America,Mobile,2,40.9,False,1,0,Wednesday,18,Aug,False,0.0
S06108,New_Visitor,Social,North America,Desktop,2,53.8,False,0,0,Friday,18,Jan,False,0.0
S06109,New_Visitor,Organic,Asia,Desktop,5,239.2,False,1,0,Tuesday,23,Oct,False,0.0
S06110,Returning_Visitor,Organic,Asia,Mobile,1,48.7,True,0,0,Monday,7,Aug,False,0.0
S06111,Returning_Visitor,Direct,South America,Desktop,3,40.2,False,0,0,Monday,20,Sep,False,0.0
S06112,New_Visitor,Organic,Africa,Tablet,2,5.7,False,0,0,Tuesday,11,May,False,0.0
S06113,Returning_Visitor,Direct,Europe,Mobile,7,621.1,False,4,2,Wednesday,11,Aug,False,0.0
S06114,New_Visitor,Paid,Asia,Mobile,1,44.8,True,0,0,Saturday,8,May,False,0.0
S06115,New_Visitor,Social,North America,Desktop,4,90.2,False,2,0,Tuesday,23,Feb,False,0.0
S06116,Returning_Visitor,Paid,North America,Mobile,3,9.8,False,0,0,Monday,23,Nov,False,0.0
S06117,Returning_Visitor,Paid,North America,Mobile,2,13.3,False,1,1,Saturday,20,Sep,False,55.24
S06118,Returning_Visitor,Direct,Europe,Mobile,1,33.1,True,0,0,Sunday,7,Sep,False,0.0
S06119,New_Visitor,Organic,North America,Desktop,5,198.4,False,2,1,Thursday,19,Mar,False,0.0
S06120,Returning_Visitor,Organic,North America,Tablet,3,85.3,False,0,0,Tuesday,16,Sep,True,0.0
S06121,New_Visitor,Social,Asia,Desktop,3,150.5,False,2,1,Saturday,8,Apr,False,0.0
S06122,New_Visitor,Referral,Europe,Desktop,10,1009.4,False,1,1,Monday,10,Sep,False,0.0
S06123,New_Visitor,Organic,Asia,Tablet,2,135.7,False,1,0,Sunday,17,May,False,0.0
S06124,Returning_Visitor,Direct,Europe,Mobile,6,726.3,False,2,1,Sunday,19,Mar,False,0.0
S06125,Returning_Visitor,Direct,North America,Desktop,4,229.6,False,1,0,Thursday,19,Dec,False,0.0
S06126,Returning_Visitor,Direct,North America,Tablet,3,20.0,False,2,0,Tuesday,14,Feb,False,0.0
S06127,New_Visitor,Paid,North America,Desktop,1,9.7,True,0,0,Monday,14,Oct,False,0.0
S06128,New_Visitor,Direct,North America,Desktop,8,237.7,False,1,0,Sunday,16,Feb,False,0.0
S06129,New_Visitor,Paid,Asia,Mobile,1,20.0,True,0,0,Saturday,18,Sep,False,0.0
S06130,New_Visitor,Direct,South America,Desktop,2,126.8,False,0,0,Wednesday,9,Feb,False,0.0
S06131,New_Visitor,Social,Europe,Tablet,5,294.9,False,2,0,Monday,17,Jul,False,0.0
S06132,Returning_Visitor,Paid,Europe,Mobile,3,111.8,False,1,0,Friday,11,Mar,True,0.0
S06133,New_Visitor,Paid,South America,Desktop,1,61.9,True,0,0,Sunday,12,Nov,True,0.0
S06134,New_Visitor,Organic,North America,Tablet,9,1307.3,False,3,0,Friday,7,Jun,False,0.0
S06135,New_Visitor,Organic,North America,Desktop,1,40.6,True,0,0,Monday,15,Jan,False,0.0
S06136,New_Visitor,Direct,Europe,Mobile,1,25.6,True,0,0,Wednesday,7,Sep,False,0.0
S06137,New_Visitor,Direct,Asia,Tablet,1,38.8,True,0,0,Monday,21,Jun,False,0.0
S06138,Returning_Visitor,Referral,Asia,Tablet,3,28.2,False,1,0,Sunday,15,Nov,False,0.0
S06139,Returning_Visitor,Paid,Asia,Desktop,11,67.6,False,5,0,Wednesday,23,Jun,False,0.0
S06140,Returning_Visitor,Organic,North America,Desktop,8,253.7,False,1,1,Saturday,10,Jun,False,28.45
S06141,New_Visitor,Direct,Europe,Desktop,4,616.6,False,0,0,Monday,16,Jun,False,0.0
S06142,New_Visitor,Organic,North America,Mobile,5,596.1,False,3,0,Monday,22,Nov,False,0.0
S06143,New_Visitor,Paid,South America,Mobile,4,272.2,False,1,0,Friday,11,Aug,False,0.0
S06144,Returning_Visitor,Paid,Africa,Desktop,4,304.6,False,2,1,Saturday,8,Sep,False,0.0
S06145,Returning_Visitor,Direct,North America,Desktop,6,709.2,False,1,0,Tuesday,16,Oct,False,0.0
S06146,New_Visitor,Organic,North America,Mobile,2,296.4,False,0,0,Wednesday,11,Dec,False,0.0
S06147,New_Visitor,Social,North America,Desktop,1,64.6,True,0,0,Friday,10,Nov,False,0.0
S06148,New_Visitor,Referral,North America,Desktop,2,58.5,False,0,0,Saturday,23,Dec,False,0.0
S06149,Returning_Visitor,Direct,Europe,Tablet,1,9.6,True,0,0,Friday,18,May,False,0.0
S06150,Returning_Visitor,Paid,Europe,Desktop,11,4.6,False,2,0,Monday,13,Mar,False,0.0
S06151,Returning_Visitor,Paid,Oceania,Mobile,5,313.2,False,3,0,Thursday,6,Mar,False,0.0
S06152,New_Visitor,Referral,Europe,Desktop,1,30.4,True,0,0,Sunday,9,Nov,False,0.0
S06153,New_Visitor,Referral,North America,Desktop,1,,True,0,0,Sunday,11,Nov,False,0.0
S06154,New_Visitor,Organic,North America,Mobile,15,294.0,False,4,0,Friday,13,Sep,False,0.0
S06155,New_Visitor,Referral,North America,Mobile,5,189.7,False,4,0,Sunday,13,Jan,False,0.0
S06156,New_Visitor,Direct,North America,Mobile,2,183.7,False,1,1,Monday,2,May,False,0.0
S06157,Returning_Visitor,Direct,South America,Desktop,1,22.7,True,0,0,Thursday,21,Oct,False,0.0
S06158,Returning_Visitor,Organic,North America,Mobile,1,64.1,True,0,0,Saturday,14,Apr,False,0.0
S06159,New_Visitor,Organic,Oceania,Mobile,4,10.6,False,1,0,Monday,2,Sep,False,0.0
S06160,Returning_Visitor,Organic,Europe,Desktop,5,984.1,False,2,1,Sunday,17,Aug,False,0.0
S06161,New_Visitor,Direct,Europe,Tablet,1,213.9,True,0,0,Wednesday,7,Apr,False,0.0
S06162,New_Visitor,Referral,Europe,Tablet,1,45.1,True,0,0,Wednesday,17,Dec,False,0.0
S06163,New_Visitor,Referral,Asia,Tablet,2,128.6,False,1,0,Tuesday,17,Apr,False,22.71
S06164,New_Visitor,Direct,Europe,Mobile,4,,False,1,0,Tuesday,23,Dec,False,0.0
S06165,New_Visitor,Direct,Europe,Desktop,8,1689.3,False,4,1,Friday,11,Aug,False,0.0
S06166,New_Visitor,Social,North America,Mobile,7,330.4,False,2,0,Wednesday,8,Feb,False,0.0
S06167,New_Visitor,Direct,Africa,Mobile,4,337.9,False,1,0,Tuesday,7,Nov,False,0.0
S06168,Returning_Visitor,Paid,North America,Desktop,6,76.9,False,4,1,Saturday,7,Nov,False,0.0
S06169,New_Visitor,Direct,Europe,Mobile,2,20.1,False,1,0,Monday,19,Nov,True,0.0
S06170,New_Visitor,Referral,Europe,Desktop,1,74.8,True,0,0,Saturday,17,Sep,False,0.0
S06171,New_Visitor,Organic,North America,Desktop,1,154.6,True,0,0,Tuesday,22,Oct,False,0.0
S06172,Returning_Visitor,Referral,North America,Desktop,1,50.3,True,0,0,Thursday,11,Dec,False,0.0
S06173,New_Visitor,Paid,North America,Tablet,10,458.8,False,4,2,Wednesday,19,Feb,False,0.0
S06174,Returning_Visitor,Paid,Asia,Mobile,8,406.4,False,4,1,Friday,7,Feb,False,0.0
S06175,New_Visitor,Paid,Europe,Desktop,1,127.0,True,0,0,Saturday,21,Feb,False,0.0
S06176,New_Visitor,Organic,South America,Mobile,2,193.2,False,0,0,Sunday,6,Nov,True,0.0
S06177,Returning_Visitor,Referral,Asia,Desktop,2,194.1,False,0,0,Wednesday,18,Aug,False,0.0
S06178,New_Visitor,Direct,North America,Mobile,4,27.0,False,2,0,Thursday,11,Mar,False,0.0
S06179,New_Visitor,Referral,Asia,Tablet,2,171.1,False,0,0,Thursday,9,Mar,False,0.0
S06180,New_Visitor,Organic,Asia,Mobile,1,87.7,True,0,0,Sunday,17,Jun,False,0.0
S06181,Returning_Visitor,Paid,Asia,Mobile,5,42.5,False,1,0,Saturday,20,Nov,False,0.0
S06182,New_Visitor,Paid,Asia,Mobile,9,344.4,False,4,1,Wednesday,18,Nov,False,0.0
S06183,New_Visitor,Direct,Asia,Mobile,1,6.2,True,0,0,Thursday,11,Nov,False,0.0
S06184,Returning_Visitor,Organic,North America,Mobile,1,30.4,True,0,0,Tuesday,11,Oct,False,0.0
S06185,New_Visitor,Organic,Asia,Mobile,2,122.9,False,0,0,Saturday,9,Jan,False,0.0
S06186,Returning_Visitor,Referral,North America,Mobile,4,59.1,False,1,0,Saturday,19,Oct,False,0.0
S06187,Returning_Visitor,Direct,Asia,Tablet,1,8.5,True,0,0,Sunday,8,Jul,False,0.0
S06188,New_Visitor,Paid,North America,Mobile,2,122.0,False,1,0,Thursday,21,Oct,False,0.0
S06189,New_Visitor,Referral,South America,Mobile,6,631.1,False,1,0,Friday,15,Jul,False,45.21
S06190,New_Visitor,Referral,Europe,Mobile,1,10.1,True,0,0,Thursday,15,Jul,False,0.0
S06191,Returning_Visitor,Referral,Asia,Desktop,1,140.8,True,0,0,Friday,19,Feb,False,0.0
S06192,Returning_Visitor,Organic,South America,Desktop,8,641.1,False,4,2,Wednesday,16,Dec,True,79.49
S06193,Returning_Visitor,Paid,Africa,Mobile,5,340.0,False,1,0,Saturday,11,May,False,0.0
S06194,Returning_Visitor,Referral,Asia,Mobile,4,30.9,False,0,0,Monday,11,Aug,False,0.0
S06195,Returning_Visitor,Paid,North America,Mobile,1,159.3,True,0,0,Monday,9,Mar,False,0.0
S06196,New_Visitor,Direct,Africa,Desktop,7,269.4,False,1,0,Friday,13,May,True,0.0
S06197,New_Visitor,Social,Asia,Desktop,2,92.0,False,0,0,Sunday,8,Nov,False,0.0
S06198,Returning_Visitor,Organic,Asia,Tablet,,43.1,True,0,0,Friday,16,Mar,False,0.0
S06199,New_Visitor,Referral,Africa,Desktop,3,136.3,False,0,0,Saturday,9,Mar,False,0.0
S06200,New_Visitor,Social,North America,Desktop,8,830.8,False,3,0,Saturday,20,Apr,False,0.0
S06201,Returning_Visitor,Social,North America,Desktop,16,99.9,False,6,3,Wednesday,17,Aug,False,0.0
S06202,New_Visitor,Social,Europe,Mobile,3,119.0,False,2,0,Monday,20,Jul,False,0.0
S06203,Returning_Visitor,Organic,South America,Mobile,10,571.0,False,3,1,Sunday,7,Mar,False,0.0
S06204,Returning_Visitor,Paid,Europe,Tablet,2,15.0,False,1,1,Sunday,19,Sep,False,0.0
S06205,New_Visitor,Paid,Asia,Desktop,1,52.2,True,0,0,Thursday,20,Dec,True,0.0
S06206,Returning_Visitor,Organic,Europe,Tablet,1,42.7,True,0,0,Tuesday,5,Mar,False,0.0
S06207,New_Visitor,Paid,Asia,Desktop,2,30.2,False,1,0,Sunday,23,Sep,False,0.0
S06208,New_Visitor,Organic,South America,Desktop,5,89.3,False,3,1,Friday,11,Aug,False,0.0
S06209,New_Visitor,Referral,North America,Mobile,1,5.4,True,0,0,Monday,9,May,False,0.0
S06210,New_Visitor,Direct,Asia,Desktop,1,73.3,True,0,0,Monday,12,Aug,False,0.0
S06211,New_Visitor,Paid,South America,Desktop,3,28.9,False,1,0,Sunday,0,Mar,False,0.0
S06212,New_Visitor,Organic,Europe,Desktop,1,93.3,True,0,0,Monday,20,Nov,False,0.0
S06213,New_Visitor,Direct,Europe,Desktop,3,396.8,False,0,0,Tuesday,10,Jan,False,0.0
S06214,New_Visitor,Direct,North America,Tablet,1,16.6,True,0,0,Thursday,14,Aug,True,0.0
S06215,Returning_Visitor,Direct,South America,Desktop,4,72.4,False,2,1,Tuesday,15,May,False,0.0
S06216,Returning_Visitor,Referral,Europe,Tablet,8,63.1,False,2,0,Tuesday,18,Nov,False,0.0
S06217,New_Visitor,Organic,Europe,Tablet,7,326.9,False,4,1,Wednesday,10,Jul,False,0.0
S06218,New_Visitor,Social,Europe,Desktop,1,199.8,True,0,0,Tuesday,17,Nov,False,0.0
S06219,New_Visitor,Paid,Europe,Mobile,3,50.3,False,0,0,Saturday,8,Dec,False,0.0
S06220,New_Visitor,Social,Asia,Mobile,1,10.4,True,0,0,Thursday,17,May,False,0.0
S06221,Returning_Visitor,Paid,South America,Mobile,1,55.9,True,0,0,Tuesday,21,Nov,False,0.0
S06222,Returning_Visitor,Direct,Europe,Tablet,3,349.5,False,1,1,Wednesday,7,Oct,False,0.0
S06223,New_Visitor,Direct,Asia,Mobile,3,367.6,False,1,1,Monday,8,Feb,False,0.0
S06224,New_Visitor,Direct,Asia,Desktop,1,25.4,True,0,0,Monday,14,Feb,False,0.0
S06225,New_Visitor,Organic,North America,Mobile,2,185.5,False,1,0,Friday,6,Nov,False,0.0
S06226,Returning_Visitor,Paid,North America,Tablet,2,107.7,False,0,0,Monday,9,Jul,False,0.0
S06227,New_Visitor,Organic,Africa,Mobile,2,158.4,False,1,0,Thursday,9,Jul,False,0.0
S06228,Returning_Visitor,Paid,Asia,Tablet,2,135.6,False,1,0,Saturday,13,Dec,False,0.0
S06229,Returning_Visitor,Organic,Asia,Mobile,6,49.2,False,1,0,Wednesday,10,Dec,False,0.0
S06230,New_Visitor,Social,North America,Desktop,2,53.1,False,1,0,Wednesday,13,Feb,True,0.0
S06231,Returning_Visitor,Organic,South America,Tablet,2,172.8,False,0,0,Sunday,14,May,False,0.0
S06232,Returning_Visitor,Organic,Asia,Tablet,1,85.6,True,0,0,Sunday,17,Dec,False,0.0
S06233,Returning_Visitor,Social,South America,Desktop,5,39.1,False,1,0,Sunday,22,Nov,False,0.0
S06234,New_Visitor,Organic,Oceania,Desktop,4,148.8,False,1,0,Friday,14,Oct,False,0.0
S06235,New_Visitor,Social,Oceania,Mobile,2,243.9,False,0,0,Sunday,11,Feb,False,0.0
S06236,Returning_Visitor,Referral,Africa,Mobile,2,188.2,False,1,1,Saturday,10,Sep,True,0.0
S06237,Returning_Visitor,Organic,North America,Desktop,5,260.9,False,0,0,Wednesday,16,Aug,False,0.0
S06238,Returning_Visitor,Paid,Africa,Desktop,2,27.7,False,1,0,Friday,21,Mar,False,0.0
S06239,Returning_Visitor,Direct,North America,Mobile,2,47.1,False,0,0,Monday,18,Oct,False,0.0
S06240,Returning_Visitor,Social,Africa,Desktop,1,63.6,True,0,0,Thursday,9,May,False,0.0
S06241,Returning_Visitor,Direct,North America,Desktop,8,729.9,False,1,1,Tuesday,20,Sep,False,0.0
S06242,New_Visitor,Referral,Asia,Mobile,2,114.1,False,1,0,Tuesday,17,May,False,0.0
S06243,New_Visitor,Direct,North America,Tablet,2,60.4,False,1,1,Monday,8,Feb,False,0.0
S06244,Returning_Visitor,Organic,South America,Mobile,3,154.7,False,2,0,Wednesday,17,Jul,False,0.0
S06245,Returning_Visitor,Direct,North America,Mobile,3,0.7,False,0,0,Thursday,10,May,False,0.0
S06246,Returning_Visitor,Direct,Europe,Mobile,2,159.6,False,0,0,Friday,13,Feb,False,0.0
S06247,New_Visitor,Direct,South America,Mobile,8,891.7,False,6,2,Wednesday,11,Mar,False,0.0
S06248,Returning_Visitor,Referral,Asia,Desktop,2,5.7,False,0,0,Saturday,7,Aug,False,0.0
S06249,Returning_Visitor,Referral,North America,Desktop,20,611.9,False,5,0,Thursday,18,Feb,False,0.0
S06250,New_Visitor,Organic,Europe,Desktop,5,566.7,False,2,0,Friday,19,Feb,False,0.0
S06251,New_Visitor,Direct,North America,Tablet,8,436.4,False,2,0,Tuesday,10,Dec,False,0.0
S06252,New_Visitor,Direct,Asia,Mobile,1,39.6,True,0,0,Saturday,10,Feb,True,0.0
S06253,New_Visitor,Organic,Oceania,Mobile,1,5.5,True,0,0,Friday,12,May,False,0.0
S06254,New_Visitor,Organic,Asia,Tablet,2,160.4,False,0,0,Sunday,19,Feb,False,0.0
S06255,New_Visitor,Organic,North America,Tablet,2,140.3,False,1,0,Tuesday,7,Dec,False,0.0
S06256,New_Visitor,Paid,Europe,Tablet,1,53.5,True,0,0,Wednesday,19,Jul,False,0.0
S06257,Returning_Visitor,Social,Oceania,Desktop,1,3.7,True,0,0,Monday,21,Feb,False,0.0
S06258,Returning_Visitor,Organic,North America,Mobile,1,61.8,True,0,0,Tuesday,14,Oct,True,0.0
S06259,Returning_Visitor,Organic,Asia,Mobile,2,6.4,False,0,0,Wednesday,6,Oct,False,0.0
S06260,New_Visitor,Social,Europe,Mobile,9,932.5,False,4,1,Sunday,10,Dec,False,0.0
S06261,New_Visitor,Direct,South America,Desktop,4,488.3,False,2,1,Thursday,8,Oct,False,0.0
S06262,Returning_Visitor,Social,Africa,Mobile,2,90.8,False,1,0,Wednesday,10,Jan,True,0.0
S06263,New_Visitor,Paid,Europe,Desktop,5,566.0,False,1,0,Saturday,19,Aug,False,0.0
S06264,Returning_Visitor,Referral,Asia,Mobile,3,92.2,False,0,0,Monday,6,Jun,False,0.0
S06265,Returning_Visitor,Organic,Europe,Mobile,2,41.1,False,0,0,Wednesday,10,Oct,False,0.0
S06266,New_Visitor,Social,North America,Desktop,1,39.7,True,0,0,Friday,14,Aug,True,0.0
S06267,Returning_Visitor,Paid,North America,Desktop,8,392.7,False,1,1,Friday,20,Oct,True,0.0
S06268,New_Visitor,Referral,Europe,Mobile,3,261.8,False,2,2,Friday,10,Mar,False,0.0
S06269,New_Visitor,Referral,North America,Mobile,2,110.6,False,0,0,Tuesday,18,Jun,False,0.0
S06270,Returning_Visitor,Direct,South America,Mobile,2,232.4,False,1,0,Wednesday,15,Jun,False,0.0
S06271,New_Visitor,Direct,North America,Mobile,5,823.8,False,3,0,Sunday,16,Dec,False,0.0
S06272,Returning_Visitor,Social,North America,Tablet,1,44.3,True,0,0,Sunday,20,Jan,False,0.0
S06273,New_Visitor,Paid,Europe,Desktop,2,151.8,False,0,0,Wednesday,3,Nov,False,0.0
S06274,New_Visitor,Referral,North America,Mobile,1,39.4,True,0,0,Friday,14,Feb,False,0.0
S06275,Returning_Visitor,Social,Europe,Mobile,1,141.9,True,0,0,Tuesday,18,Feb,False,0.0
S06276,Returning_Visitor,Organic,Europe,Tablet,3,5.6,False,2,1,Wednesday,20,May,False,0.0
S06277,New_Visitor,Organic,Asia,Desktop,2,152.2,False,1,0,Saturday,8,Oct,True,0.0
S06278,New_Visitor,Direct,Oceania,Desktop,4,164.6,False,1,0,Thursday,11,Sep,False,0.0
S06279,Returning_Visitor,Organic,South America,Desktop,13,49.2,False,6,1,Saturday,7,Sep,False,0.0
S06280,New_Visitor,Referral,North America,Tablet,6,492.9,False,1,0,Friday,19,Oct,True,0.0
S06281,Returning_Visitor,Organic,Oceania,Mobile,2,59.9,False,1,1,Friday,20,Apr,False,0.0
S06282,Returning_Visitor,Social,Europe,Desktop,2,89.9,False,1,1,Monday,13,Sep,False,15.83
S06283,Returning_Visitor,Social,Europe,Desktop,3,224.6,False,1,0,Saturday,2,Sep,False,0.0
S06284,Returning_Visitor,Direct,Europe,Desktop,1,17.4,True,0,0,Sunday,8,Sep,False,0.0
S06285,New_Visitor,Organic,North America,Mobile,14,285.7,False,5,0,Thursday,15,Aug,False,0.0
S06286,Returning_Visitor,Referral,Africa,Mobile,12,317.6,False,5,2,Tuesday,23,Apr,False,101.89
S06287,Returning_Visitor,Paid,Europe,Mobile,8,660.9,False,2,0,Sunday,19,Dec,False,0.0
S06288,New_Visitor,Referral,Asia,Desktop,4,961.7,False,1,0,Wednesday,18,Dec,False,0.0
S06289,Returning_Visitor,Organic,North America,Desktop,3,81.2,False,0,0,Wednesday,12,Sep,False,0.0
S06290,New_Visitor,Organic,South America,Mobile,4,226.5,False,1,1,Monday,23,Jun,False,0.0
S06291,New_Visitor,Direct,South America,Desktop,2,47.0,False,0,0,Monday,19,Jul,False,0.0
S06292,New_Visitor,Organic,North America,Tablet,6,753.8,False,2,2,Tuesday,11,Feb,False,0.0
S06293,Returning_Visitor,Social,Asia,Desktop,1,164.5,True,0,0,Thursday,18,May,False,0.0
S06294,New_Visitor,Social,Asia,Desktop,5,63.1,False,0,0,Thursday,12,Dec,False,0.0
S06295,Returning_Visitor,Organic,Asia,Mobile,7,445.9,False,3,1,Friday,16,Aug,False,0.0
S06296,Returning_Visitor,Direct,Asia,Tablet,1,141.8,True,0,0,Friday,22,Aug,False,0.0
S06297,New_Visitor,Organic,Asia,Desktop,2,77.3,False,0,0,Thursday,10,Dec,False,0.0
S06298,New_Visitor,Paid,North America,Mobile,7,171.6,False,2,0,Saturday,18,Nov,False,0.0
S06299,Returning_Visitor,Direct,Asia,Mobile,10,1416.5,False,3,1,Sunday,15,Aug,False,0.0
S06300,New_Visitor,Referral,Europe,Desktop,6,107.4,False,0,0,Tuesday,22,Apr,False,0.0
S06301,Returning_Visitor,Direct,Europe,Desktop,9,125.3,False,1,1,Monday,8,Feb,False,40.08
S06302,New_Visitor,Referral,Africa,Tablet,9,1147.4,False,2,0,Wednesday,17,Nov,False,0.0
S06303,New_Visitor,Direct,North America,Desktop,12,722.9,False,5,1,Monday,5,Dec,False,0.0
S06304,Returning_Visitor,Direct,North America,Mobile,2,24.6,False,0,0,Sunday,10,Jul,False,0.0
S06305,New_Visitor,Referral,North America,Tablet,2,123.6,False,0,0,Tuesday,11,Feb,False,0.0
S06306,New_Visitor,Referral,North America,Desktop,4,501.4,False,1,0,Thursday,12,Aug,False,0.0
S06307,New_Visitor,Organic,North America,Desktop,1,5.6,True,0,0,Monday,22,May,False,0.0
S06308,New_Visitor,Organic,Oceania,Desktop,3,53.4,False,1,1,Thursday,7,Mar,False,0.0
S06309,New_Visitor,Direct,North America,Desktop,3,166.8,False,0,0,Monday,9,Dec,True,0.0
S06310,Returning_Visitor,Direct,Asia,Desktop,5,36.6,False,3,0,Saturday,9,Apr,False,0.0
S06311,New_Visitor,Referral,North America,Mobile,2,283.0,False,0,0,Sunday,12,Oct,False,0.0
S06312,New_Visitor,Paid,Asia,Mobile,3,161.8,False,0,0,Wednesday,6,Jun,False,0.0
S06313,Returning_Visitor,Organic,Oceania,Mobile,8,422.1,False,4,1,Tuesday,22,Nov,False,0.0
S06314,New_Visitor,Organic,North America,Tablet,2,6.9,False,1,0,Thursday,14,Oct,False,0.0
S06315,New_Visitor,Organic,South America,Desktop,3,98.5,False,1,1,Friday,19,Feb,True,0.0
S06316,Returning_Visitor,Direct,Oceania,Desktop,5,65.0,False,3,1,Tuesday,18,Jun,False,0.0
S06317,Returning_Visitor,Direct,Asia,Desktop,1,99.2,True,0,0,Saturday,16,Apr,False,0.0
S06318,Returning_Visitor,Social,Europe,Desktop,1,24.6,True,0,0,Tuesday,21,Oct,False,0.0
S06319,Returning_Visitor,Organic,Asia,Desktop,4,123.8,False,2,0,Monday,21,Aug,False,23.62
S06320,New_Visitor,Referral,South America,Mobile,2,122.8,False,1,1,Thursday,8,May,False,0.0
S06321,Returning_Visitor,Paid,North America,Mobile,2,151.7,False,0,0,Monday,21,May,False,0.0
S06322,New_Visitor,Paid,Europe,Tablet,8,749.1,False,3,1,Friday,14,Feb,False,0.0
S06323,New_Visitor,Paid,Europe,Desktop,2,23.1,False,1,0,Tuesday,10,Mar,False,0.0
S06324,New_Visitor,Social,North America,Mobile,10,182.7,False,3,1,Saturday,15,Oct,False,0.0
S06325,New_Visitor,Paid,Africa,Mobile,1,5.8,True,0,0,Thursday,10,Aug,False,0.0
S06326,New_Visitor,Organic,Europe,Desktop,2,232.9,False,1,1,Thursday,13,May,False,0.0
S06327,Returning_Visitor,Organic,Europe,Desktop,4,91.0,False,2,1,Tuesday,19,Nov,False,0.0
S06328,New_Visitor,Organic,Asia,Tablet,1,8.1,True,0,0,Monday,4,Jul,False,0.0
S06329,New_Visitor,Social,North America,Mobile,2,44.8,False,1,0,Friday,9,Nov,False,14.04
S06330,New_Visitor,Paid,North America,Tablet,6,21.2,False,1,1,Tuesday,22,Oct,False,0.0
S06331,New_Visitor,Organic,Europe,Mobile,5,543.4,False,0,0,Wednesday,13,Nov,True,0.0
S06332,Returning_Visitor,Referral,Europe,Desktop,1,,True,0,0,Thursday,11,Nov,False,0.0
S06333,New_Visitor,Social,North America,Desktop,2,51.7,False,0,0,Tuesday,21,Sep,False,0.0
S06334,New_Visitor,Paid,North America,Tablet,3,507.4,False,2,0,Saturday,21,Oct,False,0.0
S06335,New_Visitor,Referral,Europe,Desktop,4,50.4,False,1,0,Sunday,5,Oct,False,0.0
S06336,Returning_Visitor,Paid,South America,Desktop,1,13.7,True,0,0,Thursday,11,Mar,False,0.0
S06337,New_Visitor,Direct,Africa,Mobile,3,148.0,False,0,0,Sunday,21,May,False,0.0
S06338,New_Visitor,Direct,North America,Desktop,1,215.1,True,0,0,Sunday,9,Feb,False,0.0
S06339,New_Visitor,Direct,Asia,Desktop,2,277.7,False,1,0,Tuesday,15,Mar,False,0.0
S06340,New_Visitor,Direct,Africa,Mobile,1,53.9,True,0,0,Tuesday,11,Oct,False,0.0
S06341,New_Visitor,Organic,Europe,Desktop,2,200.7,False,1,0,Thursday,17,Dec,False,0.0
S06342,Returning_Visitor,Social,Oceania,Desktop,2,80.2,False,1,0,Thursday,9,Sep,False,0.0
S06343,Returning_Visitor,Social,Africa,Desktop,5,171.1,False,2,0,Wednesday,15,Nov,False,0.0
S06344,Returning_Visitor,Social,North America,Mobile,1,30.7,True,0,0,Wednesday,0,May,True,0.0
S06345,New_Visitor,Direct,North America,Desktop,4,145.5,False,1,1,Thursday,10,Nov,False,0.0
S06346,New_Visitor,Direct,North America,Desktop,3,220.9,False,0,0,Friday,9,May,False,0.0
S06347,New_Visitor,Direct,North America,Mobile,5,516.9,False,3,1,Monday,9,Dec,False,0.0
S06348,Returning_Visitor,Organic,Africa,Desktop,2,103.0,False,1,0,Friday,20,Nov,True,0.0
S06349,Returning_Visitor,Referral,Oceania,Desktop,16,1800.0,False,5,2,Sunday,21,Dec,False,0.0
S06350,Returning_Visitor,Organic,North America,Mobile,2,122.2,False,0,0,Saturday,18,Nov,False,0.0
S06351,New_Visitor,Organic,Asia,Desktop,3,292.2,False,1,0,Tuesday,15,Jun,False,0.0
S06352,New_Visitor,Social,Asia,Desktop,4,280.8,False,3,0,Monday,10,Feb,False,0.0
S06353,New_Visitor,Organic,Europe,Mobile,3,267.5,False,1,0,Thursday,10,Nov,False,0.0
S06354,Returning_Visitor,Paid,Asia,Mobile,6,6.9,False,0,0,Sunday,11,Aug,False,0.0
S06355,Returning_Visitor,Direct,Oceania,Mobile,1,121.1,True,0,0,Saturday,18,Nov,False,0.0
S06356,Returning_Visitor,Paid,North America,Mobile,3,390.8,False,1,0,Thursday,10,Jun,False,0.0
S06357,New_Visitor,Organic,North America,Mobile,3,331.3,False,1,0,Monday,22,Jan,False,0.0
S06358,New_Visitor,Referral,North America,Mobile,2,157.2,False,0,0,Friday,18,Jan,True,0.0
S06359,Returning_Visitor,Direct,Europe,Desktop,2,185.9,False,1,1,Saturday,23,Sep,False,0.0
S06360,Returning_Visitor,Social,Europe,Desktop,1,12.0,True,0,0,Sunday,13,Feb,False,0.0
S06361,New_Visitor,Direct,Europe,Mobile,4,11.7,False,0,0,Friday,15,Oct,True,0.0
S06362,New_Visitor,Organic,Europe,Desktop,1,20.5,True,0,0,Thursday,10,Jun,False,0.0
S06363,New_Visitor,Paid,South America,Mobile,6,210.3,False,1,0,Friday,15,Aug,False,0.0
S06364,New_Visitor,Direct,Europe,Desktop,2,37.9,False,1,0,Sunday,22,Nov,False,22.13
S06365,New_Visitor,Organic,Europe,Desktop,3,368.2,False,0,0,Friday,3,Apr,False,0.0
S06366,Returning_Visitor,Direct,South America,Tablet,1,200.1,True,0,0,Tuesday,10,Jun,False,0.0
S06367,New_Visitor,Referral,South America,Desktop,1,88.4,True,0,0,Friday,10,Oct,False,0.0
S06368,New_Visitor,Organic,North America,Mobile,1,38.8,True,0,0,Sunday,23,Dec,False,0.0
S06369,New_Visitor,Direct,Europe,Desktop,5,47.3,False,3,1,Thursday,8,Apr,True,0.0
S06370,Returning_Visitor,Organic,South America,Desktop,2,246.7,False,0,0,Thursday,19,Sep,False,0.0
S06371,Returning_Visitor,Referral,North America,Desktop,2,221.4,False,0,0,Saturday,10,Dec,False,0.0
S06372,New_Visitor,Social,Europe,Desktop,6,63.8,False,1,1,Friday,20,Sep,False,0.0
S06373,Returning_Visitor,Direct,Europe,Tablet,1,3.0,True,0,0,Monday,13,Dec,False,0.0
S06374,Returning_Visitor,Direct,North America,Tablet,1,137.5,True,0,0,Saturday,10,Dec,False,0.0
S06375,New_Visitor,Organic,North America,Mobile,5,517.7,False,1,0,Wednesday,17,Dec,False,0.0
S06376,New_Visitor,Organic,Europe,Tablet,1,163.3,True,0,0,Sunday,19,Oct,False,0.0
S06377,Returning_Visitor,Organic,South America,Mobile,1,26.6,True,0,0,Sunday,13,Aug,True,0.0
S06378,Returning_Visitor,Direct,South America,Desktop,3,193.1,False,0,0,Thursday,17,Feb,False,0.0
S06379,Returning_Visitor,Direct,Oceania,Desktop,8,958.3,False,3,0,Sunday,9,Apr,False,0.0
S06380,Returning_Visitor,Paid,North America,Mobile,1,25.1,True,0,0,Wednesday,21,Apr,False,0.0
S06381,Returning_Visitor,Organic,North America,Desktop,1,38.6,True,0,0,Friday,8,Jan,False,0.0
S06382,New_Visitor,Referral,South America,Desktop,12,546.2,False,6,2,Monday,10,Feb,False,0.0
S06383,New_Visitor,Direct,Europe,Mobile,3,5.3,False,2,1,Monday,10,Apr,False,0.0
S06384,New_Visitor,Direct,Europe,Desktop,1,,True,0,0,Sunday,9,Feb,False,0.0
S06385,New_Visitor,Paid,North America,Desktop,1,172.7,True,0,0,Sunday,12,Mar,False,0.0
S06386,Returning_Visitor,Organic,North America,Desktop,3,97.2,False,1,0,Thursday,13,Jan,False,0.0
S06387,Returning_Visitor,Organic,Europe,Mobile,1,56.7,True,0,0,Wednesday,14,Jun,False,0.0
S06388,Returning_Visitor,Referral,North America,Desktop,4,187.2,False,1,0,Thursday,5,Nov,False,0.0
S06389,New_Visitor,Direct,Oceania,Mobile,3,77.0,False,1,0,Sunday,10,Nov,False,0.0
S06390,Returning_Visitor,Organic,North America,Desktop,4,20.6,False,1,0,Tuesday,19,Dec,False,0.0
S06391,New_Visitor,Organic,Oceania,Mobile,2,88.1,False,0,0,Wednesday,19,Oct,True,0.0
S06392,New_Visitor,Direct,South America,Desktop,2,33.6,False,0,0,Saturday,11,Apr,False,0.0
S06393,Returning_Visitor,Referral,Europe,Tablet,8,507.1,False,2,1,Sunday,13,Oct,False,0.0
S06394,Returning_Visitor,Organic,Asia,Mobile,1,46.2,True,0,0,Monday,9,Oct,False,0.0
S06395,Returning_Visitor,Direct,Asia,Mobile,1,53.6,True,0,0,Saturday,19,Aug,False,0.0
S06396,New_Visitor,Direct,North America,Mobile,13,718.1,False,3,1,Friday,22,Nov,False,108.28
S06397,New_Visitor,Direct,Europe,Mobile,1,130.1,True,0,0,Tuesday,11,Feb,False,0.0
S06398,New_Visitor,Paid,Europe,Desktop,7,67.0,False,4,1,Saturday,18,Aug,False,0.0
S06399,New_Visitor,Organic,Asia,Mobile,6,589.7,False,1,0,Saturday,11,Jul,True,0.0
S06400,Returning_Visitor,Paid,Europe,Mobile,3,557.1,False,1,0,Monday,0,Nov,False,0.0
S06401,Returning_Visitor,Referral,Europe,Mobile,4,306.6,False,0,0,Thursday,15,Feb,False,0.0
S06402,Returning_Visitor,Social,Europe,Desktop,1,9.0,True,0,0,Saturday,12,Mar,False,0.0
S06403,New_Visitor,Direct,Europe,Desktop,5,569.6,False,2,0,Tuesday,18,Aug,True,0.0
S06404,Returning_Visitor,Direct,Europe,Desktop,,470.8,False,2,1,Thursday,18,Dec,False,0.0
S06405,New_Visitor,Paid,Europe,Desktop,1,119.2,True,0,0,Monday,22,Feb,False,0.0
S06406,Returning_Visitor,Paid,Africa,Tablet,3,119.9,False,0,0,Wednesday,13,Oct,False,0.0
S06407,New_Visitor,Organic,Asia,Desktop,9,926.7,False,4,2,Tuesday,13,Mar,False,0.0
S06408,New_Visitor,Organic,Asia,Desktop,10,100.4,False,4,2,Thursday,12,Feb,False,0.0
S06409,New_Visitor,Direct,Asia,Mobile,13,670.5,False,6,0,Monday,11,Jun,False,0.0
S06410,Returning_Visitor,Paid,Asia,Mobile,4,192.6,False,2,0,Wednesday,16,Aug,False,0.0
S06411,New_Visitor,Direct,Asia,Mobile,1,136.2,True,0,0,Tuesday,19,Nov,False,0.0
S06412,New_Visitor,Referral,North America,Desktop,2,238.5,False,0,0,Saturday,9,Sep,False,0.0
S06413,Returning_Visitor,Social,Oceania,Desktop,4,302.1,False,2,1,Friday,23,Jul,True,0.0
S06414,New_Visitor,Social,North America,Desktop,2,23.1,False,1,0,Monday,16,Apr,False,14.1
S06415,New_Visitor,Referral,Europe,Desktop,5,493.1,False,2,1,Sunday,18,Apr,False,52.56
S06416,New_Visitor,Direct,North America,Desktop,6,342.9,False,2,0,Saturday,23,Oct,False,0.0
S06417,New_Visitor,Paid,North America,Desktop,5,508.8,False,3,0,Friday,14,Feb,False,0.0
S06418,Returning_Visitor,Referral,South America,Tablet,2,334.4,False,1,0,Thursday,7,Mar,False,0.0
S06419,Returning_Visitor,Social,Europe,Desktop,5,179.4,False,1,0,Tuesday,18,Oct,False,0.0
S06420,New_Visitor,Direct,South America,Desktop,1,81.9,True,0,0,Sunday,20,Dec,False,0.0
S06421,Returning_Visitor,Referral,North America,Tablet,2,433.2,False,0,0,Monday,9,Feb,False,0.0
S06422,New_Visitor,Organic,North America,Mobile,5,72.1,False,1,0,Friday,2,Aug,False,0.0
S06423,New_Visitor,Organic,North America,Desktop,5,563.2,False,1,0,Thursday,8,Apr,False,0.0
S06424,New_Visitor,Social,Asia,Desktop,2,18.4,False,1,0,Sunday,11,Jan,False,0.0
S06425,New_Visitor,Direct,South America,Tablet,10,10.4,False,4,0,Wednesday,21,Nov,False,0.0
S06426,New_Visitor,Referral,Europe,Desktop,1,112.6,True,0,0,Thursday,0,Jul,False,0.0
S06427,Returning_Visitor,Organic,Europe,Mobile,4,771.8,False,1,0,Saturday,19,Jan,False,0.0
S06428,Returning_Visitor,Referral,Oceania,Tablet,7,13.8,False,3,1,Monday,20,Dec,False,0.0
S06429,New_Visitor,Direct,North America,Desktop,3,334.9,False,2,1,Monday,19,Jul,False,0.0
S06430,Returning_Visitor,Referral,Europe,Mobile,2,144.2,False,0,0,Tuesday,7,Oct,False,0.0
S06431,Returning_Visitor,Organic,Europe,Tablet,1,72.2,True,0,0,Monday,16,Jun,True,0.0
S06432,Returning_Visitor,Social,North America,Mobile,1,36.9,True,0,0,Monday,22,Mar,False,0.0
S06433,Returning_Visitor,Social,North America,Desktop,1,32.4,True,0,0,Friday,8,Jul,True,0.0
S06434,New_Visitor,Organic,North America,Tablet,2,56.0,False,0,0,Saturday,4,Apr,False,0.0
S06435,Returning_Visitor,Direct,Africa,Mobile,3,86.6,False,2,0,Sunday,20,Apr,False,0.0
S06436,Returning_Visitor,Referral,Asia,Mobile,6,996.2,False,4,2,Thursday,16,Sep,False,0.0
S06437,Returning_Visitor,Referral,South America,Mobile,1,101.5,True,0,0,Tuesday,16,Feb,False,0.0
S06438,New_Visitor,Social,Europe,Desktop,5,112.9,False,1,0,Sunday,22,Jun,False,0.0
S06439,New_Visitor,Referral,Asia,Desktop,4,323.8,False,2,1,Saturday,18,Aug,False,0.0
S06440,New_Visitor,Direct,Asia,Desktop,4,256.4,False,0,0,Friday,12,Oct,False,0.0
S06441,New_Visitor,Direct,Africa,Desktop,2,224.5,False,0,0,Tuesday,12,Sep,False,0.0
S06442,New_Visitor,Organic,North America,Desktop,2,11.6,False,0,0,Sunday,8,Nov,False,0.0
S06443,Returning_Visitor,Organic,Europe,Desktop,5,361.3,False,2,0,Tuesday,11,Dec,False,0.0
S06444,New_Visitor,Referral,Asia,Desktop,1,16.9,True,0,0,Monday,13,Dec,False,0.0
S06445,Returning_Visitor,Organic,Oceania,Tablet,2,33.2,False,0,0,Saturday,10,Oct,False,0.0
S06446,New_Visitor,Paid,Oceania,Mobile,11,807.4,False,5,0,Thursday,21,Sep,False,0.0
S06447,Returning_Visitor,Social,Asia,Mobile,20,1800.0,False,6,1,Tuesday,1,Jan,False,0.0
S06448,New_Visitor,Paid,North America,Mobile,1,43.5,True,0,0,Friday,15,Jul,False,0.0
S06449,New_Visitor,Paid,North America,Desktop,4,150.4,False,0,0,Saturday,18,Sep,False,0.0
S06450,Returning_Visitor,Direct,Oceania,Mobile,3,303.8,False,1,0,Saturday,17,Jun,False,0.0
S06451,Returning_Visitor,Social,Europe,Mobile,2,3.1,False,0,0,Tuesday,16,Jun,False,0.0
S06452,Returning_Visitor,Organic,North America,Mobile,1,73.7,True,0,0,Monday,12,Aug,False,0.0
S06453,New_Visitor,Organic,Oceania,Desktop,3,10.4,False,0,0,Thursday,21,Dec,False,0.0
S06454,New_Visitor,Social,North America,Mobile,2,33.6,False,1,1,Saturday,11,Apr,False,0.0
S06455,Returning_Visitor,Organic,Asia,Mobile,2,132.0,False,1,0,Tuesday,18,Jun,False,0.0
S06456,New_Visitor,Paid,Asia,Mobile,6,172.2,False,3,1,Wednesday,21,Sep,False,0.0
S06457,Returning_Visitor,Referral,North America,Desktop,1,21.0,True,0,0,Tuesday,8,Mar,False,0.0
S06458,New_Visitor,Social,Europe,Mobile,3,126.3,False,1,1,Monday,22,Nov,False,0.0
S06459,New_Visitor,Organic,North America,Mobile,6,682.6,False,3,1,Sunday,18,Sep,True,0.0
S06460,New_Visitor,Referral,Asia,Mobile,12,399.7,False,6,3,Monday,15,May,True,0.0
S06461,New_Visitor,Organic,Europe,Mobile,3,137.0,False,0,0,Saturday,12,Oct,True,0.0
S06462,Returning_Visitor,Social,North America,Desktop,3,30.9,False,1,0,Wednesday,21,Apr,False,0.0
S06463,Returning_Visitor,Organic,Oceania,Desktop,6,211.7,False,2,0,Tuesday,5,Oct,False,0.0
S06464,New_Visitor,Referral,Europe,Desktop,1,1.0,True,0,0,Sunday,12,Feb,False,0.0
S06465,Returning_Visitor,Organic,North America,Desktop,3,327.8,False,1,0,Friday,18,Jun,False,0.0
S06466,New_Visitor,Organic,North America,Desktop,1,13.9,True,0,0,Friday,19,Apr,False,0.0
S06467,New_Visitor,Direct,North America,Desktop,4,605.8,False,1,0,Saturday,9,Nov,True,0.0
S06468,New_Visitor,Organic,Oceania,Desktop,5,132.8,False,2,1,Wednesday,6,Oct,False,0.0
S06469,Returning_Visitor,Social,North America,Mobile,1,108.4,True,0,0,Thursday,19,Nov,False,0.0
S06470,Returning_Visitor,Organic,Europe,Mobile,6,177.7,False,0,0,Tuesday,12,Sep,True,0.0
S06471,Returning_Visitor,Direct,Africa,Desktop,1,9.9,True,0,0,Saturday,8,Nov,False,0.0
S06472,Returning_Visitor,Referral,Asia,Desktop,1,42.0,True,0,0,Friday,7,Jun,False,0.0
S06473,Returning_Visitor,Organic,Europe,Mobile,6,108.7,False,4,0,Tuesday,16,Sep,False,0.0
S06474,Returning_Visitor,Direct,Africa,Mobile,1,23.4,True,0,0,Sunday,15,Jan,False,0.0
S06475,Returning_Visitor,Social,Asia,Desktop,4,91.2,False,2,2,Friday,20,Nov,False,0.0
S06476,Returning_Visitor,Organic,North America,Mobile,2,50.9,False,1,1,Thursday,4,Sep,False,0.0
S06477,New_Visitor,Organic,Asia,Desktop,1,41.4,True,0,0,Monday,20,Nov,False,0.0
S06478,New_Visitor,Direct,Africa,Mobile,4,32.8,False,3,1,Sunday,20,Oct,True,0.0
S06479,New_Visitor,Direct,Europe,Tablet,1,17.9,True,0,0,Sunday,13,Apr,False,0.0
S06480,New_Visitor,Direct,Asia,Desktop,3,180.1,False,2,1,Thursday,7,Apr,False,0.0
S06481,Returning_Visitor,Direct,Oceania,Tablet,8,676.5,False,2,1,Thursday,22,Nov,True,0.0
S06482,New_Visitor,Social,Asia,Desktop,6,100.6,False,2,0,Wednesday,7,Mar,True,0.0
S06483,Returning_Visitor,Organic,North America,Mobile,6,109.4,False,1,0,Tuesday,15,Feb,False,0.0
S06484,New_Visitor,Direct,North America,Mobile,2,78.0,False,0,0,Friday,13,Jan,False,0.0
S06485,New_Visitor,Direct,Asia,Mobile,4,,False,0,0,Monday,19,Apr,False,0.0
S06486,New_Visitor,Referral,North America,Desktop,5,239.7,False,3,1,Sunday,13,Feb,False,0.0
S06487,Returning_Visitor,Paid,Oceania,Mobile,7,705.3,False,3,0,Tuesday,13,Nov,False,14.45
S06488,New_Visitor,Direct,Europe,Mobile,,150.6,True,0,0,Saturday,20,Jul,False,0.0
S06489,New_Visitor,Paid,Europe,Mobile,5,303.9,False,2,1,Wednesday,22,Apr,False,0.0
S06490,Returning_Visitor,Direct,Asia,Desktop,1,43.9,True,0,0,Tuesday,14,Aug,False,0.0
S06491,Returning_Visitor,Organic,Europe,Desktop,,86.8,True,0,0,Thursday,13,Feb,False,0.0
S06492,New_Visitor,Organic,Europe,Mobile,2,46.1,False,0,0,Saturday,19,Oct,True,0.0
S06493,New_Visitor,Direct,North America,Tablet,5,,False,0,0,Saturday,19,Jul,False,48.68
S06494,New_Visitor,Direct,Asia,Desktop,1,38.7,True,0,0,Tuesday,11,Jan,False,0.0
S06495,Returning_Visitor,Organic,Africa,Mobile,1,158.1,True,0,0,Wednesday,15,May,False,0.0
S06496,New_Visitor,Direct,Asia,Desktop,2,171.1,False,0,0,Sunday,9,Oct,False,0.0
S06497,New_Visitor,Direct,Europe,Desktop,1,14.3,True,0,0,Saturday,16,Mar,False,0.0
S06498,New_Visitor,Organic,North America,Desktop,2,29.9,False,0,0,Friday,19,Dec,False,40.54
S06499,New_Visitor,Organic,South America,Mobile,8,206.7,False,2,1,Tuesday,9,Dec,False,0.0
S06500,Returning_Visitor,Paid,Oceania,Tablet,5,139.6,False,2,1,Saturday,11,Oct,False,0.0
S06501,New_Visitor,Direct,Europe,Mobile,2,1.8,False,1,0,Wednesday,13,Feb,False,0.0
S06502,New_Visitor,Social,Asia,Desktop,2,232.4,False,0,0,Wednesday,19,May,False,0.0
S06503,New_Visitor,Referral,Europe,Mobile,8,132.0,False,5,2,Tuesday,17,Apr,False,0.0
S06504,New_Visitor,Direct,Europe,Desktop,7,731.5,False,3,0,Monday,11,Feb,False,0.0
S06505,New_Visitor,Organic,South America,Desktop,3,118.7,False,2,1,Wednesday,10,Dec,False,0.0
S06506,Returning_Visitor,Direct,North America,Desktop,2,107.6,False,0,0,Monday,17,Mar,False,116.46
S06507,Returning_Visitor,Referral,Europe,Desktop,5,230.7,False,2,0,Thursday,13,May,False,18.38
S06508,Returning_Visitor,Direct,North America,Mobile,4,694.7,False,2,0,Saturday,15,Nov,False,30.1
S06509,Returning_Visitor,Organic,Europe,Mobile,3,97.4,False,1,0,Sunday,16,Mar,False,0.0
S06510,Returning_Visitor,Organic,Asia,Tablet,5,147.7,False,1,1,Monday,14,Jul,False,0.0
S06511,New_Visitor,Paid,North America,Desktop,1,57.3,True,0,0,Tuesday,15,Dec,False,0.0
S06512,Returning_Visitor,Direct,Asia,Desktop,8,230.9,False,3,1,Thursday,20,Apr,False,14.3
S06513,Returning_Visitor,Referral,North America,Desktop,11,617.2,False,2,0,Tuesday,20,Oct,False,0.0
S06514,Returning_Visitor,Direct,Asia,Desktop,2,101.9,False,1,1,Monday,9,Feb,True,0.0
S06515,New_Visitor,Paid,North America,Tablet,,805.6,False,1,0,Thursday,15,Aug,False,0.0
S06516,New_Visitor,Direct,Asia,Desktop,5,1380.0,False,1,0,Friday,13,May,False,0.0
S06517,Returning_Visitor,Direct,Asia,Tablet,9,1800.0,False,3,0,Saturday,10,Sep,False,51.81
S06518,Returning_Visitor,Paid,Oceania,Desktop,8,63.4,False,2,0,Sunday,16,Jun,False,0.0
S06519,Returning_Visitor,Social,Africa,Desktop,1,36.1,True,0,0,Saturday,14,Apr,False,0.0
S06520,New_Visitor,Organic,North America,Desktop,1,32.9,True,0,0,Tuesday,18,Aug,False,0.0
S06521,New_Visitor,Organic,North America,Tablet,1,12.7,True,0,0,Saturday,7,Feb,False,0.0
S06522,New_Visitor,Social,Asia,Desktop,1,81.7,True,0,0,Thursday,11,Nov,False,0.0
S06523,Returning_Visitor,Social,Asia,Tablet,2,415.1,False,0,0,Thursday,3,Oct,False,0.0
S06524,New_Visitor,Direct,North America,Desktop,2,19.9,False,0,0,Sunday,18,Aug,False,0.0
S06525,New_Visitor,Referral,North America,Desktop,2,38.1,False,0,0,Friday,21,May,False,0.0
S06526,Returning_Visitor,Referral,Asia,Mobile,2,231.7,False,0,0,Friday,15,Dec,False,0.0
S06527,New_Visitor,Direct,Africa,Desktop,1,21.9,True,0,0,Monday,15,Sep,False,0.0
S06528,Returning_Visitor,Referral,Africa,Desktop,1,34.9,True,0,0,Sunday,6,Apr,False,0.0
S06529,New_Visitor,Organic,North America,Mobile,2,161.8,False,1,0,Saturday,14,Nov,False,0.0
S06530,Returning_Visitor,Paid,Europe,Desktop,7,56.6,False,1,0,Wednesday,14,Sep,False,0.0
S06531,Returning_Visitor,Social,North America,Mobile,8,359.5,False,2,0,Wednesday,5,Feb,False,0.0
S06532,Returning_Visitor,Referral,Europe,Desktop,2,13.9,False,1,1,Monday,18,Feb,False,0.0
S06533,Returning_Visitor,Direct,South America,Desktop,4,87.4,False,1,0,Monday,10,Dec,False,0.0
S06534,New_Visitor,Organic,South America,Desktop,6,97.3,False,2,0,Friday,17,Apr,False,0.0
S06535,New_Visitor,Direct,Europe,Mobile,3,235.8,False,0,0,Tuesday,12,Sep,True,0.0
S06536,New_Visitor,Referral,North America,Mobile,5,49.0,False,0,0,Sunday,23,Jan,False,0.0
S06537,Returning_Visitor,Referral,Europe,Mobile,12,780.8,False,5,3,Saturday,9,Aug,False,0.0
S06538,Returning_Visitor,Direct,Oceania,Mobile,1,51.4,True,0,0,Wednesday,6,Apr,False,0.0
S06539,New_Visitor,Referral,North America,Desktop,1,67.6,True,0,0,Wednesday,23,Feb,False,0.0
S06540,Returning_Visitor,Social,Europe,Desktop,4,502.1,False,0,0,Wednesday,10,Oct,False,0.0
S06541,New_Visitor,Organic,Asia,Desktop,3,137.5,False,1,0,Monday,16,Nov,False,0.0
S06542,Returning_Visitor,Direct,Asia,Mobile,2,153.0,False,0,0,Monday,12,Oct,True,0.0
S06543,Returning_Visitor,Social,Africa,Mobile,8,783.6,False,1,0,Thursday,16,Jan,False,0.0
S06544,New_Visitor,Direct,Europe,Desktop,6,428.2,False,2,0,Sunday,15,Apr,False,0.0
S06545,New_Visitor,Referral,Europe,Desktop,1,23.1,True,0,0,Sunday,17,May,False,0.0
S06546,New_Visitor,Direct,Europe,Mobile,5,976.8,False,1,0,Saturday,1,Sep,False,0.0
S06547,Returning_Visitor,Paid,Africa,Tablet,6,22.6,False,3,1,Friday,19,Oct,False,0.0
S06548,New_Visitor,Organic,South America,Mobile,,55.9,False,0,0,Saturday,13,Sep,False,0.0
S06549,New_Visitor,Direct,South America,Desktop,1,103.3,True,0,0,Thursday,14,Oct,False,0.0
S06550,New_Visitor,Organic,North America,Mobile,6,155.0,False,3,0,Tuesday,12,Jun,False,0.0
S06551,New_Visitor,Organic,South America,Mobile,1,47.4,True,0,0,Friday,23,Aug,False,0.0
S06552,New_Visitor,Direct,Europe,Desktop,2,17.3,False,1,1,Sunday,19,Jan,False,0.0
S06553,Returning_Visitor,Organic,North America,Mobile,1,116.6,True,0,0,Monday,11,Jun,True,0.0
S06554,New_Visitor,Paid,North America,Desktop,8,1284.5,False,2,0,Tuesday,18,Jun,False,0.0
S06555,Returning_Visitor,Paid,Asia,Desktop,1,248.2,True,0,0,Tuesday,12,Aug,False,0.0
S06556,Returning_Visitor,Direct,Europe,Tablet,1,4.8,True,0,0,Monday,20,May,False,0.0
S06557,New_Visitor,Referral,Africa,Tablet,4,53.3,False,1,1,Tuesday,4,Apr,False,52.11
S06558,New_Visitor,Direct,Asia,Desktop,1,41.0,True,0,0,Wednesday,11,Apr,False,0.0
S06559,Returning_Visitor,Social,North America,Desktop,1,19.1,True,0,0,Sunday,12,Feb,False,0.0
S06560,Returning_Visitor,Referral,Asia,Mobile,1,61.7,True,0,0,Sunday,18,Oct,False,0.0
S06561,New_Visitor,Organic,North America,Desktop,3,336.1,False,2,1,Sunday,9,Sep,False,0.0
S06562,New_Visitor,Social,Europe,Desktop,1,8.2,True,0,0,Monday,10,Aug,False,0.0
S06563,New_Visitor,Social,Asia,Desktop,2,0.4,False,0,0,Monday,17,Jul,False,0.0
S06564,Returning_Visitor,Direct,Africa,Mobile,6,1800.0,False,2,1,Monday,7,May,False,0.0
S06565,New_Visitor,Paid,Europe,Desktop,1,35.9,True,0,0,Sunday,9,Oct,False,0.0
S06566,New_Visitor,Paid,South America,Mobile,6,25.5,False,1,0,Tuesday,18,Dec,False,0.0
S06567,Returning_Visitor,Direct,South America,Desktop,5,266.4,False,1,0,Friday,20,Jun,True,0.0
S06568,Returning_Visitor,Referral,Europe,Tablet,6,503.7,False,2,0,Tuesday,17,Jun,False,0.0
S06569,New_Visitor,Paid,Europe,Tablet,2,193.9,False,1,0,Monday,14,Mar,False,0.0
S06570,New_Visitor,Organic,Asia,Mobile,2,101.1,False,1,0,Monday,8,Sep,False,0.0
S06571,Returning_Visitor,Direct,North America,Mobile,4,273.1,False,1,0,Friday,19,Aug,False,0.0
S06572,New_Visitor,Organic,Africa,Desktop,1,38.8,True,0,0,Tuesday,8,Dec,False,0.0
S06573,New_Visitor,Paid,South America,Mobile,4,232.1,False,2,1,Tuesday,12,Aug,False,0.0
S06574,Returning_Visitor,Social,North America,Tablet,1,181.7,True,0,0,Wednesday,6,Apr,False,0.0
S06575,New_Visitor,Organic,Oceania,Desktop,2,526.0,False,1,0,Friday,17,Aug,False,0.0
S06576,Returning_Visitor,Paid,North America,Mobile,5,296.3,False,1,0,Thursday,14,Dec,False,0.0
S06577,Returning_Visitor,Social,Africa,Desktop,4,210.5,False,0,0,Sunday,21,Oct,False,0.0
S06578,New_Visitor,Paid,Europe,Desktop,3,76.3,False,0,0,Thursday,8,Feb,False,0.0
S06579,New_Visitor,Organic,South America,Desktop,1,23.5,True,0,0,Tuesday,19,May,False,0.0
S06580,Returning_Visitor,Direct,Europe,Tablet,4,620.1,False,0,0,Thursday,14,Apr,False,0.0
S06581,Returning_Visitor,Referral,Asia,Desktop,1,65.6,True,0,0,Thursday,11,Nov,False,0.0
S06582,Returning_Visitor,Direct,North America,Mobile,11,404.9,False,2,0,Saturday,16,Aug,False,0.0
S06583,Returning_Visitor,Referral,North America,Tablet,1,65.8,True,0,0,Sunday,18,Nov,False,0.0
S06584,New_Visitor,Social,North America,Mobile,6,46.4,False,2,0,Saturday,13,Mar,False,0.0
S06585,Returning_Visitor,Direct,Africa,Tablet,8,1378.8,False,0,0,Wednesday,10,Dec,False,0.0
S06586,New_Visitor,Social,North America,Desktop,1,44.3,True,0,0,Tuesday,21,Jan,False,0.0
S06587,New_Visitor,Organic,Asia,Tablet,1,24.4,True,0,0,Sunday,11,May,False,0.0
S06588,New_Visitor,Organic,South America,Desktop,7,5.6,False,2,1,Wednesday,23,Jan,False,15.28
S06589,New_Visitor,Organic,Africa,Tablet,5,339.2,False,2,1,Saturday,18,Mar,False,2.93
S06590,Returning_Visitor,Direct,North America,Desktop,1,209.5,True,0,0,Sunday,16,Dec,False,0.0
S06591,New_Visitor,Direct,Africa,Desktop,6,294.4,False,1,0,Friday,1,Feb,False,0.0
S06592,New_Visitor,Social,North America,Desktop,5,121.3,False,2,0,Thursday,13,Mar,False,0.0
S06593,New_Visitor,Referral,Asia,Desktop,2,65.0,False,0,0,Friday,13,Dec,False,0.0
S06594,Returning_Visitor,Direct,Asia,Desktop,9,454.1,False,2,1,Tuesday,12,Oct,False,12.73
S06595,Returning_Visitor,Referral,North America,Tablet,3,210.1,False,0,0,Thursday,9,Jun,False,0.0
S06596,New_Visitor,Organic,North America,Desktop,2,24.3,False,0,0,Wednesday,12,Jan,False,0.0
S06597,New_Visitor,Organic,Europe,Mobile,1,164.1,True,0,0,Tuesday,7,Oct,False,0.0
S06598,New_Visitor,Referral,Europe,Desktop,10,321.0,False,4,0,Friday,11,Jul,False,0.0
S06599,Returning_Visitor,Referral,Africa,Mobile,1,58.8,True,0,0,Friday,7,May,False,0.0
S06600,Returning_Visitor,Social,Europe,Mobile,2,290.9,False,1,1,Saturday,18,May,False,0.0
S06601,New_Visitor,Direct,Oceania,Tablet,4,207.3,False,2,1,Sunday,16,Jul,False,0.0
S06602,Returning_Visitor,Social,Europe,Desktop,1,69.0,True,0,0,Tuesday,21,Aug,False,0.0
S06603,New_Visitor,Referral,Oceania,Desktop,3,180.5,False,0,0,Saturday,12,Nov,False,0.0
S06604,Returning_Visitor,Paid,Asia,Desktop,1,17.1,True,0,0,Wednesday,18,Oct,False,0.0
S06605,New_Visitor,Organic,South America,Mobile,1,197.7,True,0,0,Friday,15,Oct,True,0.0
S06606,New_Visitor,Referral,North America,Mobile,4,153.5,False,0,0,Saturday,16,Oct,False,0.0
S06607,New_Visitor,Referral,Asia,Mobile,3,18.6,False,1,0,Tuesday,14,Oct,False,0.0
S06608,New_Visitor,Paid,North America,Desktop,4,1489.9,False,2,2,Friday,18,Sep,True,4.97
S06609,Returning_Visitor,Organic,North America,Mobile,3,189.0,False,2,1,Thursday,5,Nov,False,0.0
S06610,New_Visitor,Direct,Asia,Tablet,2,112.5,False,0,0,Saturday,7,Aug,False,0.0
S06611,Returning_Visitor,Direct,Asia,Desktop,2,298.1,False,0,0,Friday,8,Jul,True,0.0
S06612,Returning_Visitor,Direct,North America,Desktop,1,46.8,True,0,0,Saturday,10,Oct,False,0.0
S06613,New_Visitor,Organic,Europe,Mobile,1,26.8,True,0,0,Tuesday,15,Mar,False,0.0
S06614,New_Visitor,Organic,Asia,Desktop,6,69.1,False,2,0,Friday,16,Oct,False,0.0
S06615,New_Visitor,Referral,North America,Mobile,4,399.3,False,0,0,Friday,17,Dec,False,0.0
S06616,Returning_Visitor,Direct,Europe,Mobile,1,24.1,True,0,0,Thursday,10,Apr,False,0.0
S06617,New_Visitor,Organic,Asia,Tablet,1,43.6,True,0,0,Wednesday,16,Aug,True,0.0
S06618,New_Visitor,Direct,North America,Tablet,6,256.0,False,3,0,Wednesday,8,Jan,False,0.0
S06619,New_Visitor,Organic,South America,Mobile,10,809.2,False,3,2,Monday,0,Oct,False,14.92
S06620,Returning_Visitor,Paid,Asia,Desktop,5,345.8,False,2,1,Tuesday,17,Aug,False,0.0
S06621,New_Visitor,Referral,South America,Desktop,3,99.2,False,0,0,Monday,17,Sep,False,0.0
S06622,New_Visitor,Social,North America,Tablet,7,233.2,False,2,0,Saturday,15,Mar,False,0.0
S06623,New_Visitor,Direct,South America,Mobile,3,56.7,False,0,0,Sunday,10,Nov,False,0.0
S06624,New_Visitor,Paid,North America,Mobile,4,100.1,False,1,0,Saturday,21,Apr,False,0.0
S06625,Returning_Visitor,Direct,Europe,Desktop,6,447.5,False,2,0,Saturday,20,Sep,False,0.0
S06626,New_Visitor,Referral,North America,Desktop,2,99.2,False,1,1,Tuesday,14,Aug,False,0.0
S06627,Returning_Visitor,Direct,Africa,Desktop,5,15.7,False,3,0,Thursday,23,Sep,False,0.0
S06628,Returning_Visitor,Social,Asia,Desktop,1,42.6,True,0,0,Sunday,11,Jan,False,0.0
S06629,Returning_Visitor,Referral,North America,Mobile,1,,True,0,0,Saturday,13,Oct,False,0.0
S06630,Returning_Visitor,Organic,North America,Mobile,6,41.7,False,1,0,Monday,21,Nov,False,0.0
S06631,New_Visitor,Organic,North America,Desktop,3,19.9,False,1,0,Thursday,13,Jul,False,0.0
S06632,New_Visitor,Referral,North America,Mobile,2,132.2,False,0,0,Monday,13,Jun,False,0.0
S06633,Returning_Visitor,Direct,Asia,Tablet,3,569.5,False,0,0,Tuesday,7,May,False,0.0
S06634,New_Visitor,Organic,Asia,Mobile,12,19.5,False,4,0,Thursday,9,Dec,False,0.0
S06635,Returning_Visitor,Direct,Oceania,Mobile,7,177.4,False,2,1,Sunday,9,Oct,False,0.0
S06636,New_Visitor,Direct,Oceania,Desktop,3,12.5,False,2,0,Friday,14,Sep,False,0.0
S06637,Returning_Visitor,Social,Asia,Tablet,3,55.6,False,2,0,Wednesday,11,Dec,False,0.0
S06638,Returning_Visitor,Organic,North America,Desktop,3,145.5,False,0,0,Thursday,7,May,False,0.0
S06639,New_Visitor,Direct,Europe,Tablet,5,175.1,False,1,0,Saturday,14,Sep,True,0.0
S06640,New_Visitor,Social,Europe,Mobile,7,189.6,False,2,2,Wednesday,16,Sep,False,0.0
S06641,Returning_Visitor,Referral,Europe,Mobile,1,14.2,True,0,0,Friday,17,Dec,False,0.0
S06642,Returning_Visitor,Organic,Asia,Tablet,3,173.9,False,1,0,Tuesday,19,Jun,True,0.0
S06643,New_Visitor,Social,Oceania,Mobile,1,51.4,True,0,0,Thursday,13,Jun,False,0.0
S06644,Returning_Visitor,Direct,Africa,Desktop,3,195.8,False,1,0,Monday,12,Feb,False,0.0
S06645,New_Visitor,Direct,North America,Desktop,1,94.6,True,0,0,Saturday,16,Feb,False,0.0
S06646,New_Visitor,Paid,North America,Desktop,5,392.2,False,1,1,Monday,1,Jul,False,12.27
S06647,Returning_Visitor,Paid,South America,Desktop,4,756.7,False,2,1,Tuesday,16,Mar,False,0.0
S06648,Returning_Visitor,Direct,South America,Desktop,7,78.0,False,4,1,Wednesday,12,Feb,False,34.63
S06649,Returning_Visitor,Organic,North America,Mobile,9,1633.1,False,4,1,Friday,13,Dec,False,0.0
S06650,Returning_Visitor,Direct,Asia,Desktop,9,102.0,False,3,0,Saturday,11,Dec,False,21.45
S06651,New_Visitor,Organic,Asia,Mobile,1,111.0,True,0,0,Monday,8,May,False,0.0
S06652,Returning_Visitor,Organic,Europe,Tablet,2,186.4,False,0,0,Monday,12,Oct,False,0.0
S06653,New_Visitor,Direct,North America,Mobile,2,131.6,False,0,0,Saturday,11,Nov,False,0.0
S06654,New_Visitor,Paid,Africa,Tablet,5,367.5,False,2,0,Friday,22,Jul,False,0.0
S06655,New_Visitor,Paid,Asia,Desktop,1,70.6,True,0,0,Saturday,21,Apr,False,0.0
S06656,New_Visitor,Direct,North America,Mobile,8,362.3,False,1,0,Friday,16,Feb,False,0.0
S06657,New_Visitor,Referral,Asia,Desktop,2,4.0,False,0,0,Saturday,21,Mar,False,0.0
S06658,New_Visitor,Organic,Asia,Mobile,3,156.0,False,2,2,Wednesday,18,Nov,False,0.0
S06659,New_Visitor,Organic,Africa,Mobile,12,354.9,False,5,2,Friday,11,Jun,False,0.0
S06660,New_Visitor,Organic,North America,Desktop,7,133.5,False,2,1,Saturday,15,Sep,False,26.18
S06661,Returning_Visitor,Social,Oceania,Desktop,2,80.8,False,0,0,Tuesday,10,Jul,False,0.0
S06662,New_Visitor,Organic,North America,Mobile,2,226.2,False,0,0,Wednesday,16,Jun,False,0.0
S06663,New_Visitor,Paid,Asia,Mobile,5,259.1,False,1,0,Saturday,6,Feb,False,29.05
S06664,Returning_Visitor,Referral,Asia,Mobile,5,1003.7,False,3,0,Thursday,19,May,False,0.0
S06665,Returning_Visitor,Organic,Europe,Desktop,4,131.0,False,0,0,Friday,15,Nov,False,0.0
S06666,Returning_Visitor,Organic,Europe,Desktop,1,11.1,True,0,0,Wednesday,6,Nov,False,0.0
S06667,New_Visitor,Referral,Africa,Desktop,1,22.7,True,0,0,Monday,20,Jan,False,0.0
S06668,Returning_Visitor,Paid,Asia,Tablet,1,9.4,True,0,0,Monday,20,Mar,False,0.0
S06669,New_Visitor,Social,Europe,Tablet,1,69.3,True,0,0,Sunday,20,Oct,False,0.0
S06670,New_Visitor,Direct,North America,Desktop,1,10.4,True,0,0,Sunday,18,May,False,0.0
S06671,New_Visitor,Referral,North America,Desktop,5,219.1,False,3,0,Tuesday,16,Sep,False,0.0
S06672,Returning_Visitor,Direct,North America,Mobile,2,308.3,False,0,0,Monday,12,Aug,True,0.0
S06673,New_Visitor,Paid,Oceania,Desktop,5,170.7,False,2,0,Monday,8,Sep,True,0.0
S06674,New_Visitor,Social,South America,Tablet,9,278.3,False,2,1,Tuesday,10,Jan,True,0.0
S06675,New_Visitor,Referral,Oceania,Mobile,2,27.2,False,1,1,Wednesday,11,Dec,False,0.0
S06676,Returning_Visitor,Direct,North America,Desktop,2,168.2,False,1,1,Tuesday,11,Jan,False,0.0
S06677,Returning_Visitor,Referral,Asia,Desktop,1,21.8,True,0,0,Saturday,14,Jan,False,0.0
S06678,New_Visitor,Direct,North America,Mobile,2,557.5,False,0,0,Saturday,9,Apr,True,0.0
S06679,Returning_Visitor,Organic,South America,Desktop,3,32.8,False,1,0,Monday,9,Dec,False,0.0
S06680,New_Visitor,Direct,Europe,Mobile,1,0.1,True,0,0,Friday,17,Feb,False,0.0
S06681,Returning_Visitor,Paid,North America,Desktop,3,139.5,False,2,1,Thursday,0,Nov,False,35.13
S06682,New_Visitor,Referral,Asia,Desktop,2,8.5,False,0,0,Monday,9,Mar,False,0.0
S06683,Returning_Visitor,Organic,North America,Mobile,14,387.7,False,7,2,Saturday,12,Feb,False,27.87
S06684,New_Visitor,Paid,Asia,Mobile,2,72.1,False,1,0,Monday,9,Oct,False,0.0
S06685,Returning_Visitor,Organic,Asia,Desktop,1,17.1,True,0,0,Tuesday,22,Nov,False,0.0
S06686,New_Visitor,Organic,Asia,Desktop,2,458.7,False,0,0,Monday,16,Nov,False,0.0
S06687,New_Visitor,Organic,Oceania,Mobile,2,50.7,False,0,0,Sunday,12,Apr,False,32.79
S06688,New_Visitor,Referral,Europe,Mobile,2,18.8,False,0,0,Friday,8,Nov,False,0.0
S06689,New_Visitor,Direct,Europe,Desktop,2,4.6,False,0,0,Wednesday,12,Feb,False,0.0
S06690,New_Visitor,Direct,South America,Mobile,7,155.5,False,2,1,Saturday,16,May,False,0.0
S06691,Returning_Visitor,Social,Asia,Desktop,3,309.7,False,0,0,Tuesday,22,Jul,True,0.0
S06692,New_Visitor,Direct,North America,Desktop,1,16.9,True,0,0,Sunday,13,Jan,False,0.0
S06693,Returning_Visitor,Social,South America,Mobile,5,273.9,False,1,0,Friday,17,Aug,False,0.0
S06694,Returning_Visitor,Organic,North America,Mobile,2,542.5,False,0,0,Thursday,9,Aug,True,0.0
S06695,Returning_Visitor,Social,North America,Desktop,1,25.3,True,0,0,Saturday,15,Dec,False,0.0
S06696,Returning_Visitor,Referral,North America,Desktop,20,1148.5,False,8,1,Friday,10,Sep,False,0.0
S06697,Returning_Visitor,Referral,North America,Desktop,1,54.9,True,0,0,Sunday,9,Jun,False,0.0
S06698,New_Visitor,Direct,North America,Mobile,4,216.5,False,2,0,Saturday,14,Nov,False,0.0
S06699,Returning_Visitor,Referral,North America,Desktop,6,1103.7,False,2,0,Tuesday,9,May,False,0.0
S06700,New_Visitor,Organic,Europe,Desktop,2,185.0,False,0,0,Tuesday,17,Jul,False,0.0
S06701,Returning_Visitor,Paid,North America,Desktop,1,0.5,True,0,0,Monday,21,Jan,False,0.0
S06702,Returning_Visitor,Organic,North America,Desktop,2,3.4,False,1,0,Tuesday,12,May,False,24.16
S06703,New_Visitor,Organic,Asia,Mobile,2,4.9,False,1,0,Wednesday,11,Jul,False,0.0
S06704,New_Visitor,Referral,North America,Desktop,25,680.3,False,4,0,Monday,9,Oct,True,0.0
S06705,New_Visitor,Social,North America,Mobile,1,34.7,True,0,0,Wednesday,12,Feb,False,0.0
S06706,Returning_Visitor,Organic,Europe,Desktop,4,395.1,False,1,0,Saturday,14,Nov,False,0.0
S06707,Returning_Visitor,Paid,Europe,Mobile,5,303.4,False,2,0,Saturday,12,Dec,False,0.0
S06708,New_Visitor,Paid,Europe,Desktop,3,1800.0,False,0,0,Monday,15,Apr,False,0.0
S06709,Returning_Visitor,Referral,Europe,Desktop,3,,False,2,0,Monday,16,Oct,False,0.0
S06710,Returning_Visitor,Direct,Asia,Desktop,7,868.3,False,2,0,Monday,8,Mar,False,0.0
S06711,New_Visitor,Social,Asia,Mobile,3,36.2,False,2,0,Sunday,17,Jul,False,0.0
S06712,New_Visitor,Direct,Oceania,Mobile,7,430.8,False,4,0,Thursday,20,Nov,False,0.0
S06713,Returning_Visitor,Direct,Europe,Desktop,1,9.7,True,0,0,Sunday,3,Jun,False,0.0
S06714,Returning_Visitor,Paid,Europe,Desktop,3,202.3,False,0,0,Sunday,14,Jan,False,0.0
S06715,Returning_Visitor,Paid,North America,Desktop,1,99.5,True,0,0,Sunday,15,Jul,False,0.0
S06716,New_Visitor,Paid,South America,Mobile,5,107.1,False,0,0,Monday,17,Nov,False,0.0
S06717,New_Visitor,Organic,North America,Tablet,5,54.9,False,2,0,Thursday,12,Feb,False,0.0
S06718,New_Visitor,Organic,Europe,Tablet,3,48.8,False,1,0,Sunday,19,Jan,False,0.0
S06719,New_Visitor,Organic,Europe,Mobile,2,199.9,False,0,0,Monday,14,Nov,False,0.0
S06720,New_Visitor,Direct,Asia,Desktop,2,95.0,False,1,0,Friday,12,Apr,False,27.99
S06721,Returning_Visitor,Direct,Africa,Mobile,1,46.1,True,0,0,Wednesday,17,May,False,0.0
S06722,New_Visitor,Direct,Oceania,Desktop,2,103.2,False,0,0,Wednesday,21,Feb,False,0.0
S06723,Returning_Visitor,Referral,North America,Mobile,2,81.3,False,1,0,Sunday,19,Feb,False,0.0
S06724,New_Visitor,Social,North America,Desktop,3,358.3,False,1,1,Friday,21,Aug,False,0.0
S06725,Returning_Visitor,Social,South America,Desktop,5,212.4,False,0,0,Saturday,10,Aug,False,0.0
S06726,New_Visitor,Social,Europe,Desktop,4,217.5,False,1,1,Friday,8,Apr,True,0.0
S06727,New_Visitor,Organic,Europe,Desktop,3,702.3,False,1,1,Thursday,14,Jun,False,0.0
S06728,New_Visitor,Organic,Asia,Mobile,9,328.1,False,2,0,Saturday,5,Jun,False,0.0
S06729,Returning_Visitor,Social,Asia,Mobile,1,12.4,True,0,0,Sunday,16,Sep,False,0.0
S06730,Returning_Visitor,Direct,Oceania,Mobile,4,198.7,False,0,0,Sunday,10,Nov,False,0.0
S06731,New_Visitor,Referral,Asia,Tablet,1,73.2,True,0,0,Saturday,13,Oct,False,0.0
S06732,New_Visitor,Organic,Europe,Desktop,4,32.1,False,1,1,Thursday,16,Jan,False,0.0
S06733,Returning_Visitor,Organic,Europe,Mobile,4,42.4,False,1,1,Tuesday,13,Feb,False,0.0
S06734,New_Visitor,Referral,South America,Mobile,5,7.4,False,2,2,Monday,10,Jun,False,0.0
S06735,New_Visitor,Paid,Asia,Mobile,4,327.4,False,3,0,Tuesday,20,Nov,False,0.0
S06736,Returning_Visitor,Paid,Asia,Desktop,1,13.5,True,0,0,Wednesday,18,Apr,False,0.0
S06737,Returning_Visitor,Direct,Oceania,Desktop,1,138.8,True,0,0,Monday,15,Nov,False,0.0
S06738,New_Visitor,Direct,Asia,Desktop,4,173.9,False,0,0,Tuesday,17,Feb,False,0.0
S06739,New_Visitor,Social,Europe,Tablet,5,931.9,False,0,0,Monday,12,Feb,False,0.0
S06740,Returning_Visitor,Direct,Asia,Tablet,1,29.0,True,0,0,Thursday,12,Dec,False,0.0
S06741,New_Visitor,Direct,Asia,Desktop,1,187.2,True,0,0,Monday,9,Mar,False,0.0
S06742,New_Visitor,Paid,North America,Tablet,5,1139.9,False,4,2,Saturday,19,Jul,False,0.0
S06743,Returning_Visitor,Social,Europe,Desktop,11,91.9,False,2,0,Wednesday,12,May,False,0.0
S06744,Returning_Visitor,Paid,Asia,Desktop,3,24.0,False,1,0,Friday,17,Mar,False,0.0
S06745,New_Visitor,Organic,Europe,Mobile,1,33.0,True,0,0,Sunday,11,Sep,False,0.0
S06746,Returning_Visitor,Direct,South America,Desktop,2,64.1,False,1,0,Monday,18,Dec,False,0.0
S06747,Returning_Visitor,Social,Europe,Desktop,5,314.9,False,0,0,Sunday,8,Sep,False,0.0
S06748,New_Visitor,Organic,Oceania,Tablet,3,21.5,False,1,1,Friday,15,May,False,0.0
S06749,Returning_Visitor,Social,North America,Mobile,,84.7,True,0,0,Monday,19,Oct,False,0.0
S06750,New_Visitor,Organic,North America,Tablet,2,,False,0,0,Wednesday,16,Mar,False,0.0
S06751,New_Visitor,Social,Europe,Desktop,5,49.0,False,2,1,Sunday,17,Aug,False,0.0
S06752,Returning_Visitor,Referral,Europe,Desktop,2,189.9,False,0,0,Friday,14,Jul,False,0.0
S06753,New_Visitor,Organic,Europe,Desktop,2,10.0,False,1,1,Tuesday,14,May,False,0.0
S06754,New_Visitor,Direct,North America,Tablet,8,596.8,False,4,2,Sunday,7,Oct,False,0.0
S06755,New_Visitor,Referral,Asia,Desktop,13,,False,1,0,Saturday,10,Feb,False,0.0
S06756,New_Visitor,Referral,Europe,Desktop,5,404.2,False,2,0,Saturday,17,Jul,False,0.0
S06757,Returning_Visitor,Direct,Asia,Desktop,1,,True,0,0,Sunday,22,Nov,True,0.0
S06758,Returning_Visitor,Paid,South America,Mobile,1,52.7,True,0,0,Saturday,14,Mar,False,0.0
S06759,Returning_Visitor,Direct,South America,Desktop,2,52.0,False,0,0,Tuesday,17,Apr,False,0.0
S06760,New_Visitor,Direct,Europe,Desktop,1,16.2,True,0,0,Friday,16,Sep,False,0.0
S06761,New_Visitor,Organic,Asia,Desktop,1,99.3,True,0,0,Saturday,23,Oct,True,0.0
S06762,New_Visitor,Paid,Europe,Desktop,1,6.8,True,0,0,Tuesday,18,Apr,False,0.0
S06763,New_Visitor,Organic,Africa,Desktop,4,880.3,False,2,0,Tuesday,15,May,False,0.0
S06764,New_Visitor,Direct,Africa,Desktop,3,271.8,False,1,1,Tuesday,8,Oct,True,9.01
S06765,Returning_Visitor,Social,Europe,Tablet,2,140.7,False,0,0,Tuesday,11,Apr,False,0.0
S06766,Returning_Visitor,Organic,North America,Desktop,1,268.6,True,0,0,Monday,10,Sep,True,0.0
S06767,Returning_Visitor,Direct,North America,Desktop,3,210.1,False,0,0,Saturday,20,Mar,False,0.0
S06768,New_Visitor,Organic,Europe,Desktop,1,,True,0,0,Saturday,13,Jun,False,0.0
S06769,Returning_Visitor,Social,Asia,Tablet,1,23.4,True,0,0,Tuesday,14,Sep,False,0.0
S06770,New_Visitor,Referral,Asia,Desktop,2,105.7,False,0,0,Friday,22,Jun,False,0.0
S06771,New_Visitor,Paid,Europe,Mobile,3,154.2,False,2,0,Friday,19,Jan,False,0.0
S06772,Returning_Visitor,Paid,Asia,Tablet,4,2.4,False,2,1,Tuesday,18,Jun,False,0.0
S06773,Returning_Visitor,Referral,Oceania,Desktop,4,72.3,False,1,1,Tuesday,8,Apr,False,7.27
S06774,New_Visitor,Social,Asia,Desktop,2,160.0,False,1,0,Tuesday,2,Feb,False,0.0
S06775,New_Visitor,Direct,North America,Mobile,4,258.6,False,3,0,Saturday,8,Jan,True,0.0
S06776,New_Visitor,Direct,Asia,Mobile,1,136.7,True,0,0,Wednesday,17,Jan,False,0.0
S06777,Returning_Visitor,Referral,Europe,Mobile,3,580.3,False,1,0,Tuesday,12,Dec,False,0.0
S06778,New_Visitor,Paid,Africa,Mobile,3,366.6,False,0,0,Monday,8,Oct,False,0.0
S06779,Returning_Visitor,Direct,Europe,Desktop,5,241.7,False,0,0,Sunday,17,Dec,False,0.0
S06780,New_Visitor,Direct,Europe,Mobile,1,47.0,True,0,0,Saturday,9,Feb,False,0.0
S06781,New_Visitor,Direct,Asia,Desktop,1,27.7,True,0,0,Thursday,15,Aug,False,0.0
S06782,New_Visitor,Direct,Europe,Mobile,1,137.4,True,0,0,Sunday,17,Feb,False,0.0
S06783,New_Visitor,Organic,Asia,Mobile,3,319.6,False,1,0,Wednesday,15,Jan,False,0.0
S06784,New_Visitor,Direct,North America,Desktop,3,271.7,False,0,0,Friday,23,Jul,False,0.0
S06785,Returning_Visitor,Direct,Asia,Desktop,1,90.4,True,0,0,Wednesday,12,Sep,False,0.0
S06786,Returning_Visitor,Referral,North America,Desktop,4,453.5,False,0,0,Wednesday,11,Jan,False,0.0
S06787,Returning_Visitor,Direct,Europe,Desktop,5,753.6,False,0,0,Saturday,9,May,False,0.0
S06788,Returning_Visitor,Referral,Asia,Tablet,1,103.2,True,0,0,Saturday,14,Feb,False,0.0
S06789,Returning_Visitor,Paid,North America,Mobile,2,202.5,False,0,0,Wednesday,19,May,False,0.0
S06790,Returning_Visitor,Paid,Europe,Mobile,6,388.7,False,1,1,Monday,22,Jul,False,0.0
S06791,Returning_Visitor,Referral,Asia,Desktop,4,147.0,False,1,0,Wednesday,22,May,False,0.0
S06792,New_Visitor,Organic,Asia,Desktop,2,96.1,False,1,1,Saturday,14,Aug,False,0.0
S06793,New_Visitor,Paid,North America,Desktop,5,229.9,False,3,2,Monday,15,Aug,False,0.0
S06794,New_Visitor,Social,Asia,Desktop,7,730.1,False,3,0,Friday,15,May,False,0.0
S06795,New_Visitor,Direct,North America,Mobile,2,37.1,False,0,0,Sunday,13,Jun,True,0.0
S06796,New_Visitor,Organic,North America,Tablet,4,108.3,False,3,0,Tuesday,9,Jun,False,0.0
S06797,Returning_Visitor,Organic,Europe,Desktop,1,48.9,True,0,0,Sunday,7,May,False,0.0
S06798,New_Visitor,Organic,North America,Mobile,1,251.8,True,0,0,Monday,12,Oct,False,0.0
S06799,New_Visitor,Organic,Oceania,Desktop,3,121.0,False,0,0,Friday,9,Feb,False,0.0
S06800,New_Visitor,Paid,North America,Desktop,3,24.3,False,1,0,Saturday,20,Nov,True,0.0
S06801,New_Visitor,Direct,South America,Desktop,5,336.3,False,4,2,Thursday,18,May,True,0.0
S06802,New_Visitor,Referral,South America,Mobile,5,287.4,False,3,1,Tuesday,15,Oct,False,0.0
S06803,New_Visitor,Social,Oceania,Mobile,2,225.0,False,1,0,Sunday,6,Nov,False,0.0
S06804,New_Visitor,Social,Europe,Desktop,3,347.4,False,1,0,Monday,15,Nov,False,0.0
S06805,New_Visitor,Paid,Africa,Mobile,5,90.0,False,4,2,Thursday,15,Jun,False,0.0
S06806,Returning_Visitor,Paid,Oceania,Mobile,1,2.8,True,0,0,Wednesday,13,Apr,False,0.0
S06807,Returning_Visitor,Direct,North America,Desktop,2,184.5,False,1,0,Thursday,16,Aug,False,0.0
S06808,New_Visitor,Paid,Europe,Mobile,1,63.4,True,0,0,Thursday,20,Mar,False,0.0
S06809,New_Visitor,Social,North America,Mobile,1,9.1,True,0,0,Thursday,18,Nov,False,0.0
S06810,New_Visitor,Organic,Asia,Desktop,3,762.5,False,1,0,Tuesday,13,Oct,True,0.0
S06811,Returning_Visitor,Referral,Asia,Mobile,3,468.5,False,0,0,Friday,10,Nov,False,0.0
S06812,New_Visitor,Referral,North America,Desktop,1,77.1,True,0,0,Monday,13,Jun,False,0.0
S06813,New_Visitor,Paid,South America,Mobile,1,3.3,True,0,0,Monday,22,Aug,False,0.0
S06814,Returning_Visitor,Direct,North America,Tablet,1,14.4,True,0,0,Thursday,19,Feb,False,0.0
S06815,New_Visitor,Referral,South America,Desktop,5,117.7,False,2,0,Thursday,3,Sep,False,0.0
S06816,New_Visitor,Organic,North America,Desktop,1,3.5,True,0,0,Tuesday,18,Jul,False,0.0
S06817,New_Visitor,Direct,Asia,Desktop,2,210.8,False,0,0,Thursday,9,Jul,False,0.0
S06818,Returning_Visitor,Organic,North America,Desktop,1,4.8,True,0,0,Thursday,15,Nov,False,0.0
S06819,Returning_Visitor,Direct,North America,Desktop,3,41.4,False,1,0,Wednesday,19,Oct,False,45.68
S06820,Returning_Visitor,Social,Asia,Mobile,3,69.1,False,1,1,Friday,14,Jul,False,24.14
S06821,New_Visitor,Organic,North America,Desktop,13,314.6,False,4,2,Sunday,12,May,True,0.0
S06822,New_Visitor,Direct,Europe,Desktop,5,92.4,False,1,0,Thursday,11,Jun,False,0.0
S06823,Returning_Visitor,Organic,Africa,Mobile,9,1800.0,False,6,2,Saturday,11,May,False,0.0
S06824,Returning_Visitor,Organic,North America,Mobile,3,583.1,False,2,1,Tuesday,19,Mar,False,0.0
S06825,New_Visitor,Direct,South America,Desktop,5,290.5,False,2,0,Saturday,19,Sep,True,0.0
S06826,Returning_Visitor,Organic,North America,Mobile,7,56.1,False,2,0,Friday,19,Sep,False,0.0
S06827,New_Visitor,Referral,North America,Tablet,1,73.6,True,0,0,Friday,10,Dec,False,0.0
S06828,New_Visitor,Organic,North America,Desktop,8,1779.1,False,2,0,Sunday,19,Jun,False,0.0
S06829,Returning_Visitor,Organic,Oceania,Desktop,1,383.9,True,0,0,Tuesday,5,Dec,False,0.0
S06830,New_Visitor,Direct,North America,Mobile,4,230.1,False,1,0,Wednesday,9,Mar,False,0.0
S06831,Returning_Visitor,Referral,Africa,Mobile,5,62.7,False,2,2,Monday,14,Sep,False,0.0
S06832,New_Visitor,Organic,Oceania,Desktop,1,106.9,True,0,0,Saturday,12,Dec,False,0.0
S06833,New_Visitor,Referral,Europe,Desktop,10,584.9,False,5,2,Saturday,8,Sep,False,55.11
S06834,Returning_Visitor,Social,Asia,Mobile,8,288.8,False,5,1,Wednesday,5,Jun,False,0.0
S06835,Returning_Visitor,Social,South America,Tablet,4,39.0,False,2,1,Wednesday,15,Jul,False,0.0
S06836,New_Visitor,Organic,Europe,Mobile,1,16.4,True,0,0,Friday,11,Nov,False,0.0
S06837,New_Visitor,Referral,North America,Tablet,3,155.6,False,1,1,Monday,1,Dec,False,0.0
S06838,Returning_Visitor,Referral,Europe,Mobile,2,36.2,False,0,0,Wednesday,12,Jun,False,0.0
S06839,New_Visitor,Organic,South America,Tablet,9,350.9,False,4,3,Wednesday,11,Oct,False,0.0
S06840,Returning_Visitor,Paid,South America,Mobile,2,150.9,False,1,0,Thursday,15,Dec,False,0.0
S06841,Returning_Visitor,Paid,North America,Tablet,4,1049.1,False,0,0,Thursday,21,Apr,False,0.0
S06842,New_Visitor,Paid,North America,Desktop,4,10.8,False,2,1,Tuesday,11,Jul,False,0.0
S06843,New_Visitor,Social,Africa,Mobile,1,95.6,True,0,0,Thursday,23,Dec,True,0.0
S06844,New_Visitor,Social,North America,Desktop,3,24.6,False,2,1,Sunday,7,May,False,0.0
S06845,Returning_Visitor,Referral,Asia,Desktop,2,344.9,False,1,1,Monday,7,Aug,False,0.0
S06846,New_Visitor,Referral,North America,Mobile,2,176.3,False,1,1,Friday,17,Sep,False,0.0
S06847,New_Visitor,Social,South America,Desktop,6,182.6,False,1,0,Friday,18,Mar,False,0.0
S06848,New_Visitor,Referral,Africa,Desktop,1,43.1,True,0,0,Sunday,12,Nov,False,0.0
S06849,Returning_Visitor,Direct,North America,Tablet,2,135.5,False,1,0,Friday,10,Jun,False,0.0
S06850,New_Visitor,Direct,North America,Mobile,1,49.4,True,0,0,Friday,18,Jul,False,0.0
S06851,New_Visitor,Paid,Europe,Tablet,1,234.9,True,0,0,Saturday,22,Sep,False,0.0
S06852,Returning_Visitor,Organic,North America,Tablet,3,1186.2,False,1,1,Tuesday,23,Jun,False,0.0
S06853,Returning_Visitor,Referral,Europe,Desktop,1,3.5,True,0,0,Friday,16,May,False,0.0
S06854,Returning_Visitor,Paid,Asia,Desktop,1,78.1,True,0,0,Thursday,17,Aug,False,0.0
S06855,New_Visitor,Social,North America,Desktop,7,576.9,False,2,0,Thursday,19,May,False,0.0
S06856,New_Visitor,Paid,Europe,Mobile,4,374.7,False,0,0,Monday,19,Jun,False,0.0
S06857,Returning_Visitor,Referral,South America,Mobile,1,149.4,True,0,0,Wednesday,23,Feb,False,0.0
S06858,New_Visitor,Organic,Asia,Mobile,15,809.9,False,5,1,Tuesday,19,Nov,False,0.0
S06859,Returning_Visitor,Social,Europe,Desktop,9,158.6,False,5,1,Saturday,16,Jun,False,0.0
S06860,Returning_Visitor,Organic,Asia,Desktop,1,66.8,True,0,0,Sunday,12,Feb,False,0.0
S06861,New_Visitor,Direct,South America,Desktop,8,187.2,False,4,0,Tuesday,15,Nov,False,0.0
S06862,Returning_Visitor,Direct,Asia,Desktop,3,75.5,False,0,0,Monday,20,Jan,False,0.0
S06863,Returning_Visitor,Organic,North America,Tablet,8,455.6,False,2,1,Sunday,11,Aug,False,0.0
S06864,New_Visitor,Direct,North America,Desktop,11,225.2,False,4,1,Friday,4,Oct,False,50.2
S06865,New_Visitor,Direct,South America,Desktop,4,284.6,False,2,0,Sunday,11,Mar,True,0.0
S06866,New_Visitor,Referral,South America,Desktop,2,230.2,False,1,1,Monday,22,Feb,False,0.0
S06867,New_Visitor,Social,Asia,Mobile,8,1800.0,False,4,2,Saturday,18,Feb,False,0.0
S06868,New_Visitor,Organic,North America,Desktop,3,33.2,False,0,0,Saturday,9,Dec,False,0.0
S06869,Returning_Visitor,Organic,Asia,Desktop,,72.9,False,0,0,Tuesday,1,Oct,False,0.0
S06870,Returning_Visitor,Referral,South America,Mobile,2,162.0,False,0,0,Tuesday,16,May,False,0.0
S06871,New_Visitor,Referral,Europe,Tablet,2,103.4,False,1,0,Wednesday,15,May,False,0.0
S06872,New_Visitor,Paid,North America,Tablet,9,36.1,False,3,1,Tuesday,7,Sep,False,0.0
S06873,Returning_Visitor,Organic,Asia,Desktop,6,154.0,False,2,0,Sunday,22,Jun,False,27.77
S06874,New_Visitor,Paid,South America,Mobile,1,94.7,True,0,0,Wednesday,15,Apr,False,0.0
S06875,Returning_Visitor,Direct,North America,Desktop,1,40.7,True,0,0,Saturday,16,Jan,False,0.0
S06876,New_Visitor,Referral,Asia,Desktop,1,71.1,True,0,0,Saturday,20,Oct,False,0.0
S06877,New_Visitor,Organic,Asia,Mobile,3,184.2,False,1,1,Wednesday,11,Nov,False,0.0
S06878,New_Visitor,Direct,Asia,Desktop,6,1033.5,False,3,0,Friday,14,Mar,False,0.0
S06879,Returning_Visitor,Organic,Asia,Mobile,3,351.6,False,1,1,Monday,15,Jan,False,0.0
S06880,New_Visitor,Organic,Asia,Tablet,3,75.8,False,1,1,Wednesday,22,Feb,False,0.0
S06881,Returning_Visitor,Direct,North America,Desktop,1,41.3,True,0,0,Sunday,8,Jun,False,0.0
S06882,New_Visitor,Social,North America,Desktop,2,77.6,False,1,0,Tuesday,18,Apr,False,0.0
S06883,New_Visitor,Social,Asia,Desktop,1,19.6,True,0,0,Wednesday,15,Feb,False,0.0
S06884,New_Visitor,Referral,North America,Mobile,1,58.2,True,0,0,Saturday,19,Jun,False,0.0
S06885,Returning_Visitor,Direct,Asia,Tablet,2,36.2,False,1,1,Friday,19,Mar,False,0.0
S06886,Returning_Visitor,Direct,Asia,Tablet,1,10.4,True,0,0,Friday,1,Jan,False,0.0
S06887,New_Visitor,Paid,North America,Mobile,10,70.1,False,3,2,Saturday,10,Sep,False,0.0
S06888,New_Visitor,Referral,Asia,Desktop,8,162.0,False,1,1,Monday,9,Aug,False,0.0
S06889,New_Visitor,Organic,Europe,Mobile,5,192.3,False,3,1,Saturday,13,Nov,False,0.0
S06890,New_Visitor,Organic,North America,Desktop,3,22.1,False,0,0,Sunday,21,May,True,0.0
S06891,New_Visitor,Referral,Europe,Tablet,6,405.5,False,3,1,Monday,0,Feb,False,0.0
S06892,Returning_Visitor,Direct,Africa,Desktop,11,1347.8,False,5,0,Thursday,13,May,False,0.0
S06893,Returning_Visitor,Organic,Europe,Mobile,2,66.8,False,1,0,Wednesday,20,Oct,False,0.0
S06894,New_Visitor,Social,Asia,Desktop,2,247.9,False,1,0,Monday,21,Apr,False,0.0
S06895,New_Visitor,Social,North America,Desktop,4,39.3,False,1,0,Wednesday,16,Apr,False,0.0
S06896,Returning_Visitor,Referral,North America,Mobile,4,19.4,False,2,0,Friday,19,Mar,False,0.0
S06897,Returning_Visitor,Organic,North America,Mobile,6,605.3,False,2,1,Sunday,11,Dec,False,0.0
S06898,New_Visitor,Direct,South America,Mobile,2,441.6,False,0,0,Friday,10,Dec,False,0.0
S06899,New_Visitor,Paid,Europe,Mobile,2,50.0,False,0,0,Saturday,6,Sep,False,0.0
S06900,New_Visitor,Paid,North America,Desktop,3,,False,1,0,Monday,13,Mar,False,0.0
S06901,New_Visitor,Organic,Asia,Tablet,1,63.8,True,0,0,Tuesday,13,Oct,False,0.0
S06902,New_Visitor,Organic,North America,Mobile,1,69.4,True,0,0,Sunday,12,Aug,False,0.0
S06903,New_Visitor,Direct,North America,Desktop,1,51.0,True,0,0,Sunday,8,Oct,False,0.0
S06904,Returning_Visitor,Direct,Europe,Mobile,1,17.8,True,0,0,Tuesday,10,Nov,False,0.0
S06905,New_Visitor,Referral,Europe,Tablet,1,5.1,True,0,0,Friday,9,May,False,0.0
S06906,New_Visitor,Paid,Asia,Mobile,5,4.1,False,3,0,Wednesday,21,Dec,False,0.0
S06907,New_Visitor,Direct,Europe,Desktop,3,35.8,False,2,1,Thursday,22,Dec,False,0.0
S06908,Returning_Visitor,Organic,Europe,Mobile,4,30.7,False,0,0,Sunday,0,Aug,False,0.0
S06909,Returning_Visitor,Paid,Africa,Desktop,1,2.3,True,0,0,Saturday,9,Sep,False,0.0
S06910,New_Visitor,Organic,Africa,Mobile,1,5.7,True,0,0,Tuesday,20,Jun,False,0.0
S06911,New_Visitor,Paid,South America,Mobile,1,3.0,True,0,0,Wednesday,5,Sep,False,0.0
S06912,Returning_Visitor,Referral,Africa,Tablet,18,857.9,False,8,3,Tuesday,21,Aug,False,0.0
S06913,New_Visitor,Paid,Asia,Mobile,1,3.5,True,0,0,Saturday,12,May,False,0.0
S06914,New_Visitor,Organic,Asia,Desktop,1,334.2,True,0,0,Thursday,14,May,False,0.0
S06915,New_Visitor,Organic,Asia,Mobile,3,125.4,False,1,0,Sunday,18,Sep,False,0.0
S06916,New_Visitor,Direct,South America,Desktop,2,277.7,False,1,1,Saturday,10,Dec,False,0.0
S06917,New_Visitor,Direct,Asia,Desktop,7,281.0,False,2,1,Tuesday,8,Mar,False,33.67
S06918,Returning_Visitor,Direct,North America,Desktop,6,52.6,False,1,0,Saturday,19,Jun,True,0.0
S06919,Returning_Visitor,Paid,South America,Desktop,7,771.3,False,1,0,Thursday,23,Nov,False,0.0
S06920,New_Visitor,Social,South America,Tablet,4,65.1,False,2,2,Tuesday,16,Feb,False,0.0
S06921,Returning_Visitor,Referral,South America,Mobile,1,2.5,True,0,0,Wednesday,19,Dec,False,0.0
S06922,New_Visitor,Organic,North America,Mobile,1,12.7,True,0,0,Sunday,21,Sep,False,0.0
S06923,New_Visitor,Social,North America,Desktop,1,54.9,True,0,0,Thursday,10,Dec,False,0.0
S06924,Returning_Visitor,Social,North America,Mobile,5,171.1,False,0,0,Friday,11,Nov,False,0.0
S06925,Returning_Visitor,Direct,Europe,Mobile,4,42.3,False,2,0,Thursday,10,Oct,False,68.38
S06926,New_Visitor,Paid,North America,Desktop,12,548.2,False,4,1,Wednesday,7,Jan,False,0.0
S06927,New_Visitor,Organic,Europe,Tablet,4,734.1,False,2,1,Saturday,17,Jun,False,0.0
S06928,Returning_Visitor,Organic,North America,Mobile,1,77.8,True,0,0,Saturday,8,Mar,False,0.0
S06929,Returning_Visitor,Organic,North America,Mobile,1,4.3,True,0,0,Monday,7,Nov,False,0.0
S06930,Returning_Visitor,Social,Asia,Desktop,2,46.2,False,0,0,Tuesday,11,Sep,False,0.0
S06931,New_Visitor,Referral,Africa,Desktop,1,70.7,True,0,0,Thursday,6,Feb,False,0.0
S06932,New_Visitor,Direct,North America,Tablet,3,27.2,False,1,1,Wednesday,9,May,False,0.0
S06933,New_Visitor,Organic,Asia,Mobile,1,46.4,True,0,0,Saturday,7,Jan,False,0.0
S06934,New_Visitor,Organic,North America,Mobile,5,237.0,False,0,0,Monday,20,Oct,True,0.0
S06935,Returning_Visitor,Organic,North America,Tablet,4,22.2,False,0,0,Saturday,18,Jun,False,0.0
S06936,New_Visitor,Direct,Asia,Mobile,4,223.6,False,2,2,Friday,20,Apr,False,0.0
S06937,New_Visitor,Organic,Asia,Mobile,11,1520.2,False,4,0,Tuesday,20,Jul,True,0.0
S06938,Returning_Visitor,Organic,South America,Desktop,4,253.1,False,1,0,Wednesday,21,Jan,False,0.0
S06939,New_Visitor,Paid,Europe,Mobile,5,741.2,False,1,0,Tuesday,9,Apr,False,0.0
S06940,New_Visitor,Direct,Africa,Desktop,1,57.0,True,0,0,Tuesday,20,Mar,False,0.0
S06941,Returning_Visitor,Social,North America,Desktop,9,752.5,False,5,3,Friday,14,Dec,False,0.0
S06942,Returning_Visitor,Organic,North America,Tablet,1,133.9,True,0,0,Wednesday,9,May,False,0.0
S06943,Returning_Visitor,Direct,North America,Desktop,3,112.0,False,0,0,Friday,16,Aug,False,0.0
S06944,New_Visitor,Direct,South America,Desktop,10,103.2,False,5,2,Thursday,11,Jul,False,0.0
S06945,Returning_Visitor,Organic,North America,Desktop,1,7.6,True,0,0,Monday,6,Sep,False,0.0
S06946,Returning_Visitor,Organic,North America,Desktop,1,184.1,True,0,0,Thursday,7,Apr,False,0.0
S06947,New_Visitor,Paid,Asia,Desktop,2,95.0,False,0,0,Saturday,12,Feb,False,0.0
S06948,New_Visitor,Paid,North America,Desktop,1,69.0,True,0,0,Wednesday,19,Feb,False,0.0
S06949,Returning_Visitor,Organic,North America,Mobile,4,227.1,False,2,1,Friday,11,Mar,False,0.0
S06950,New_Visitor,Direct,North America,Mobile,1,49.9,True,0,0,Tuesday,18,Jul,False,0.0
S06951,Returning_Visitor,Paid,North America,Mobile,1,49.2,True,0,0,Monday,6,Apr,False,0.0
S06952,New_Visitor,Organic,Asia,Tablet,7,269.1,False,4,0,Wednesday,12,Jun,False,0.0
S06953,New_Visitor,Referral,Asia,Mobile,1,129.5,True,0,0,Wednesday,8,Jan,False,0.0
S06954,New_Visitor,Paid,North America,Desktop,1,7.7,True,0,0,Saturday,20,Sep,False,0.0
S06955,Returning_Visitor,Paid,North America,Desktop,1,75.5,True,0,0,Thursday,22,Nov,False,0.0
S06956,New_Visitor,Direct,South America,Mobile,1,68.5,True,0,0,Monday,11,Jan,False,0.0
S06957,New_Visitor,Organic,Europe,Mobile,1,3.9,True,0,0,Friday,23,Mar,False,0.0
S06958,Returning_Visitor,Organic,Asia,Desktop,6,88.1,False,3,0,Thursday,18,May,False,0.0
S06959,Returning_Visitor,Paid,Europe,Desktop,1,93.0,True,0,0,Wednesday,0,Apr,False,0.0
S06960,Returning_Visitor,Paid,North America,Mobile,1,16.0,True,0,0,Saturday,13,Jan,False,0.0
S06961,New_Visitor,Referral,Oceania,Mobile,4,206.9,False,1,0,Tuesday,19,Feb,False,0.0
S06962,New_Visitor,Social,Asia,Mobile,1,5.2,True,0,0,Sunday,14,Dec,False,0.0
S06963,Returning_Visitor,Social,North America,Desktop,2,30.3,False,0,0,Wednesday,14,Oct,False,0.0
S06964,Returning_Visitor,Referral,Europe,Mobile,1,132.9,True,0,0,Thursday,13,Dec,False,0.0
S06965,New_Visitor,Social,Europe,Mobile,2,53.9,False,0,0,Sunday,12,Jun,False,0.0
S06966,New_Visitor,Referral,North America,Tablet,2,196.7,False,1,0,Saturday,3,Nov,False,0.0
S06967,Returning_Visitor,Direct,Oceania,Mobile,3,117.2,False,1,1,Monday,15,Nov,True,0.0
S06968,New_Visitor,Organic,Africa,Mobile,3,70.0,False,1,1,Friday,18,Nov,False,0.0
S06969,Returning_Visitor,Social,North America,Mobile,4,200.6,False,1,1,Wednesday,18,Jan,False,0.0
S06970,New_Visitor,Direct,Europe,Mobile,9,412.3,False,5,1,Thursday,15,Sep,False,0.0
S06971,New_Visitor,Organic,South America,Desktop,5,1255.5,False,0,0,Saturday,11,Aug,False,0.0
S06972,Returning_Visitor,Social,North America,Tablet,9,228.0,False,3,1,Thursday,2,Aug,False,0.0
S06973,New_Visitor,Referral,Asia,Mobile,1,63.6,True,0,0,Monday,20,Jul,False,0.0
S06974,New_Visitor,Paid,Asia,Mobile,14,982.6,False,5,0,Thursday,12,Nov,False,0.0
S06975,New_Visitor,Organic,Asia,Tablet,2,118.1,False,1,0,Monday,15,Dec,False,0.0
S06976,New_Visitor,Referral,Asia,Tablet,1,39.1,True,0,0,Wednesday,9,Nov,False,0.0
S06977,Returning_Visitor,Organic,Asia,Mobile,2,183.6,False,0,0,Thursday,8,Nov,True,0.0
S06978,Returning_Visitor,Paid,Oceania,Desktop,5,438.5,False,3,0,Friday,7,Jul,False,0.0
S06979,Returning_Visitor,Organic,Europe,Desktop,10,1800.0,False,3,1,Thursday,19,Sep,False,0.0
S06980,New_Visitor,Referral,Africa,Tablet,3,678.7,False,0,0,Tuesday,16,Jun,False,0.0
S06981,New_Visitor,Social,North America,Desktop,1,14.5,True,0,0,Sunday,15,May,False,0.0
S06982,New_Visitor,Direct,North America,Tablet,1,63.8,True,0,0,Friday,21,Dec,False,0.0
S06983,Returning_Visitor,Paid,North America,Desktop,2,232.9,False,0,0,Wednesday,9,Dec,True,0.0
S06984,Returning_Visitor,Paid,Asia,Mobile,2,393.4,False,0,0,Sunday,9,Sep,False,0.0
S06985,Returning_Visitor,Organic,North America,Mobile,1,9.2,True,0,0,Sunday,9,Nov,False,0.0
S06986,New_Visitor,Organic,South America,Desktop,6,1071.9,False,1,0,Monday,12,May,False,0.0
S06987,New_Visitor,Organic,Asia,Tablet,1,15.3,True,0,0,Friday,20,Jun,False,0.0
S06988,New_Visitor,Organic,North America,Mobile,3,152.9,False,2,0,Thursday,20,Nov,False,0.0
S06989,New_Visitor,Paid,Asia,Desktop,2,127.5,False,1,1,Tuesday,15,Jun,False,0.0
S06990,New_Visitor,Paid,Africa,Desktop,8,1015.8,False,2,2,Tuesday,16,Jan,False,0.0
S06991,Returning_Visitor,Organic,Asia,Mobile,3,293.0,False,1,1,Thursday,20,May,False,0.0
S06992,New_Visitor,Direct,North America,Desktop,2,327.1,False,0,0,Wednesday,15,Jun,False,0.0
S06993,New_Visitor,Direct,Africa,Tablet,4,371.6,False,1,0,Saturday,10,Mar,False,0.0
S06994,New_Visitor,Organic,Asia,Desktop,2,49.6,False,0,0,Monday,17,May,False,0.0
S06995,Returning_Visitor,Direct,Europe,Desktop,1,11.8,True,0,0,Sunday,18,Dec,True,0.0
S06996,Returning_Visitor,Direct,Europe,Desktop,2,20.3,False,0,0,Saturday,16,Nov,False,0.0
S06997,Returning_Visitor,Direct,Europe,Desktop,6,33.0,False,3,0,Saturday,10,Jun,False,0.0
S06998,Returning_Visitor,Referral,Africa,Desktop,8,1293.2,False,3,0,Tuesday,12,Oct,False,0.0
S06999,New_Visitor,Social,North America,Tablet,3,119.9,False,2,0,Friday,13,Mar,False,0.0
S07000,Returning_Visitor,Organic,North America,Desktop,4,807.1,False,1,0,Thursday,8,Oct,False,0.0
S07001,New_Visitor,Social,Africa,Desktop,3,268.4,False,1,0,Friday,13,Jul,False,0.0
S07002,New_Visitor,Referral,North America,Desktop,5,922.3,False,3,2,Wednesday,9,Oct,False,35.82
S07003,Returning_Visitor,Paid,Africa,Mobile,1,121.8,True,0,0,Saturday,13,Sep,False,0.0
S07004,Returning_Visitor,Direct,Europe,Mobile,2,105.1,False,0,0,Monday,6,Apr,False,0.0
S07005,New_Visitor,Paid,Europe,Mobile,1,15.4,True,0,0,Friday,22,Nov,False,0.0
S07006,New_Visitor,Paid,North America,Desktop,1,17.6,True,0,0,Saturday,10,Aug,False,0.0
S07007,New_Visitor,Direct,Africa,Mobile,6,167.1,False,2,1,Friday,13,Oct,False,0.0
S07008,New_Visitor,Direct,Asia,Mobile,1,1.5,True,0,0,Tuesday,4,Feb,False,0.0
S07009,New_Visitor,Paid,Africa,Mobile,2,131.9,False,1,0,Tuesday,9,Aug,False,0.0
S07010,New_Visitor,Social,Asia,Desktop,7,340.2,False,1,1,Thursday,17,Apr,False,0.0
S07011,New_Visitor,Paid,North America,Mobile,4,25.6,False,1,0,Wednesday,8,Nov,False,0.0
S07012,Returning_Visitor,Social,Europe,Desktop,3,313.6,False,0,0,Monday,15,Dec,False,36.69
S07013,New_Visitor,Referral,Europe,Desktop,2,207.6,False,0,0,Monday,0,Jan,True,0.0
S07014,New_Visitor,Organic,Asia,Desktop,3,22.7,False,2,1,Saturday,13,Oct,False,0.0
S07015,New_Visitor,Organic,Africa,Desktop,1,13.7,True,0,0,Monday,17,Feb,False,0.0
S07016,Returning_Visitor,Paid,Europe,Desktop,4,69.2,False,1,0,Sunday,21,Nov,True,0.0
S07017,New_Visitor,Direct,Asia,Mobile,1,44.7,True,0,0,Thursday,13,Feb,True,0.0
S07018,New_Visitor,Organic,Oceania,Tablet,2,347.9,False,0,0,Saturday,19,Mar,False,0.0
S07019,New_Visitor,Social,North America,Mobile,1,65.7,True,0,0,Monday,19,Apr,False,0.0
S07020,Returning_Visitor,Social,Africa,Desktop,4,274.3,False,1,0,Sunday,11,Oct,False,0.0
S07021,Returning_Visitor,Organic,Europe,Mobile,7,144.7,False,2,0,Monday,20,Apr,False,8.24
S07022,Returning_Visitor,Organic,Asia,Mobile,2,117.4,False,1,0,Monday,16,Aug,False,0.0
S07023,Returning_Visitor,Direct,North America,Desktop,1,14.2,True,0,0,Monday,8,Aug,False,0.0
S07024,Returning_Visitor,Organic,Europe,Mobile,9,670.4,False,2,1,Monday,21,Jun,False,0.0
S07025,Returning_Visitor,Social,North America,Mobile,2,,False,1,0,Thursday,9,Jul,False,33.94
S07026,New_Visitor,Direct,Oceania,Desktop,1,0.8,True,0,0,Saturday,13,Feb,False,0.0
S07027,New_Visitor,Paid,South America,Desktop,1,44.5,True,0,0,Tuesday,13,Nov,False,0.0
S07028,Returning_Visitor,Social,North America,Desktop,1,21.2,True,0,0,Saturday,15,Mar,False,0.0
S07029,New_Visitor,Referral,Oceania,Tablet,1,59.5,True,0,0,Saturday,16,Nov,False,0.0
S07030,New_Visitor,Direct,Asia,Desktop,1,82.2,True,0,0,Sunday,10,Jul,False,0.0
S07031,Returning_Visitor,Direct,Africa,Desktop,8,806.8,False,4,0,Monday,11,Aug,False,160.27
S07032,New_Visitor,Direct,North America,Mobile,1,239.3,True,0,0,Monday,8,Apr,False,0.0
S07033,Returning_Visitor,Direct,Europe,Tablet,2,97.3,False,0,0,Monday,8,Apr,False,0.0
S07034,Returning_Visitor,Social,Asia,Desktop,4,158.1,False,1,0,Wednesday,19,Jul,True,0.0
S07035,New_Visitor,Direct,North America,Mobile,4,67.6,False,2,1,Thursday,18,Apr,False,0.0
S07036,Returning_Visitor,Social,Europe,Mobile,10,824.3,False,5,2,Thursday,13,Jun,False,37.08
S07037,New_Visitor,Organic,Europe,Mobile,11,435.0,False,4,1,Tuesday,8,Jun,False,0.0
S07038,New_Visitor,Organic,North America,Mobile,3,71.3,False,1,0,Friday,13,Apr,False,0.0
S07039,New_Visitor,Paid,Europe,Desktop,5,169.7,False,0,0,Wednesday,11,Apr,False,0.0
S07040,Returning_Visitor,Referral,Oceania,Tablet,2,55.5,False,1,1,Wednesday,18,Dec,True,0.0
S07041,Returning_Visitor,Direct,North America,Mobile,2,460.8,False,0,0,Monday,8,Aug,True,0.0
S07042,New_Visitor,Direct,North America,Tablet,1,15.4,True,0,0,Friday,13,Nov,False,0.0
S07043,Returning_Visitor,Organic,Europe,Mobile,4,128.5,False,1,1,Friday,15,Jan,False,0.0
S07044,New_Visitor,Social,Asia,Tablet,1,22.0,True,0,0,Saturday,23,Jan,False,0.0
S07045,Returning_Visitor,Organic,Asia,Desktop,1,11.3,True,0,0,Sunday,7,Jul,False,0.0
S07046,New_Visitor,Referral,South America,Desktop,1,21.4,True,0,0,Saturday,8,Nov,False,0.0
S07047,Returning_Visitor,Referral,North America,Desktop,4,161.3,False,0,0,Tuesday,23,Aug,False,0.0
S07048,New_Visitor,Paid,Europe,Desktop,1,59.9,True,0,0,Tuesday,12,Aug,False,0.0
S07049,New_Visitor,Direct,South America,Mobile,5,287.8,False,1,0,Sunday,18,Feb,False,0.0
S07050,New_Visitor,Organic,Africa,Desktop,8,711.1,False,2,1,Saturday,18,Dec,False,0.0
S07051,Returning_Visitor,Referral,Asia,Desktop,2,8.9,False,0,0,Saturday,11,Jul,False,0.0
S07052,New_Visitor,Organic,North America,Mobile,5,113.2,False,2,1,Friday,10,Feb,False,0.0
S07053,Returning_Visitor,Organic,Europe,Tablet,2,52.2,False,0,0,Tuesday,10,Jun,True,0.0
S07054,New_Visitor,Organic,North America,Mobile,5,353.5,False,1,0,Saturday,18,Feb,False,0.0
S07055,New_Visitor,Direct,Asia,Mobile,2,27.9,False,0,0,Monday,19,Jun,False,0.0
S07056,New_Visitor,Organic,North America,Mobile,9,130.2,False,4,2,Wednesday,17,Oct,False,0.0
S07057,Returning_Visitor,Direct,North America,Tablet,14,84.0,False,2,1,Wednesday,13,May,False,84.9
S07058,New_Visitor,Paid,Europe,Mobile,2,91.4,False,1,0,Thursday,10,May,True,0.0
S07059,Returning_Visitor,Social,Europe,Tablet,1,77.8,True,0,0,Thursday,12,Jul,False,0.0
S07060,Returning_Visitor,Organic,Europe,Desktop,4,287.1,False,3,1,Thursday,21,Jul,True,0.0
S07061,Returning_Visitor,Organic,Europe,Mobile,3,244.4,False,2,0,Thursday,20,Jul,False,0.0
S07062,New_Visitor,Referral,Asia,Mobile,15,167.2,False,5,3,Wednesday,11,Jul,False,0.0
S07063,Returning_Visitor,Paid,Europe,Mobile,6,318.0,False,1,0,Tuesday,11,Jan,False,0.0
S07064,Returning_Visitor,Organic,Europe,Mobile,6,35.3,False,4,1,Friday,18,Jul,False,0.0
S07065,New_Visitor,Social,Europe,Mobile,4,816.4,False,1,0,Saturday,12,Dec,False,0.0
S07066,Returning_Visitor,Referral,Europe,Tablet,2,13.3,False,0,0,Thursday,15,Oct,False,0.0
S07067,New_Visitor,Direct,Asia,Desktop,9,1134.3,False,2,0,Friday,12,Apr,False,44.24
S07068,New_Visitor,Paid,Europe,Desktop,2,4.7,False,0,0,Thursday,10,Sep,False,0.0
S07069,New_Visitor,Social,Asia,Desktop,2,90.9,False,1,1,Monday,9,May,False,0.0
S07070,New_Visitor,Paid,Asia,Desktop,1,114.9,True,0,0,Wednesday,8,Mar,True,0.0
S07071,New_Visitor,Direct,South America,Desktop,2,120.8,False,0,0,Monday,1,Oct,False,0.0
S07072,New_Visitor,Referral,Europe,Mobile,1,40.9,True,0,0,Friday,10,Mar,False,0.0
S07073,Returning_Visitor,Referral,Europe,Mobile,4,32.7,False,0,0,Thursday,9,Nov,False,0.0
S07074,New_Visitor,Direct,Asia,Mobile,3,193.8,False,0,0,Monday,10,Jun,False,0.0
S07075,New_Visitor,Referral,North America,Mobile,2,110.7,False,1,0,Thursday,7,Oct,False,0.0
S07076,New_Visitor,Organic,Europe,Mobile,11,405.0,False,4,1,Sunday,11,Apr,False,0.0
S07077,Returning_Visitor,Organic,Asia,Desktop,4,64.3,False,2,0,Wednesday,14,Sep,False,0.0
S07078,Returning_Visitor,Direct,North America,Mobile,1,14.9,True,0,0,Sunday,21,Mar,False,0.0
S07079,Returning_Visitor,Social,Europe,Mobile,2,420.8,False,1,0,Sunday,11,Jan,False,0.0
S07080,Returning_Visitor,Paid,Asia,Desktop,3,603.7,False,2,0,Saturday,4,Nov,False,0.0
S07081,New_Visitor,Direct,Oceania,Desktop,3,497.5,False,1,0,Saturday,11,Nov,False,0.0
S07082,Returning_Visitor,Referral,Africa,Desktop,1,43.5,True,0,0,Wednesday,19,Nov,False,0.0
S07083,New_Visitor,Organic,North America,Mobile,1,266.8,True,0,0,Wednesday,11,Jan,False,0.0
S07084,New_Visitor,Paid,Europe,Mobile,2,42.4,False,0,0,Sunday,11,Oct,False,0.0
S07085,Returning_Visitor,Referral,North America,Mobile,10,334.0,False,2,1,Wednesday,21,Nov,False,0.0
S07086,New_Visitor,Social,North America,Desktop,2,23.0,False,1,0,Monday,11,May,False,0.0
S07087,Returning_Visitor,Social,South America,Desktop,2,74.9,False,0,0,Tuesday,22,Jul,False,0.0
S07088,Returning_Visitor,Organic,North America,Desktop,4,49.1,False,2,0,Friday,19,Jun,False,0.0
S07089,New_Visitor,Direct,North America,Desktop,1,4.1,True,0,0,Wednesday,16,Jun,False,0.0
S07090,New_Visitor,Paid,Oceania,Desktop,4,2.4,False,2,1,Tuesday,15,Nov,False,0.0
S07091,New_Visitor,Organic,South America,Desktop,4,114.1,False,1,0,Saturday,10,Jun,False,0.0
S07092,Returning_Visitor,Referral,South America,Mobile,1,136.7,True,0,0,Thursday,17,May,False,0.0
S07093,Returning_Visitor,Paid,Africa,Desktop,1,34.5,True,0,0,Thursday,11,Feb,False,0.0
S07094,New_Visitor,Direct,Asia,Desktop,2,124.5,False,0,0,Tuesday,13,Sep,False,0.0
S07095,New_Visitor,Paid,North America,Mobile,6,613.1,False,1,0,Tuesday,8,Feb,False,0.0
S07096,Returning_Visitor,Paid,Europe,Mobile,4,193.2,False,3,3,Monday,11,Jan,False,0.0
S07097,Returning_Visitor,Social,Europe,Mobile,7,347.9,False,2,1,Thursday,14,Sep,False,0.0
S07098,New_Visitor,Organic,Europe,Desktop,6,267.3,False,3,0,Saturday,13,Sep,False,0.0
S07099,New_Visitor,Direct,South America,Mobile,3,24.1,False,0,0,Saturday,11,Mar,False,0.0
S07100,Returning_Visitor,Organic,Europe,Tablet,3,181.7,False,1,0,Tuesday,13,Dec,False,0.0
S07101,New_Visitor,Social,North America,Desktop,8,616.5,False,4,1,Saturday,18,Oct,False,0.0
S07102,New_Visitor,Social,North America,Desktop,5,0.1,False,2,0,Monday,13,Sep,False,0.0
S07103,Returning_Visitor,Referral,North America,Tablet,2,10.4,False,0,0,Monday,14,Oct,False,0.0
S07104,Returning_Visitor,Direct,Africa,Tablet,2,93.6,False,1,0,Saturday,17,Jun,False,0.0
S07105,New_Visitor,Organic,Asia,Desktop,2,219.1,False,1,0,Tuesday,19,Jun,False,0.0
S07106,New_Visitor,Social,Asia,Desktop,3,137.1,False,1,1,Friday,14,Nov,False,0.0
S07107,New_Visitor,Social,Europe,Mobile,2,68.4,False,0,0,Monday,22,Jan,False,0.0
S07108,New_Visitor,Paid,Asia,Desktop,1,165.7,True,0,0,Monday,11,Nov,False,0.0
S07109,Returning_Visitor,Social,South America,Tablet,3,14.3,False,2,0,Friday,10,Jun,False,0.0
S07110,New_Visitor,Social,Asia,Desktop,7,62.5,False,2,1,Tuesday,17,Jul,False,0.0
S07111,Returning_Visitor,Social,Oceania,Tablet,3,208.0,False,1,1,Monday,9,May,False,0.0
S07112,Returning_Visitor,Referral,Oceania,Desktop,1,6.9,True,0,0,Thursday,20,Aug,False,0.0
S07113,New_Visitor,Direct,Oceania,Desktop,6,52.3,False,2,1,Wednesday,12,Sep,False,0.0
S07114,New_Visitor,Paid,Asia,Tablet,5,616.6,False,1,0,Saturday,17,Mar,False,0.0
S07115,New_Visitor,Referral,Oceania,Desktop,4,56.6,False,0,0,Saturday,15,Aug,False,0.0
S07116,Returning_Visitor,Direct,Europe,Desktop,4,233.8,False,1,0,Friday,6,Jul,False,0.0
S07117,Returning_Visitor,Organic,Africa,Tablet,5,,False,2,1,Wednesday,17,Oct,False,0.0
S07118,New_Visitor,Organic,Africa,Desktop,6,52.9,False,2,1,Thursday,18,Aug,False,0.0
S07119,Returning_Visitor,Direct,Africa,Desktop,7,204.9,False,4,1,Friday,23,Jun,False,24.71
S07120,Returning_Visitor,Organic,South America,Desktop,3,96.9,False,0,0,Monday,12,Jul,False,0.0
S07121,Returning_Visitor,Organic,Europe,Mobile,2,118.9,False,0,0,Wednesday,13,Jul,False,36.29
S07122,New_Visitor,Direct,North America,Mobile,,10.0,True,0,0,Saturday,20,Dec,True,0.0
S07123,New_Visitor,Organic,Europe,Tablet,4,9.1,False,1,0,Wednesday,10,May,False,0.0
S07124,Returning_Visitor,Social,South America,Mobile,1,,True,0,0,Friday,9,Jan,False,0.0
S07125,New_Visitor,Direct,North America,Desktop,7,28.4,False,3,1,Monday,8,Sep,False,0.0
S07126,New_Visitor,Referral,Europe,Desktop,2,20.0,False,1,0,Saturday,23,Aug,False,0.0
S07127,New_Visitor,Organic,Asia,Mobile,7,1675.1,False,2,0,Monday,10,Dec,False,0.0
S07128,New_Visitor,Direct,Asia,Mobile,3,4.1,False,2,0,Sunday,18,Feb,False,0.0
S07129,New_Visitor,Direct,Oceania,Tablet,2,123.4,False,1,0,Monday,13,Jul,False,0.0
S07130,Returning_Visitor,Social,Asia,Tablet,2,17.9,False,1,0,Sunday,10,Mar,False,0.0
S07131,New_Visitor,Social,South America,Desktop,1,103.3,True,0,0,Wednesday,21,Jun,False,0.0
S07132,New_Visitor,Organic,Asia,Mobile,1,52.3,True,0,0,Friday,13,Nov,False,0.0
S07133,Returning_Visitor,Referral,South America,Mobile,3,115.1,False,2,1,Saturday,14,Nov,False,0.0
S07134,New_Visitor,Organic,North America,Desktop,7,259.1,False,2,1,Monday,10,Nov,False,0.0
S07135,New_Visitor,Paid,North America,Desktop,3,200.1,False,1,0,Tuesday,11,Aug,False,0.0
S07136,Returning_Visitor,Paid,Africa,Tablet,6,656.8,False,2,0,Sunday,18,Sep,False,0.0
S07137,Returning_Visitor,Referral,Asia,Mobile,25,10.4,False,10,3,Wednesday,11,Aug,False,0.0
S07138,Returning_Visitor,Referral,Asia,Mobile,1,1.2,True,0,0,Friday,14,Aug,False,0.0
S07139,Returning_Visitor,Social,Europe,Mobile,4,76.3,False,2,1,Monday,8,Nov,False,0.0
S07140,New_Visitor,Social,Europe,Mobile,2,160.8,False,0,0,Friday,19,Mar,False,0.0
S07141,Returning_Visitor,Referral,Asia,Desktop,1,12.9,True,0,0,Monday,17,Jun,True,0.0
S07142,New_Visitor,Paid,North America,Mobile,1,31.3,True,0,0,Friday,18,Aug,False,0.0
S07143,Returning_Visitor,Referral,Europe,Mobile,1,42.5,True,0,0,Wednesday,9,Oct,False,0.0
S07144,New_Visitor,Referral,Europe,Tablet,4,112.0,False,1,0,Thursday,13,Oct,False,0.0
S07145,Returning_Visitor,Social,Europe,Mobile,2,75.0,False,1,1,Tuesday,3,Feb,False,0.0
S07146,Returning_Visitor,Referral,Asia,Tablet,1,96.2,True,0,0,Friday,11,Apr,False,0.0
S07147,Returning_Visitor,Social,Oceania,Desktop,7,109.3,False,0,0,Wednesday,11,Dec,False,0.0
S07148,New_Visitor,Organic,Asia,Tablet,1,23.7,True,0,0,Wednesday,21,May,False,0.0
S07149,New_Visitor,Direct,Africa,Tablet,4,179.5,False,1,0,Friday,23,Jan,False,0.0
S07150,Returning_Visitor,Organic,Asia,Mobile,10,1201.9,False,6,2,Tuesday,15,Mar,False,0.0
S07151,Returning_Visitor,Direct,Asia,Desktop,3,41.3,False,0,0,Saturday,14,Dec,False,0.0
S07152,New_Visitor,Direct,North America,Desktop,3,133.9,False,1,0,Saturday,13,May,False,0.0
S07153,Returning_Visitor,Paid,North America,Mobile,1,125.1,True,0,0,Friday,1,Aug,False,0.0
S07154,Returning_Visitor,Referral,Asia,Mobile,3,,False,0,0,Monday,19,Oct,False,0.0
S07155,New_Visitor,Social,Europe,Desktop,2,153.4,False,1,0,Friday,16,Sep,False,0.0
S07156,Returning_Visitor,Direct,South America,Mobile,5,76.0,False,3,1,Monday,16,May,False,0.0
S07157,New_Visitor,Social,Europe,Mobile,6,68.6,False,2,1,Saturday,19,Jun,True,0.0
S07158,New_Visitor,Referral,Africa,Desktop,1,16.2,True,0,0,Wednesday,21,Nov,False,0.0
S07159,New_Visitor,Referral,Oceania,Desktop,3,125.8,False,2,1,Monday,12,Sep,False,0.0
S07160,Returning_Visitor,Organic,North America,Desktop,6,332.9,False,2,0,Tuesday,12,Jan,False,0.0
S07161,Returning_Visitor,Direct,Europe,Desktop,3,38.9,False,1,0,Sunday,22,Mar,False,0.0
S07162,New_Visitor,Referral,Asia,Desktop,2,14.2,False,1,0,Saturday,16,Apr,False,0.0
S07163,Returning_Visitor,Referral,Europe,Mobile,7,253.1,False,2,0,Tuesday,19,May,False,0.0
S07164,Returning_Visitor,Paid,North America,Desktop,11,39.0,False,3,1,Sunday,10,Aug,False,0.0
S07165,Returning_Visitor,Paid,South America,Desktop,1,46.5,True,0,0,Monday,11,May,False,0.0
S07166,New_Visitor,Paid,Oceania,Mobile,1,68.9,True,0,0,Saturday,12,Nov,False,0.0
S07167,Returning_Visitor,Referral,South America,Tablet,7,1224.3,False,1,0,Friday,11,Jul,False,0.0
S07168,New_Visitor,Paid,Europe,Desktop,1,9.3,True,0,0,Saturday,20,Jul,False,0.0
S07169,New_Visitor,Social,Europe,Tablet,6,204.5,False,1,0,Wednesday,14,Jun,False,0.0
S07170,New_Visitor,Organic,Europe,Desktop,2,35.6,False,1,1,Wednesday,22,May,False,0.0
S07171,New_Visitor,Direct,Europe,Desktop,1,14.7,True,0,0,Friday,11,Oct,False,0.0
S07172,Returning_Visitor,Organic,Europe,Mobile,2,88.0,False,0,0,Wednesday,5,Apr,False,0.0
S07173,New_Visitor,Organic,North America,Mobile,1,9.3,True,0,0,Monday,8,Sep,False,0.0
S07174,Returning_Visitor,Organic,Africa,Mobile,1,0.9,True,0,0,Saturday,10,Jul,False,0.0
S07175,New_Visitor,Organic,South America,Tablet,2,21.2,False,1,0,Friday,16,Feb,True,0.0
S07176,New_Visitor,Social,Asia,Desktop,1,24.5,True,0,0,Wednesday,9,Jan,False,0.0
S07177,Returning_Visitor,Direct,Oceania,Mobile,1,0.7,True,0,0,Wednesday,12,Mar,False,0.0
S07178,Returning_Visitor,Direct,North America,Mobile,1,116.8,True,0,0,Wednesday,18,Oct,False,0.0
S07179,New_Visitor,Social,North America,Tablet,2,105.1,False,0,0,Saturday,8,Jun,False,0.0
S07180,New_Visitor,Social,South America,Desktop,11,18.2,False,3,1,Saturday,7,Nov,False,0.0
S07181,New_Visitor,Paid,Oceania,Desktop,1,15.6,True,0,0,Saturday,14,Jul,False,0.0
S07182,New_Visitor,Referral,Asia,Mobile,3,196.5,False,1,0,Saturday,17,Jan,False,148.13
S07183,Returning_Visitor,Direct,North America,Tablet,3,5.5,False,0,0,Saturday,21,Nov,False,0.0
S07184,Returning_Visitor,Direct,South America,Desktop,1,28.4,True,0,0,Tuesday,16,Dec,False,0.0
S07185,New_Visitor,Organic,North America,Desktop,1,6.1,True,0,0,Monday,22,Feb,False,0.0
S07186,Returning_Visitor,Organic,Europe,Desktop,1,29.8,True,0,0,Saturday,10,Mar,False,0.0
S07187,Returning_Visitor,Direct,North America,Mobile,4,826.2,False,2,0,Monday,11,Oct,False,0.0
S07188,New_Visitor,Paid,Africa,Desktop,10,364.2,False,4,0,Sunday,19,Dec,False,159.12
S07189,New_Visitor,Organic,Europe,Desktop,3,171.2,False,0,0,Sunday,19,Nov,False,0.0
S07190,Returning_Visitor,Organic,Africa,Mobile,1,31.5,True,0,0,Thursday,16,Feb,False,0.0
S07191,Returning_Visitor,Organic,North America,Desktop,1,22.7,True,0,0,Wednesday,14,Aug,False,0.0
S07192,New_Visitor,Social,Europe,Desktop,9,509.3,False,4,0,Thursday,1,Sep,False,0.0
S07193,New_Visitor,Direct,Oceania,Desktop,1,58.2,True,0,0,Saturday,10,Sep,False,0.0
S07194,New_Visitor,Direct,North America,Desktop,3,172.0,False,0,0,Saturday,9,Aug,False,0.0
S07195,Returning_Visitor,Organic,Asia,Desktop,1,1.6,True,0,0,Monday,6,Apr,False,0.0
S07196,New_Visitor,Direct,Europe,Desktop,1,71.5,True,0,0,Saturday,18,Sep,False,0.0
S07197,New_Visitor,Organic,South America,Desktop,1,67.6,True,0,0,Friday,8,Oct,False,0.0
S07198,Returning_Visitor,Direct,North America,Mobile,9,39.3,False,2,1,Monday,11,Aug,False,0.0
S07199,Returning_Visitor,Organic,Europe,Desktop,5,63.3,False,4,1,Wednesday,22,Jul,False,0.0
S07200,Returning_Visitor,Social,Asia,Mobile,1,44.1,True,0,0,Thursday,12,Mar,False,0.0
S07201,New_Visitor,Referral,Europe,Desktop,1,26.9,True,0,0,Tuesday,8,Aug,False,0.0
S07202,New_Visitor,Social,North America,Desktop,3,154.5,False,0,0,Tuesday,17,Feb,False,0.0
S07203,New_Visitor,Direct,Asia,Tablet,1,85.7,True,0,0,Monday,19,Feb,False,0.0
S07204,New_Visitor,Direct,Europe,Desktop,2,95.3,False,1,1,Sunday,10,Oct,False,32.5
S07205,Returning_Visitor,Organic,North America,Desktop,5,184.3,False,2,1,Monday,19,Sep,False,12.5
S07206,New_Visitor,Direct,Asia,Tablet,3,55.1,False,1,0,Wednesday,10,Sep,False,0.0
S07207,New_Visitor,Direct,Africa,Mobile,7,401.4,False,1,0,Tuesday,17,Dec,False,0.0
S07208,New_Visitor,Direct,North America,Mobile,5,526.7,False,1,0,Saturday,8,Jun,False,0.0
S07209,New_Visitor,Social,Asia,Mobile,3,54.8,False,0,0,Friday,12,Jun,False,0.0
S07210,Returning_Visitor,Social,Asia,Desktop,5,465.5,False,4,2,Saturday,14,Jun,False,0.0
S07211,New_Visitor,Social,North America,Tablet,1,32.4,True,0,0,Friday,17,Jul,False,0.0
S07212,New_Visitor,Organic,North America,Tablet,1,7.1,True,0,0,Friday,16,Jul,True,0.0
S07213,New_Visitor,Referral,Europe,Desktop,4,579.6,False,0,0,Wednesday,20,Oct,False,0.0
S07214,New_Visitor,Organic,South America,Mobile,1,68.7,True,0,0,Friday,9,Mar,False,0.0
S07215,New_Visitor,Referral,North America,Desktop,1,110.3,True,0,0,Monday,16,Jun,False,0.0
S07216,Returning_Visitor,Direct,South America,Mobile,2,127.7,False,0,0,Friday,8,Jul,False,0.0
S07217,Returning_Visitor,Organic,Asia,Desktop,7,55.4,False,1,0,Monday,13,Mar,False,64.72
S07218,Returning_Visitor,Paid,Europe,Mobile,12,561.6,False,6,1,Sunday,14,Oct,False,0.0
S07219,Returning_Visitor,Referral,Europe,Desktop,4,241.0,False,2,1,Thursday,3,Jan,False,0.0
S07220,Returning_Visitor,Direct,Oceania,Mobile,10,181.7,False,4,1,Thursday,7,Aug,False,0.0
S07221,Returning_Visitor,Organic,North America,Desktop,6,358.8,False,2,0,Friday,19,Mar,False,0.0
S07222,New_Visitor,Direct,Europe,Mobile,1,50.2,True,0,0,Saturday,10,Jan,False,0.0
S07223,New_Visitor,Paid,Asia,Mobile,2,2.6,False,1,1,Thursday,11,May,True,0.0
S07224,New_Visitor,Referral,North America,Tablet,3,385.5,False,1,0,Wednesday,16,Jun,False,0.0
S07225,Returning_Visitor,Paid,North America,Desktop,1,45.8,True,0,0,Tuesday,10,Nov,False,0.0
S07226,Returning_Visitor,Organic,North America,Tablet,2,105.4,False,1,0,Monday,9,Jun,False,0.0
S07227,Returning_Visitor,Referral,Europe,Desktop,5,49.2,False,1,0,Tuesday,12,Dec,False,0.0
S07228,New_Visitor,Social,North America,Mobile,,195.5,False,0,0,Monday,6,Nov,False,0.0
S07229,Returning_Visitor,Direct,South America,Mobile,8,363.9,False,1,1,Sunday,21,Mar,False,0.0
S07230,New_Visitor,Organic,Oceania,Tablet,2,11.1,False,1,0,Saturday,21,Mar,False,0.0
S07231,New_Visitor,Referral,North America,Mobile,1,72.4,True,0,0,Tuesday,13,Apr,False,0.0
S07232,New_Visitor,Referral,Europe,Mobile,1,40.3,True,0,0,Monday,9,May,False,0.0
S07233,New_Visitor,Social,North America,Desktop,4,97.8,False,2,0,Thursday,13,Aug,False,0.0
S07234,New_Visitor,Social,North America,Tablet,2,305.5,False,1,0,Wednesday,8,Feb,False,0.0
S07235,New_Visitor,Social,Europe,Mobile,1,103.3,True,0,0,Saturday,12,Jul,False,0.0
S07236,New_Visitor,Referral,Europe,Desktop,4,10.5,False,2,1,Wednesday,7,Aug,False,0.0
S07237,Returning_Visitor,Organic,Oceania,Desktop,2,143.9,False,0,0,Sunday,17,Sep,False,0.0
S07238,Returning_Visitor,Direct,Europe,Mobile,6,68.0,False,1,0,Monday,10,Aug,False,0.0
S07239,Returning_Visitor,Social,Europe,Tablet,3,3.0,False,0,0,Wednesday,14,Nov,False,0.0
S07240,New_Visitor,Paid,North America,Desktop,11,162.8,False,3,2,Sunday,1,Sep,False,54.22
S07241,Returning_Visitor,Organic,North America,Tablet,2,5.9,False,1,0,Monday,14,Dec,False,0.0
S07242,Returning_Visitor,Direct,Africa,Desktop,1,61.0,True,0,0,Wednesday,0,Oct,False,0.0
S07243,New_Visitor,Direct,North America,Tablet,4,340.0,False,2,0,Tuesday,21,Jun,False,0.0
S07244,New_Visitor,Organic,Oceania,Mobile,4,47.1,False,0,0,Thursday,13,Mar,False,0.0
S07245,New_Visitor,Direct,North America,Desktop,1,14.1,True,0,0,Tuesday,8,Jan,False,0.0
S07246,New_Visitor,Referral,Asia,Desktop,4,34.5,False,0,0,Sunday,11,Feb,False,0.0
S07247,Returning_Visitor,Organic,Oceania,Mobile,1,,True,0,0,Sunday,6,Mar,True,0.0
S07248,Returning_Visitor,Social,North America,Mobile,10,403.2,False,4,1,Saturday,14,Mar,False,0.0
S07249,New_Visitor,Social,Europe,Tablet,3,1.1,False,2,0,Wednesday,8,Oct,False,0.0
S07250,Returning_Visitor,Paid,South America,Mobile,1,27.7,True,0,0,Sunday,13,Jun,False,0.0
S07251,Returning_Visitor,Organic,North America,Mobile,1,5.5,True,0,0,Saturday,11,May,False,0.0
S07252,Returning_Visitor,Referral,Asia,Tablet,7,363.3,False,5,0,Wednesday,18,Jan,False,0.0
S07253,New_Visitor,Direct,North America,Mobile,6,231.1,False,2,0,Monday,13,Jul,False,0.0
S07254,Returning_Visitor,Direct,North America,Mobile,2,73.7,False,0,0,Friday,19,Aug,False,0.0
S07255,New_Visitor,Referral,North America,Mobile,1,79.7,True,0,0,Saturday,21,Nov,False,0.0
S07256,Returning_Visitor,Social,Africa,Tablet,2,73.8,False,1,1,Monday,22,Jul,False,0.0
S07257,New_Visitor,Organic,North America,Desktop,5,199.8,False,1,0,Thursday,10,Jan,False,0.0
S07258,New_Visitor,Paid,North America,Mobile,4,240.3,False,2,1,Sunday,18,Jan,True,0.0
S07259,Returning_Visitor,Social,Asia,Mobile,7,150.6,False,4,2,Wednesday,13,Apr,False,0.0
S07260,New_Visitor,Social,Europe,Mobile,5,831.3,False,1,0,Wednesday,12,Feb,False,0.0
S07261,New_Visitor,Social,Europe,Mobile,2,39.7,False,0,0,Sunday,20,Oct,False,0.0
S07262,New_Visitor,Direct,North America,Mobile,2,294.1,False,0,0,Monday,8,Feb,False,0.0
S07263,Returning_Visitor,Social,Asia,Desktop,4,403.3,False,1,1,Sunday,13,Mar,False,0.0
S07264,New_Visitor,Direct,Asia,Mobile,2,284.1,False,1,0,Saturday,15,Sep,False,46.85
S07265,Returning_Visitor,Paid,Europe,Desktop,7,85.0,False,2,1,Wednesday,7,Apr,False,0.0
S07266,New_Visitor,Organic,North America,Desktop,2,31.6,False,0,0,Monday,20,Dec,False,0.0
S07267,New_Visitor,Organic,Asia,Mobile,3,338.9,False,1,0,Monday,11,Nov,False,0.0
S07268,New_Visitor,Referral,South America,Desktop,1,189.0,True,0,0,Wednesday,16,Oct,False,0.0
S07269,New_Visitor,Direct,Europe,Desktop,1,84.0,True,0,0,Friday,21,May,False,0.0
S07270,New_Visitor,Direct,North America,Mobile,1,61.0,True,0,0,Thursday,17,Jan,False,0.0
S07271,New_Visitor,Direct,North America,Desktop,2,198.9,False,1,0,Saturday,20,May,False,0.0
S07272,Returning_Visitor,Paid,Asia,Desktop,1,2.5,True,0,0,Friday,7,May,False,0.0
S07273,Returning_Visitor,Direct,Oceania,Tablet,2,231.2,False,0,0,Friday,13,Feb,False,0.0
S07274,New_Visitor,Direct,North America,Mobile,1,19.8,True,0,0,Sunday,14,Feb,False,0.0
S07275,New_Visitor,Organic,Europe,Desktop,1,3.5,True,0,0,Saturday,17,Sep,False,0.0
S07276,Returning_Visitor,Direct,North America,Desktop,2,137.3,False,0,0,Sunday,8,Apr,True,0.0
S07277,New_Visitor,Direct,Europe,Tablet,6,503.1,False,2,0,Tuesday,16,Sep,True,0.0
S07278,New_Visitor,Social,Europe,Desktop,5,296.0,False,1,0,Friday,8,Aug,False,0.0
S07279,Returning_Visitor,Organic,Africa,Mobile,7,181.0,False,4,1,Friday,7,Dec,False,0.0
S07280,Returning_Visitor,Organic,North America,Mobile,14,104.7,False,4,2,Sunday,13,Nov,False,0.0
S07281,Returning_Visitor,Direct,South America,Mobile,1,87.9,True,0,0,Thursday,15,Mar,False,0.0
S07282,New_Visitor,Direct,Europe,Tablet,4,11.6,False,2,1,Tuesday,22,Aug,False,26.15
S07283,New_Visitor,Direct,South America,Desktop,1,85.6,True,0,0,Wednesday,17,Sep,False,0.0
S07284,Returning_Visitor,Social,Europe,Desktop,9,1704.8,False,4,2,Tuesday,15,Nov,False,9.59
S07285,New_Visitor,Direct,North America,Mobile,1,344.9,True,0,0,Tuesday,10,Sep,False,0.0
S07286,New_Visitor,Direct,Oceania,Tablet,2,60.6,False,0,0,Thursday,9,Mar,False,0.0
S07287,New_Visitor,Referral,North America,Tablet,12,82.8,False,3,0,Sunday,15,Apr,False,0.0
S07288,New_Visitor,Organic,Asia,Mobile,7,41.7,False,2,0,Tuesday,10,Sep,False,0.0
S07289,Returning_Visitor,Social,Africa,Tablet,1,40.6,True,0,0,Tuesday,17,Dec,False,0.0
S07290,Returning_Visitor,Direct,North America,Desktop,1,94.1,True,0,0,Saturday,8,Dec,False,0.0
S07291,Returning_Visitor,Direct,Asia,Desktop,6,17.7,False,1,0,Wednesday,11,May,False,0.0
S07292,New_Visitor,Social,South America,Desktop,1,11.1,True,0,0,Sunday,18,Nov,False,0.0
S07293,New_Visitor,Organic,Oceania,Desktop,6,319.8,False,3,1,Tuesday,19,Jul,False,0.0
S07294,New_Visitor,Paid,Asia,Mobile,8,42.9,False,1,0,Thursday,11,Jul,False,0.0
S07295,New_Visitor,Referral,North America,Tablet,1,126.4,True,0,0,Monday,9,May,False,0.0
S07296,Returning_Visitor,Referral,Asia,Mobile,,42.0,True,0,0,Sunday,22,Sep,False,0.0
S07297,New_Visitor,Paid,Asia,Mobile,1,29.3,True,0,0,Sunday,18,Aug,False,0.0
S07298,New_Visitor,Social,Asia,Desktop,1,0.8,True,0,0,Saturday,19,May,False,0.0
S07299,New_Visitor,Referral,Africa,Mobile,3,21.6,False,0,0,Tuesday,10,Oct,False,0.0
S07300,Returning_Visitor,Social,North America,Mobile,4,421.9,False,1,1,Sunday,12,May,False,15.99
S07301,New_Visitor,Direct,North America,Mobile,2,144.1,False,0,0,Sunday,7,Aug,False,0.0
S07302,New_Visitor,Direct,Asia,Desktop,2,2.5,False,1,0,Thursday,8,Jun,False,0.0
S07303,New_Visitor,Organic,Oceania,Mobile,1,218.9,True,0,0,Friday,10,Feb,False,0.0
S07304,Returning_Visitor,Organic,Europe,Desktop,1,26.1,True,0,0,Sunday,11,Mar,False,0.0
S07305,New_Visitor,Social,Oceania,Mobile,3,167.8,False,1,1,Wednesday,23,Sep,False,0.0
S07306,Returning_Visitor,Organic,Oceania,Desktop,6,461.6,False,2,1,Monday,12,Nov,False,0.0
S07307,Returning_Visitor,Organic,Africa,Desktop,2,376.2,False,0,0,Sunday,17,Jul,False,0.0
S07308,New_Visitor,Social,Africa,Desktop,9,1194.1,False,6,2,Thursday,21,May,False,21.3
S07309,Returning_Visitor,Organic,Africa,Mobile,1,54.6,True,0,0,Sunday,10,May,False,0.0
S07310,New_Visitor,Organic,South America,Mobile,6,54.0,False,1,1,Thursday,8,Aug,False,0.0
S07311,Returning_Visitor,Referral,Asia,Tablet,2,223.7,False,0,0,Monday,10,Jul,False,0.0
S07312,New_Visitor,Referral,North America,Mobile,7,712.7,False,2,2,Thursday,20,Jan,False,53.5
S07313,New_Visitor,Social,North America,Desktop,8,489.2,False,1,0,Friday,16,Oct,False,0.0
S07314,New_Visitor,Direct,North America,Mobile,4,1087.5,False,3,2,Monday,13,Mar,False,0.0
S07315,New_Visitor,Direct,North America,Mobile,2,,False,0,0,Wednesday,19,Sep,False,0.0
S07316,Returning_Visitor,Social,North America,Desktop,2,28.9,False,1,0,Tuesday,10,May,False,0.0
S07317,New_Visitor,Direct,Africa,Mobile,3,52.7,False,1,0,Friday,10,Aug,False,0.0
S07318,Returning_Visitor,Referral,Asia,Desktop,2,62.6,False,0,0,Sunday,14,Nov,False,0.0
S07319,New_Visitor,Paid,Europe,Desktop,,164.8,False,1,1,Friday,18,Mar,False,11.82
S07320,Returning_Visitor,Direct,South America,Mobile,5,533.6,False,3,2,Friday,10,Oct,False,0.0
S07321,New_Visitor,Direct,Europe,Mobile,1,130.8,True,0,0,Wednesday,9,Jan,False,0.0
S07322,New_Visitor,Organic,North America,Mobile,1,28.9,True,0,0,Thursday,13,Dec,False,0.0
S07323,New_Visitor,Referral,Africa,Desktop,2,,False,0,0,Thursday,8,Mar,False,0.0
S07324,Returning_Visitor,Organic,Europe,Tablet,4,631.7,False,0,0,Saturday,18,Nov,False,0.0
S07325,New_Visitor,Direct,Asia,Mobile,1,31.7,True,0,0,Saturday,15,Jan,False,0.0
S07326,New_Visitor,Social,North America,Mobile,2,243.1,False,0,0,Friday,14,May,False,0.0
S07327,New_Visitor,Direct,Europe,Mobile,2,14.4,False,0,0,Sunday,20,Sep,False,0.0
S07328,Returning_Visitor,Organic,South America,Mobile,3,128.9,False,1,0,Saturday,17,Sep,False,0.0
S07329,New_Visitor,Social,North America,Desktop,7,523.8,False,2,0,Monday,9,Sep,False,0.0
S07330,Returning_Visitor,Organic,Oceania,Mobile,5,127.2,False,3,1,Thursday,12,May,False,0.0
S07331,New_Visitor,Social,North America,Mobile,2,2.8,False,0,0,Sunday,11,Sep,False,0.0
S07332,Returning_Visitor,Referral,Europe,Desktop,5,17.1,False,2,1,Sunday,19,Jun,False,0.0
S07333,Returning_Visitor,Organic,Africa,Mobile,6,809.9,False,3,0,Wednesday,17,Aug,False,0.0
S07334,New_Visitor,Paid,Oceania,Mobile,3,131.5,False,2,2,Saturday,13,Aug,True,0.0
S07335,New_Visitor,Organic,North America,Mobile,2,19.8,False,0,0,Wednesday,19,Mar,False,0.0
S07336,New_Visitor,Paid,North America,Desktop,9,1254.9,False,4,2,Monday,12,Nov,False,0.0
S07337,New_Visitor,Organic,Asia,Desktop,10,1710.3,False,3,1,Sunday,19,Nov,False,0.0
S07338,New_Visitor,Organic,North America,Desktop,1,23.7,True,0,0,Sunday,4,Mar,False,0.0
S07339,Returning_Visitor,Organic,Europe,Mobile,5,264.6,False,2,0,Thursday,8,Jun,False,0.0
S07340,New_Visitor,Organic,South America,Desktop,1,23.7,True,0,0,Monday,18,Jul,True,0.0
S07341,Returning_Visitor,Social,Asia,Desktop,1,77.5,True,0,0,Saturday,8,Aug,False,0.0
S07342,New_Visitor,Referral,North America,Tablet,2,354.6,False,0,0,Thursday,16,Jan,False,0.0
S07343,Returning_Visitor,Social,Europe,Desktop,2,3.4,False,0,0,Monday,17,Oct,False,39.32
S07344,New_Visitor,Organic,Africa,Mobile,3,114.6,False,0,0,Tuesday,16,Nov,False,0.0
S07345,New_Visitor,Direct,Asia,Tablet,2,192.6,False,1,0,Tuesday,19,Mar,True,0.0
S07346,New_Visitor,Referral,Asia,Mobile,1,70.1,True,0,0,Friday,14,Dec,False,0.0
S07347,New_Visitor,Direct,Europe,Mobile,2,24.1,False,0,0,Wednesday,20,Nov,False,0.0
S07348,New_Visitor,Referral,North America,Tablet,6,179.2,False,3,1,Monday,15,Aug,False,0.0
S07349,Returning_Visitor,Referral,North America,Tablet,2,75.8,False,0,0,Sunday,14,Apr,False,0.0
S07350,Returning_Visitor,Organic,Europe,Mobile,3,,False,0,0,Sunday,14,Mar,False,0.0
S07351,New_Visitor,Social,North America,Desktop,4,147.5,False,3,1,Monday,21,Jul,False,0.0
S07352,New_Visitor,Social,Europe,Mobile,,90.4,False,1,1,Tuesday,10,Jul,False,0.0
S07353,New_Visitor,Referral,Asia,Mobile,3,96.5,False,1,0,Friday,17,Sep,False,0.0
S07354,New_Visitor,Organic,Asia,Tablet,1,204.5,True,0,0,Tuesday,10,Nov,False,0.0
S07355,New_Visitor,Organic,North America,Mobile,7,20.1,False,2,0,Tuesday,7,Dec,False,0.0
S07356,Returning_Visitor,Direct,South America,Mobile,,24.4,True,0,0,Wednesday,22,Nov,False,0.0
S07357,Returning_Visitor,Organic,Asia,Mobile,2,26.5,False,0,0,Sunday,8,Dec,False,0.0
S07358,Returning_Visitor,Organic,North America,Desktop,5,153.5,False,3,2,Sunday,16,Jul,False,0.0
S07359,New_Visitor,Social,North America,Desktop,5,264.4,False,2,0,Saturday,12,Jan,False,0.0
S07360,Returning_Visitor,Referral,Asia,Mobile,7,90.7,False,2,1,Friday,19,Jan,False,0.0
S07361,Returning_Visitor,Referral,Europe,Desktop,1,33.4,True,0,0,Saturday,18,Apr,False,0.0
S07362,New_Visitor,Organic,North America,Desktop,7,738.9,False,4,0,Thursday,8,Aug,False,0.0
S07363,New_Visitor,Paid,North America,Mobile,5,308.3,False,1,0,Thursday,13,May,False,0.0
S07364,Returning_Visitor,Organic,North America,Desktop,3,204.7,False,0,0,Friday,3,Mar,False,0.0
S07365,New_Visitor,Social,Oceania,Tablet,1,169.2,True,0,0,Saturday,12,Nov,False,0.0
S07366,New_Visitor,Paid,Asia,Desktop,3,94.7,False,0,0,Monday,17,Dec,False,0.0
S07367,New_Visitor,Social,Europe,Tablet,1,373.2,True,0,0,Tuesday,10,Jan,False,0.0
S07368,Returning_Visitor,Paid,Oceania,Mobile,11,317.7,False,3,0,Sunday,19,Feb,False,0.0
S07369,New_Visitor,Referral,Asia,Desktop,4,48.4,False,2,0,Wednesday,6,Jul,False,0.0
S07370,Returning_Visitor,Organic,Asia,Mobile,3,296.6,False,1,0,Tuesday,4,May,False,0.0
S07371,Returning_Visitor,Organic,North America,Tablet,6,256.8,False,2,0,Wednesday,3,Oct,False,0.0
S07372,Returning_Visitor,Direct,Asia,Desktop,3,76.1,False,1,0,Wednesday,10,Sep,False,0.0
S07373,New_Visitor,Organic,North America,Mobile,1,17.0,True,0,0,Monday,13,Jan,False,0.0
S07374,Returning_Visitor,Referral,Europe,Tablet,1,103.4,True,0,0,Tuesday,8,Aug,False,0.0
S07375,New_Visitor,Organic,North America,Desktop,13,647.5,False,4,0,Friday,23,May,False,0.0
S07376,New_Visitor,Social,North America,Mobile,6,352.5,False,3,2,Tuesday,23,Dec,True,0.0
S07377,New_Visitor,Direct,North America,Desktop,8,297.8,False,1,0,Friday,14,Jul,False,0.0
S07378,New_Visitor,Direct,Europe,Desktop,1,14.5,True,0,0,Monday,14,Dec,False,0.0
S07379,Returning_Visitor,Paid,South America,Desktop,1,24.7,True,0,0,Monday,21,Jan,False,0.0
S07380,New_Visitor,Organic,Europe,Desktop,1,8.3,True,0,0,Sunday,18,Feb,False,0.0
S07381,New_Visitor,Social,South America,Desktop,6,150.2,False,2,0,Saturday,9,Jun,False,0.0
S07382,New_Visitor,Social,Asia,Desktop,1,146.3,True,0,0,Friday,18,Nov,False,0.0
S07383,Returning_Visitor,Organic,Europe,Desktop,2,102.6,False,1,1,Monday,10,Aug,False,0.0
S07384,Returning_Visitor,Direct,North America,Mobile,1,2.8,True,0,0,Tuesday,12,Nov,False,0.0
S07385,Returning_Visitor,Direct,Africa,Mobile,8,693.4,False,3,0,Saturday,14,Apr,False,0.0
S07386,New_Visitor,Social,North America,Mobile,3,262.7,False,1,1,Monday,17,Feb,False,0.0
S07387,New_Visitor,Referral,Asia,Desktop,5,427.5,False,1,0,Saturday,9,Apr,False,0.0
S07388,Returning_Visitor,Direct,Asia,Tablet,3,172.5,False,0,0,Friday,7,Sep,False,0.0
S07389,New_Visitor,Social,Europe,Desktop,3,5.8,False,1,0,Saturday,20,Nov,False,0.0
S07390,New_Visitor,Organic,North America,Desktop,2,57.9,False,1,0,Friday,19,Jun,False,0.0
S07391,Returning_Visitor,Social,Europe,Mobile,1,23.6,True,0,0,Wednesday,14,Mar,False,0.0
S07392,New_Visitor,Paid,Africa,Mobile,2,2.6,False,1,1,Wednesday,16,Sep,False,0.0
S07393,Returning_Visitor,Paid,South America,Desktop,2,10.7,False,0,0,Friday,17,Mar,False,0.0
S07394,New_Visitor,Social,Oceania,Desktop,4,130.9,False,3,0,Saturday,13,Aug,False,0.0
S07395,New_Visitor,Direct,Europe,Mobile,2,255.2,False,1,0,Monday,10,Feb,False,0.0
S07396,New_Visitor,Paid,Europe,Mobile,3,587.4,False,1,0,Wednesday,13,Nov,False,0.0
S07397,New_Visitor,Direct,North America,Desktop,5,408.1,False,1,1,Wednesday,22,Nov,False,0.0
S07398,Returning_Visitor,Referral,Oceania,Tablet,1,15.3,True,0,0,Thursday,19,Aug,False,0.0
S07399,Returning_Visitor,Organic,Europe,Desktop,2,305.7,False,0,0,Monday,13,Jan,True,0.0
S07400,New_Visitor,Paid,Europe,Mobile,3,686.8,False,1,0,Sunday,10,Apr,False,0.0
S07401,New_Visitor,Social,Africa,Desktop,1,33.8,True,0,0,Thursday,20,Feb,False,0.0
S07402,Returning_Visitor,Social,Europe,Desktop,1,44.3,True,0,0,Sunday,16,Jul,False,0.0
S07403,Returning_Visitor,Organic,Asia,Desktop,1,25.5,True,0,0,Saturday,12,Feb,False,0.0
S07404,New_Visitor,Social,North America,Mobile,5,573.3,False,1,1,Tuesday,8,Nov,False,0.0
S07405,New_Visitor,Social,Europe,Desktop,2,42.4,False,0,0,Monday,18,Nov,False,0.0
S07406,New_Visitor,Referral,Africa,Mobile,2,13.8,False,1,0,Sunday,11,Mar,False,0.0
S07407,Returning_Visitor,Organic,Asia,Tablet,4,146.1,False,2,0,Thursday,15,Sep,False,0.0
S07408,Returning_Visitor,Direct,North America,Mobile,11,122.6,False,5,1,Monday,15,Sep,False,0.0
S07409,New_Visitor,Organic,North America,Desktop,5,169.1,False,2,0,Sunday,17,Jun,False,0.0
S07410,Returning_Visitor,Direct,Europe,Desktop,1,52.8,True,0,0,Thursday,14,Mar,False,0.0
S07411,New_Visitor,Organic,Asia,Mobile,2,194.7,False,1,0,Wednesday,16,Feb,False,0.0
S07412,New_Visitor,Direct,North America,Desktop,1,70.7,True,0,0,Thursday,7,Oct,False,0.0
S07413,New_Visitor,Organic,Asia,Tablet,1,80.5,True,0,0,Saturday,16,Apr,False,0.0
S07414,Returning_Visitor,Organic,Europe,Tablet,1,53.6,True,0,0,Monday,9,Aug,False,0.0
S07415,New_Visitor,Organic,South America,Desktop,2,10.2,False,0,0,Wednesday,12,Nov,False,0.0
S07416,New_Visitor,Paid,North America,Desktop,1,127.2,True,0,0,Wednesday,14,Aug,False,0.0
S07417,New_Visitor,Direct,South America,Tablet,2,143.7,False,0,0,Saturday,16,Dec,False,0.0
S07418,New_Visitor,Direct,Europe,Mobile,6,561.6,False,4,3,Saturday,17,Sep,False,0.0
S07419,New_Visitor,Direct,Europe,Mobile,5,848.7,False,3,1,Wednesday,17,May,False,0.0
S07420,Returning_Visitor,Referral,Oceania,Desktop,2,413.5,False,1,0,Friday,8,Nov,False,0.0
S07421,New_Visitor,Paid,North America,Desktop,,,False,3,1,Wednesday,12,May,False,0.0
S07422,Returning_Visitor,Organic,Europe,Tablet,2,37.7,False,0,0,Friday,10,Dec,True,0.0
S07423,New_Visitor,Organic,Europe,Desktop,2,,False,0,0,Sunday,12,Jul,False,0.0
S07424,New_Visitor,Paid,Europe,Mobile,4,764.6,False,2,1,Thursday,16,Dec,False,0.0
S07425,New_Visitor,Direct,Asia,Desktop,2,147.0,False,0,0,Sunday,9,Mar,False,0.0
S07426,New_Visitor,Organic,North America,Tablet,3,226.5,False,2,0,Saturday,13,Jan,False,0.0
S07427,New_Visitor,Organic,Asia,Mobile,1,129.4,True,0,0,Monday,20,Mar,False,0.0
S07428,New_Visitor,Organic,Asia,Desktop,3,61.0,False,2,1,Saturday,17,Feb,False,0.0
S07429,Returning_Visitor,Paid,South America,Desktop,5,63.9,False,2,1,Tuesday,17,Oct,False,0.0
S07430,Returning_Visitor,Organic,North America,Mobile,7,241.3,False,4,1,Thursday,19,Apr,False,0.0
S07431,New_Visitor,Paid,North America,Desktop,1,179.6,True,0,0,Friday,12,Sep,False,0.0
S07432,New_Visitor,Paid,Asia,Mobile,2,7.5,False,1,1,Sunday,18,Sep,False,0.0
S07433,New_Visitor,Referral,North America,Desktop,2,70.1,False,0,0,Tuesday,6,Sep,False,0.0
S07434,New_Visitor,Organic,Asia,Desktop,8,563.4,False,4,1,Sunday,6,Nov,True,0.0
S07435,New_Visitor,Organic,North America,Mobile,1,63.2,True,0,0,Sunday,11,Mar,False,0.0
S07436,Returning_Visitor,Direct,Europe,Mobile,1,99.6,True,0,0,Monday,9,Jan,False,0.0
S07437,New_Visitor,Direct,South America,Mobile,1,18.9,True,0,0,Sunday,14,Jan,True,0.0
S07438,New_Visitor,Referral,South America,Mobile,1,16.0,True,0,0,Tuesday,9,Feb,False,0.0
S07439,New_Visitor,Direct,Asia,Mobile,7,738.0,False,2,1,Monday,22,May,False,3.34
S07440,New_Visitor,Paid,Africa,Mobile,3,314.5,False,0,0,Sunday,19,Dec,False,0.0
S07441,Returning_Visitor,Direct,Asia,Desktop,2,34.3,False,1,0,Wednesday,23,May,False,0.0
S07442,New_Visitor,Referral,Europe,Desktop,7,243.7,False,3,0,Friday,19,Jun,False,0.0
S07443,New_Visitor,Paid,Oceania,Desktop,2,72.1,False,0,0,Thursday,22,Nov,False,0.0
S07444,Returning_Visitor,Organic,Asia,Mobile,8,345.6,False,4,0,Tuesday,12,Dec,False,0.0
S07445,New_Visitor,Organic,Asia,Mobile,5,543.1,False,3,1,Friday,13,Dec,False,0.0
S07446,Returning_Visitor,Organic,Europe,Desktop,1,55.5,True,0,0,Monday,10,Nov,False,0.0
S07447,Returning_Visitor,Organic,Africa,Mobile,2,87.6,False,0,0,Tuesday,16,Jul,False,0.0
S07448,New_Visitor,Direct,North America,Desktop,6,123.0,False,1,1,Sunday,18,Apr,False,0.0
S07449,Returning_Visitor,Direct,North America,Mobile,2,4.9,False,0,0,Sunday,13,Aug,False,0.0
S07450,New_Visitor,Direct,North America,Desktop,,1800.0,False,7,3,Thursday,11,Mar,False,0.0
S07451,New_Visitor,Paid,North America,Mobile,6,453.4,False,3,1,Tuesday,14,Jan,False,0.0
S07452,New_Visitor,Organic,Europe,Mobile,5,23.2,False,3,1,Wednesday,7,Dec,False,0.0
S07453,New_Visitor,Direct,South America,Mobile,1,21.2,True,0,0,Sunday,17,Jul,False,0.0
S07454,Returning_Visitor,Organic,Asia,Tablet,1,62.5,True,0,0,Monday,13,Jul,False,0.0
S07455,Returning_Visitor,Direct,North America,Mobile,4,56.3,False,2,0,Monday,20,Aug,False,0.0
S07456,Returning_Visitor,Direct,South America,Mobile,4,26.6,False,1,0,Sunday,21,Jun,False,0.0
S07457,Returning_Visitor,Paid,Europe,Desktop,1,48.0,True,0,0,Wednesday,8,Jun,False,0.0
S07458,New_Visitor,Direct,Europe,Desktop,6,143.7,False,0,0,Monday,23,Dec,False,0.0
S07459,New_Visitor,Organic,Europe,Tablet,7,738.7,False,3,0,Monday,22,Nov,False,0.0
S07460,New_Visitor,Direct,Africa,Tablet,2,361.2,False,1,1,Sunday,15,Mar,False,0.0
S07461,New_Visitor,Organic,Europe,Mobile,3,159.5,False,0,0,Thursday,19,Apr,False,0.0
S07462,New_Visitor,Organic,North America,Desktop,3,224.6,False,2,0,Tuesday,1,Sep,True,0.0
S07463,Returning_Visitor,Referral,Europe,Tablet,1,246.0,True,0,0,Sunday,22,Aug,False,0.0
S07464,New_Visitor,Organic,Asia,Desktop,1,15.4,True,0,0,Saturday,13,Oct,False,0.0
S07465,New_Visitor,Direct,Asia,Desktop,5,705.7,False,2,0,Monday,21,Oct,True,0.0
S07466,New_Visitor,Referral,North America,Mobile,3,147.5,False,1,0,Friday,12,Oct,False,0.0
S07467,Returning_Visitor,Direct,North America,Desktop,3,37.4,False,1,0,Tuesday,18,Nov,False,0.0
S07468,Returning_Visitor,Organic,Asia,Desktop,3,61.4,False,0,0,Thursday,12,Oct,False,0.0
S07469,Returning_Visitor,Paid,Asia,Mobile,2,139.8,False,0,0,Tuesday,11,Apr,False,0.0
S07470,New_Visitor,Direct,Europe,Desktop,1,153.0,True,0,0,Wednesday,22,Nov,False,0.0
S07471,Returning_Visitor,Social,South America,Tablet,5,38.0,False,2,0,Friday,17,May,False,0.0
S07472,New_Visitor,Direct,Oceania,Tablet,2,122.4,False,0,0,Thursday,19,Dec,False,0.0
S07473,Returning_Visitor,Direct,North America,Mobile,1,28.4,True,0,0,Wednesday,14,Nov,False,0.0
S07474,New_Visitor,Direct,Asia,Tablet,1,23.3,True,0,0,Monday,21,Feb,False,0.0
S07475,New_Visitor,Direct,North America,Mobile,1,11.9,True,0,0,Sunday,17,Oct,False,0.0
S07476,New_Visitor,Organic,Asia,Mobile,1,131.4,True,0,0,Tuesday,7,Jul,False,0.0
S07477,Returning_Visitor,Direct,Europe,Mobile,1,27.2,True,0,0,Friday,18,Dec,False,0.0
S07478,New_Visitor,Paid,North America,Mobile,1,35.1,True,0,0,Monday,1,Jun,False,0.0
S07479,Returning_Visitor,Referral,South America,Desktop,1,13.9,True,0,0,Friday,19,Jan,False,0.0
S07480,New_Visitor,Organic,South America,Mobile,4,224.7,False,0,0,Monday,11,Apr,False,0.0
S07481,New_Visitor,Referral,North America,Mobile,1,34.8,True,0,0,Tuesday,15,Jun,True,0.0
S07482,New_Visitor,Paid,North America,Mobile,4,51.5,False,1,0,Friday,18,Aug,True,0.0
S07483,New_Visitor,Social,Europe,Mobile,6,133.8,False,1,0,Tuesday,16,Mar,False,0.0
S07484,New_Visitor,Organic,Asia,Mobile,2,59.5,False,1,1,Thursday,16,Jul,False,0.0
S07485,New_Visitor,Paid,South America,Mobile,4,19.2,False,0,0,Monday,20,Jul,False,0.0
S07486,Returning_Visitor,Direct,Europe,Mobile,1,3.2,True,0,0,Tuesday,12,Nov,False,0.0
S07487,New_Visitor,Direct,Asia,Desktop,2,586.9,False,1,1,Saturday,14,May,False,203.23
S07488,Returning_Visitor,Direct,South America,Mobile,4,630.5,False,0,0,Monday,9,Jun,False,0.0
S07489,Returning_Visitor,Paid,Europe,Desktop,9,485.6,False,4,1,Monday,13,Jun,False,0.0
S07490,Returning_Visitor,Paid,Asia,Tablet,3,50.5,False,0,0,Tuesday,9,Sep,False,0.0
S07491,New_Visitor,Paid,Europe,Mobile,2,31.7,False,0,0,Monday,16,Nov,False,0.0
S07492,New_Visitor,Organic,Africa,Mobile,2,69.7,False,0,0,Monday,11,Sep,False,0.0
S07493,New_Visitor,Paid,North America,Tablet,2,58.6,False,0,0,Tuesday,20,Jul,False,0.0
S07494,Returning_Visitor,Organic,North America,Mobile,4,316.9,False,3,1,Monday,11,Sep,False,56.72
S07495,Returning_Visitor,Organic,North America,Desktop,2,62.7,False,0,0,Sunday,10,May,False,0.0
S07496,New_Visitor,Direct,South America,Mobile,2,373.1,False,0,0,Monday,13,Mar,False,0.0
S07497,New_Visitor,Direct,Europe,Desktop,5,87.5,False,3,0,Sunday,9,May,False,0.0
S07498,Returning_Visitor,Referral,Europe,Desktop,1,1.6,True,0,0,Saturday,9,Jun,False,0.0
S07499,New_Visitor,Direct,Oceania,Mobile,4,221.9,False,0,0,Monday,18,Jun,False,0.0
S07500,Returning_Visitor,Paid,Africa,Mobile,5,1325.2,False,3,0,Monday,13,Oct,False,0.0
S07501,New_Visitor,Organic,Oceania,Mobile,6,686.4,False,3,0,Monday,9,Dec,False,0.0
S07502,Returning_Visitor,Organic,North America,Mobile,1,0.3,True,0,0,Friday,4,Jun,False,0.0
S07503,New_Visitor,Paid,Africa,Desktop,1,51.4,True,0,0,Friday,13,Feb,False,0.0
S07504,New_Visitor,Organic,Europe,Mobile,10,362.9,False,2,1,Friday,17,Jan,True,0.0
S07505,Returning_Visitor,Referral,North America,Desktop,1,87.8,True,0,0,Thursday,11,Jan,False,0.0
S07506,Returning_Visitor,Referral,Europe,Desktop,3,52.4,False,0,0,Tuesday,10,Dec,False,21.62
S07507,New_Visitor,Direct,Europe,Mobile,1,16.8,True,0,0,Saturday,12,Dec,False,0.0
S07508,New_Visitor,Referral,North America,Desktop,6,137.1,False,3,0,Wednesday,22,Jan,False,0.0
S07509,Returning_Visitor,Organic,Europe,Desktop,1,17.0,True,0,0,Sunday,12,May,False,0.0
S07510,Returning_Visitor,Paid,South America,Desktop,1,1.3,True,0,0,Wednesday,10,Sep,False,0.0
S07511,Returning_Visitor,Organic,Europe,Mobile,3,178.1,False,1,0,Tuesday,15,Mar,False,0.0
S07512,Returning_Visitor,Direct,Europe,Mobile,1,56.9,True,0,0,Sunday,19,Aug,False,0.0
S07513,New_Visitor,Organic,Europe,Tablet,4,458.2,False,1,0,Thursday,2,Nov,False,0.0
S07514,New_Visitor,Direct,Africa,Mobile,4,287.2,False,2,0,Saturday,14,Nov,False,0.0
S07515,Returning_Visitor,Referral,North America,Desktop,3,184.3,False,0,0,Wednesday,19,Oct,False,0.0
S07516,Returning_Visitor,Paid,Europe,Desktop,6,95.1,False,2,1,Sunday,10,Feb,False,48.98
S07517,New_Visitor,Social,North America,Desktop,4,323.4,False,1,0,Sunday,21,May,False,0.0
S07518,New_Visitor,Direct,Africa,Mobile,1,116.0,True,0,0,Thursday,15,Dec,False,0.0
S07519,Returning_Visitor,Paid,North America,Mobile,1,35.2,True,0,0,Tuesday,14,Mar,False,0.0
S07520,New_Visitor,Direct,Europe,Mobile,5,233.3,False,1,0,Friday,22,Jun,False,0.0
S07521,New_Visitor,Referral,Europe,Desktop,5,460.2,False,2,0,Sunday,8,May,False,0.0
S07522,New_Visitor,Referral,Africa,Desktop,6,225.6,False,1,0,Friday,17,Mar,True,0.0
S07523,Returning_Visitor,Direct,North America,Desktop,1,65.9,True,0,0,Sunday,19,May,False,0.0
S07524,Returning_Visitor,Social,Asia,Mobile,1,14.5,True,0,0,Wednesday,13,Mar,False,0.0
S07525,New_Visitor,Organic,North America,Desktop,3,158.0,False,0,0,Sunday,0,Nov,False,0.0
S07526,Returning_Visitor,Referral,Oceania,Mobile,1,2.3,True,0,0,Monday,14,Mar,False,0.0
S07527,Returning_Visitor,Social,Asia,Desktop,2,28.1,False,0,0,Wednesday,9,Sep,False,0.0
S07528,New_Visitor,Paid,Asia,Mobile,6,913.2,False,2,0,Thursday,14,Dec,False,0.0
S07529,Returning_Visitor,Paid,Europe,Desktop,2,108.5,False,1,0,Friday,17,Dec,False,18.83
S07530,New_Visitor,Direct,Europe,Desktop,1,36.5,True,0,0,Wednesday,14,Aug,False,0.0
S07531,New_Visitor,Referral,North America,Desktop,4,177.1,False,2,1,Sunday,16,Apr,False,0.0
S07532,New_Visitor,Direct,Asia,Desktop,1,0.0,True,0,0,Sunday,8,Apr,False,0.0
S07533,New_Visitor,Direct,Oceania,Desktop,1,36.9,True,0,0,Saturday,8,Oct,False,0.0
S07534,New_Visitor,Paid,Europe,Mobile,1,9.3,True,0,0,Monday,19,Dec,True,0.0
S07535,Returning_Visitor,Paid,Africa,Desktop,3,351.5,False,0,0,Monday,6,Feb,False,0.0
S07536,Returning_Visitor,Paid,North America,Desktop,3,96.1,False,1,1,Thursday,10,Oct,False,0.0
S07537,Returning_Visitor,Organic,Oceania,Mobile,1,15.8,True,0,0,Saturday,21,Feb,False,0.0
S07538,New_Visitor,Paid,Europe,Mobile,1,43.0,True,0,0,Monday,13,Apr,False,0.0
S07539,New_Visitor,Paid,Europe,Desktop,3,81.9,False,0,0,Friday,16,Aug,False,0.0
S07540,New_Visitor,Direct,Europe,Mobile,5,184.9,False,1,0,Thursday,10,Apr,False,0.0
S07541,New_Visitor,Direct,Asia,Mobile,10,776.2,False,4,2,Saturday,10,Sep,False,25.22
S07542,New_Visitor,Social,Asia,Desktop,1,42.7,True,0,0,Thursday,14,Jun,False,0.0
S07543,Returning_Visitor,Referral,Europe,Mobile,4,591.5,False,1,0,Friday,16,Mar,False,13.96
S07544,Returning_Visitor,Paid,Europe,Desktop,1,17.8,True,0,0,Tuesday,22,Jul,False,0.0
S07545,New_Visitor,Direct,North America,Desktop,1,23.7,True,0,0,Tuesday,15,Jan,False,0.0
S07546,New_Visitor,Social,Europe,Tablet,2,180.4,False,0,0,Sunday,8,Oct,False,0.0
S07547,Returning_Visitor,Social,Europe,Desktop,3,275.3,False,1,0,Wednesday,12,Jul,True,0.0
S07548,New_Visitor,Direct,Asia,Desktop,3,675.8,False,0,0,Sunday,10,Dec,False,0.0
S07549,Returning_Visitor,Paid,Asia,Tablet,1,59.4,True,0,0,Monday,10,Feb,False,0.0
S07550,Returning_Visitor,Direct,Asia,Mobile,8,409.4,False,4,2,Thursday,14,Oct,False,82.01
S07551,Returning_Visitor,Direct,Asia,Mobile,1,53.3,True,0,0,Wednesday,11,May,False,0.0
S07552,New_Visitor,Organic,North America,Mobile,1,26.9,True,0,0,Sunday,10,May,False,0.0
S07553,Returning_Visitor,Direct,South America,Mobile,2,58.3,False,1,0,Sunday,22,May,False,0.0
S07554,New_Visitor,Social,North America,Mobile,9,177.3,False,3,1,Tuesday,15,May,False,0.0
S07555,Returning_Visitor,Paid,Asia,Desktop,15,817.7,False,6,0,Tuesday,10,Jun,False,0.0
S07556,New_Visitor,Organic,North America,Desktop,1,110.0,True,0,0,Saturday,10,Jan,False,0.0
S07557,New_Visitor,Direct,Asia,Desktop,1,60.2,True,0,0,Sunday,19,Nov,False,0.0
S07558,New_Visitor,Organic,Europe,Desktop,3,115.2,False,1,0,Friday,20,Nov,False,0.0
S07559,New_Visitor,Referral,Europe,Desktop,4,15.8,False,2,0,Sunday,16,Jan,False,0.0
S07560,Returning_Visitor,Paid,Asia,Mobile,4,68.3,False,1,0,Monday,12,Oct,False,0.0
S07561,Returning_Visitor,Referral,North America,Desktop,1,111.9,True,0,0,Friday,18,Feb,False,0.0
S07562,Returning_Visitor,Referral,North America,Desktop,1,30.3,True,0,0,Friday,21,Nov,False,0.0
S07563,New_Visitor,Referral,Asia,Mobile,1,130.1,True,0,0,Tuesday,9,Aug,False,0.0
S07564,Returning_Visitor,Organic,South America,Mobile,6,100.1,False,3,0,Saturday,20,May,False,56.35
S07565,New_Visitor,Social,Europe,Tablet,2,102.9,False,1,1,Sunday,19,Aug,False,0.0
S07566,Returning_Visitor,Referral,North America,Mobile,6,,False,1,0,Sunday,11,Jul,True,0.0
S07567,Returning_Visitor,Referral,Europe,Tablet,2,97.7,False,1,0,Tuesday,11,Sep,False,0.0
S07568,New_Visitor,Paid,Asia,Mobile,5,70.3,False,4,2,Wednesday,14,Jul,False,65.96
S07569,Returning_Visitor,Social,Europe,Mobile,1,15.6,True,0,0,Thursday,10,Oct,False,0.0
S07570,New_Visitor,Social,Africa,Tablet,6,61.8,False,3,1,Tuesday,8,Jan,False,0.0
S07571,New_Visitor,Paid,Europe,Mobile,7,9.0,False,2,1,Sunday,22,May,False,0.0
S07572,New_Visitor,Paid,North America,Mobile,1,70.7,True,0,0,Tuesday,13,Aug,False,0.0
S07573,New_Visitor,Referral,North America,Mobile,1,91.7,True,0,0,Saturday,13,Aug,False,0.0
S07574,Returning_Visitor,Organic,Europe,Desktop,1,103.0,True,0,0,Wednesday,8,Mar,False,0.0
S07575,New_Visitor,Direct,Asia,Tablet,7,32.2,False,1,1,Friday,14,Feb,False,0.0
S07576,New_Visitor,Social,North America,Mobile,2,342.2,False,0,0,Monday,17,Jan,False,0.0
S07577,Returning_Visitor,Organic,Oceania,Mobile,1,57.8,True,0,0,Tuesday,10,Jun,False,0.0
S07578,Returning_Visitor,Organic,Europe,Desktop,12,66.6,False,2,1,Thursday,12,May,False,0.0
S07579,Returning_Visitor,Organic,Europe,Desktop,4,21.3,False,1,1,Friday,9,Aug,False,0.0
S07580,Returning_Visitor,Social,North America,Desktop,6,256.7,False,1,0,Saturday,11,Jun,False,0.0
S07581,Returning_Visitor,Direct,Africa,Mobile,5,84.0,False,2,1,Monday,20,Jun,False,0.0
S07582,New_Visitor,Direct,South America,Tablet,2,32.8,False,0,0,Tuesday,10,Nov,False,0.0
S07583,New_Visitor,Organic,North America,Desktop,6,4.3,False,3,1,Saturday,3,Sep,False,0.0
S07584,New_Visitor,Social,Oceania,Mobile,3,118.5,False,1,0,Saturday,14,Sep,False,0.0
S07585,New_Visitor,Direct,Europe,Desktop,4,21.7,False,0,0,Tuesday,15,Jun,True,0.0
S07586,Returning_Visitor,Organic,Asia,Desktop,2,9.6,False,1,1,Tuesday,11,Oct,False,0.0
S07587,New_Visitor,Referral,South America,Mobile,12,124.4,False,6,3,Monday,16,Mar,False,0.0
S07588,Returning_Visitor,Referral,Asia,Mobile,6,3.9,False,2,1,Tuesday,5,Jun,False,0.0
S07589,New_Visitor,Direct,Africa,Tablet,1,6.6,True,0,0,Monday,11,Jan,False,0.0
S07590,New_Visitor,Referral,Africa,Desktop,1,54.1,True,0,0,Friday,8,Feb,False,0.0
S07591,New_Visitor,Organic,Oceania,Mobile,5,89.0,False,2,1,Sunday,10,Feb,False,0.0
S07592,Returning_Visitor,Social,North America,Mobile,1,4.3,True,0,0,Monday,12,Jun,False,0.0
S07593,Returning_Visitor,Organic,Europe,Desktop,2,17.5,False,0,0,Saturday,13,Sep,False,0.0
S07594,Returning_Visitor,Organic,Asia,Tablet,3,7.9,False,0,0,Friday,7,May,False,0.0
S07595,New_Visitor,Social,Asia,Tablet,1,90.0,True,0,0,Sunday,8,Jan,False,0.0
S07596,Returning_Visitor,Social,Europe,Desktop,7,346.2,False,3,0,Saturday,16,Oct,False,0.0
S07597,New_Visitor,Organic,North America,Mobile,7,269.9,False,3,1,Saturday,12,Mar,True,0.0
S07598,New_Visitor,Organic,South America,Desktop,10,1239.4,False,3,1,Friday,9,Oct,False,0.0
S07599,Returning_Visitor,Social,Oceania,Mobile,,5.0,True,0,0,Saturday,10,Jan,False,0.0
S07600,New_Visitor,Social,Europe,Mobile,1,2.3,True,0,0,Wednesday,17,May,False,0.0
S07601,Returning_Visitor,Direct,North America,Desktop,3,99.3,False,1,0,Tuesday,6,Sep,False,0.0
S07602,New_Visitor,Referral,North America,Tablet,5,92.0,False,3,1,Sunday,14,Nov,False,0.0
S07603,Returning_Visitor,Organic,North America,Mobile,2,77.5,False,1,0,Saturday,11,Oct,False,117.98
S07604,Returning_Visitor,Direct,Asia,Tablet,1,,True,0,0,Monday,19,Jun,False,0.0
S07605,New_Visitor,Organic,Africa,Desktop,3,106.4,False,0,0,Sunday,18,Oct,False,0.0
S07606,Returning_Visitor,Direct,North America,Mobile,2,22.5,False,0,0,Wednesday,17,Jul,False,0.0
S07607,New_Visitor,Organic,Asia,Mobile,2,191.8,False,1,0,Wednesday,12,Nov,False,0.0
S07608,Returning_Visitor,Direct,Asia,Desktop,2,59.1,False,1,0,Friday,16,Oct,False,0.0
S07609,New_Visitor,Direct,North America,Desktop,4,337.6,False,0,0,Thursday,16,Dec,False,0.0
S07610,New_Visitor,Direct,Asia,Tablet,3,27.4,False,1,0,Thursday,11,Feb,False,0.0
S07611,New_Visitor,Organic,Asia,Mobile,3,74.0,False,1,0,Tuesday,20,May,False,0.0
S07612,New_Visitor,Direct,South America,Desktop,4,5.5,False,0,0,Sunday,23,Mar,False,0.0
S07613,Returning_Visitor,Social,Europe,Tablet,1,16.1,True,0,0,Sunday,11,Sep,False,0.0
S07614,New_Visitor,Direct,Asia,Desktop,7,437.4,False,4,1,Monday,19,Sep,False,63.11
S07615,New_Visitor,Social,Europe,Mobile,2,41.6,False,1,0,Wednesday,13,Mar,False,0.0
S07616,New_Visitor,Direct,North America,Mobile,2,18.0,False,0,0,Monday,13,Jun,False,0.0
S07617,New_Visitor,Direct,North America,Mobile,3,10.4,False,1,0,Saturday,12,Aug,False,12.71
S07618,Returning_Visitor,Referral,Europe,Desktop,1,55.4,True,0,0,Sunday,11,Sep,False,0.0
S07619,Returning_Visitor,Paid,North America,Mobile,1,4.8,True,0,0,Thursday,21,Feb,False,0.0
S07620,New_Visitor,Organic,North America,Mobile,1,96.2,True,0,0,Saturday,17,Dec,False,0.0
S07621,Returning_Visitor,Organic,Asia,Mobile,4,106.1,False,0,0,Friday,13,Jan,False,0.0
S07622,Returning_Visitor,Referral,Asia,Mobile,8,174.6,False,2,0,Thursday,18,Dec,True,0.0
S07623,New_Visitor,Paid,North America,Desktop,4,235.3,False,2,2,Wednesday,17,May,False,0.0
S07624,Returning_Visitor,Paid,North America,Mobile,3,146.4,False,1,0,Tuesday,10,May,False,0.0
S07625,New_Visitor,Direct,Asia,Desktop,4,1053.4,False,0,0,Tuesday,9,Jun,False,0.0
S07626,Returning_Visitor,Direct,Europe,Tablet,11,,False,3,0,Thursday,19,Sep,False,0.0
S07627,Returning_Visitor,Referral,Europe,Desktop,2,228.8,False,1,0,Tuesday,19,Mar,False,0.0
S07628,New_Visitor,Referral,Asia,Desktop,2,109.8,False,0,0,Tuesday,23,Apr,False,0.0
S07629,Returning_Visitor,Referral,North America,Desktop,2,257.1,False,0,0,Monday,1,Dec,False,0.0
S07630,Returning_Visitor,Paid,North America,Mobile,1,,True,0,0,Friday,14,Nov,False,0.0
S07631,New_Visitor,Social,North America,Desktop,2,172.4,False,0,0,Sunday,17,Mar,False,0.0
S07632,Returning_Visitor,Direct,North America,Mobile,1,92.7,True,0,0,Sunday,15,Aug,False,0.0
S07633,New_Visitor,Direct,Oceania,Tablet,6,5.5,False,3,2,Friday,17,Mar,False,21.94
S07634,Returning_Visitor,Referral,Europe,Desktop,4,437.3,False,2,1,Saturday,8,Aug,True,0.0
S07635,Returning_Visitor,Direct,Europe,Desktop,2,136.5,False,0,0,Wednesday,0,May,False,0.0
S07636,New_Visitor,Direct,Asia,Tablet,2,353.4,False,0,0,Wednesday,7,May,False,0.0
S07637,New_Visitor,Organic,North America,Desktop,3,25.7,False,1,1,Wednesday,12,Sep,False,0.0
S07638,Returning_Visitor,Organic,North America,Desktop,5,763.7,False,0,0,Monday,11,Apr,False,0.0
S07639,New_Visitor,Direct,South America,Desktop,4,462.6,False,0,0,Friday,20,Jun,True,0.0
S07640,New_Visitor,Social,Africa,Desktop,1,15.4,True,0,0,Tuesday,7,Dec,True,0.0
S07641,New_Visitor,Organic,Europe,Desktop,5,39.7,False,0,0,Saturday,13,Oct,False,0.0
S07642,New_Visitor,Direct,Europe,Mobile,7,416.0,False,5,2,Tuesday,22,Jun,False,22.67
S07643,New_Visitor,Direct,South America,Mobile,1,67.6,True,0,0,Tuesday,13,Apr,False,0.0
S07644,New_Visitor,Organic,North America,Mobile,5,372.3,False,2,0,Sunday,8,Sep,False,0.0
S07645,New_Visitor,Paid,North America,Desktop,1,112.1,True,0,0,Monday,11,Nov,False,0.0
S07646,Returning_Visitor,Paid,North America,Mobile,1,48.8,True,0,0,Thursday,15,Nov,False,0.0
S07647,New_Visitor,Organic,Europe,Desktop,3,60.1,False,0,0,Monday,1,Aug,False,0.0
S07648,New_Visitor,Social,North America,Tablet,3,350.2,False,1,0,Monday,22,Jul,False,20.11
S07649,New_Visitor,Direct,Europe,Mobile,2,68.2,False,1,0,Friday,14,Oct,False,0.0
S07650,Returning_Visitor,Paid,Asia,Desktop,7,239.5,False,1,0,Friday,17,Mar,False,0.0
S07651,New_Visitor,Direct,Europe,Desktop,1,40.7,True,0,0,Tuesday,13,Nov,False,0.0
S07652,New_Visitor,Organic,North America,Desktop,3,324.9,False,1,0,Sunday,22,Feb,False,0.0
S07653,New_Visitor,Referral,Europe,Desktop,2,423.9,False,1,0,Friday,15,Aug,True,0.0
S07654,Returning_Visitor,Social,Asia,Mobile,7,78.8,False,2,1,Wednesday,16,Aug,False,0.0
S07655,Returning_Visitor,Organic,North America,Desktop,1,7.8,True,0,0,Tuesday,20,May,False,0.0
S07656,Returning_Visitor,Social,North America,Tablet,1,20.4,True,0,0,Saturday,20,Jan,False,0.0
S07657,Returning_Visitor,Organic,Europe,Desktop,15,1800.0,False,9,0,Saturday,3,Oct,False,22.24
S07658,Returning_Visitor,Paid,North America,Mobile,3,135.2,False,0,0,Monday,10,Jan,False,0.0
S07659,New_Visitor,Organic,Oceania,Desktop,8,2.7,False,1,1,Wednesday,10,Mar,False,0.0
S07660,Returning_Visitor,Paid,Asia,Desktop,2,104.6,False,1,0,Tuesday,0,Aug,False,0.0
S07661,New_Visitor,Direct,North America,Tablet,3,143.3,False,0,0,Wednesday,20,Dec,False,0.0
S07662,Returning_Visitor,Direct,Asia,Mobile,4,20.0,False,0,0,Tuesday,11,Jan,False,0.0
S07663,Returning_Visitor,Paid,Europe,Mobile,13,125.8,False,4,1,Sunday,11,Aug,False,0.0
S07664,New_Visitor,Paid,North America,Mobile,1,5.9,True,0,0,Saturday,8,May,True,0.0
S07665,New_Visitor,Referral,North America,Tablet,1,44.2,True,0,0,Saturday,23,Sep,False,0.0
S07666,New_Visitor,Organic,Asia,Mobile,3,136.3,False,0,0,Tuesday,19,Dec,False,0.0
S07667,Returning_Visitor,Direct,North America,Desktop,1,37.0,True,0,0,Monday,15,Apr,False,0.0
S07668,Returning_Visitor,Direct,North America,Desktop,4,143.9,False,1,0,Monday,18,Dec,False,0.0
S07669,Returning_Visitor,Direct,North America,Mobile,15,781.7,False,7,2,Thursday,18,Nov,False,0.0
S07670,New_Visitor,Referral,North America,Mobile,6,390.7,False,3,1,Tuesday,16,Aug,False,0.0
S07671,Returning_Visitor,Organic,Asia,Mobile,1,199.1,True,0,0,Tuesday,9,Oct,False,0.0
S07672,Returning_Visitor,Social,South America,Desktop,5,236.3,False,1,1,Monday,17,Nov,False,0.0
S07673,Returning_Visitor,Social,Asia,Tablet,3,55.6,False,1,0,Sunday,15,Nov,False,0.0
S07674,New_Visitor,Organic,Asia,Mobile,1,220.4,True,0,0,Friday,17,May,False,0.0
S07675,New_Visitor,Referral,Africa,Mobile,3,20.1,False,2,2,Monday,14,Nov,False,0.0
S07676,Returning_Visitor,Referral,North America,Desktop,7,157.5,False,0,0,Saturday,22,May,False,0.0
S07677,Returning_Visitor,Referral,North America,Tablet,2,279.3,False,1,0,Saturday,15,Nov,False,0.0
S07678,Returning_Visitor,Organic,Europe,Mobile,4,691.2,False,1,0,Tuesday,15,Apr,False,0.0
S07679,New_Visitor,Referral,Europe,Mobile,1,62.1,True,0,0,Tuesday,19,Aug,True,0.0
S07680,New_Visitor,Organic,Europe,Tablet,6,5.3,False,2,0,Saturday,12,Sep,False,0.0
S07681,Returning_Visitor,Direct,North America,Tablet,1,35.1,True,0,0,Wednesday,11,Jun,False,0.0
S07682,New_Visitor,Social,North America,Desktop,3,485.9,False,0,0,Saturday,13,Oct,False,0.0
S07683,Returning_Visitor,Social,Europe,Tablet,3,396.8,False,0,0,Monday,15,Dec,False,0.0
S07684,New_Visitor,Organic,Africa,Mobile,3,403.6,False,2,0,Thursday,10,Mar,False,0.0
S07685,New_Visitor,Referral,Europe,Desktop,1,20.9,True,0,0,Tuesday,16,Jan,False,0.0
S07686,Returning_Visitor,Paid,North America,Desktop,3,313.5,False,0,0,Friday,19,Sep,False,0.0
S07687,Returning_Visitor,Organic,Asia,Desktop,3,200.8,False,1,0,Sunday,15,Aug,False,0.0
S07688,New_Visitor,Paid,North America,Mobile,2,269.0,False,0,0,Wednesday,14,May,False,0.0
S07689,New_Visitor,Social,North America,Mobile,4,243.8,False,0,0,Monday,11,Oct,False,0.0
S07690,Returning_Visitor,Social,Europe,Desktop,1,28.2,True,0,0,Wednesday,21,Nov,False,0.0
S07691,New_Visitor,Organic,Asia,Mobile,3,181.1,False,0,0,Sunday,18,May,False,0.0
S07692,Returning_Visitor,Organic,South America,Mobile,4,106.3,False,1,0,Saturday,13,Sep,False,0.0
S07693,New_Visitor,Paid,Asia,Mobile,2,0.3,False,0,0,Tuesday,16,Sep,False,0.0
S07694,Returning_Visitor,Direct,Europe,Tablet,2,203.6,False,0,0,Sunday,11,May,False,0.0
S07695,Returning_Visitor,Organic,Europe,Mobile,1,113.6,True,0,0,Friday,6,Dec,False,0.0
S07696,Returning_Visitor,Referral,North America,Desktop,3,248.2,False,1,0,Tuesday,9,May,False,0.0
S07697,New_Visitor,Organic,Oceania,Mobile,1,15.5,True,0,0,Friday,7,Sep,True,0.0
S07698,Returning_Visitor,Social,Asia,Tablet,3,26.3,False,0,0,Thursday,14,Jun,False,0.0
S07699,New_Visitor,Referral,North America,Desktop,1,11.2,True,0,0,Saturday,15,Jan,True,0.0
S07700,New_Visitor,Paid,Asia,Tablet,1,41.7,True,0,0,Wednesday,12,Feb,False,0.0
S07701,Returning_Visitor,Social,Europe,Desktop,1,18.4,True,0,0,Sunday,14,Apr,False,0.0
S07702,Returning_Visitor,Organic,Oceania,Mobile,2,252.8,False,0,0,Saturday,7,Nov,False,0.0
S07703,Returning_Visitor,Direct,South America,Mobile,7,330.2,False,2,0,Friday,18,Jun,False,0.0
S07704,New_Visitor,Social,North America,Mobile,3,107.7,False,0,0,Tuesday,4,Aug,False,0.0
S07705,New_Visitor,Direct,Asia,Mobile,5,615.8,False,3,1,Sunday,16,Dec,False,0.0
S07706,New_Visitor,Paid,Europe,Mobile,1,5.1,True,0,0,Thursday,12,Mar,False,0.0
S07707,Returning_Visitor,Social,North America,Mobile,2,245.7,False,0,0,Sunday,9,Nov,False,0.0
S07708,Returning_Visitor,Organic,Asia,Mobile,2,194.4,False,0,0,Tuesday,14,May,False,15.74
S07709,New_Visitor,Paid,Europe,Mobile,6,418.3,False,2,0,Sunday,18,May,False,0.0
S07710,Returning_Visitor,Organic,North America,Mobile,4,28.2,False,2,1,Saturday,12,Sep,False,0.0
S07711,New_Visitor,Organic,Asia,Mobile,3,9.7,False,0,0,Sunday,12,Dec,False,0.0
S07712,New_Visitor,Social,Asia,Desktop,2,21.8,False,0,0,Tuesday,8,May,False,0.0
S07713,New_Visitor,Paid,North America,Mobile,5,94.5,False,1,1,Thursday,15,Oct,False,167.82
S07714,New_Visitor,Direct,Europe,Desktop,7,402.2,False,2,1,Monday,19,Jan,False,0.0
S07715,New_Visitor,Organic,Asia,Mobile,3,15.1,False,1,0,Monday,14,Sep,False,0.0
S07716,Returning_Visitor,Direct,North America,Desktop,1,12.1,True,0,0,Tuesday,9,Sep,False,0.0
S07717,New_Visitor,Direct,Africa,Mobile,1,13.4,True,0,0,Sunday,16,Aug,False,0.0
S07718,Returning_Visitor,Direct,North America,Desktop,5,333.2,False,2,0,Friday,3,Dec,False,0.0
S07719,New_Visitor,Organic,North America,Desktop,2,51.0,False,0,0,Wednesday,19,Dec,False,0.0
S07720,Returning_Visitor,Referral,North America,Mobile,3,57.9,False,1,0,Sunday,21,May,True,0.0
S07721,Returning_Visitor,Paid,Europe,Desktop,3,5.3,False,0,0,Saturday,15,Jun,False,0.0
S07722,Returning_Visitor,Direct,Asia,Desktop,8,47.6,False,3,1,Sunday,20,Nov,False,30.38
S07723,New_Visitor,Organic,Europe,Desktop,2,95.7,False,1,1,Sunday,7,Nov,False,0.0
S07724,Returning_Visitor,Social,North America,Tablet,2,120.4,False,0,0,Saturday,10,Jun,False,0.0
S07725,Returning_Visitor,Social,South America,Desktop,1,81.3,True,0,0,Tuesday,11,May,False,0.0
S07726,New_Visitor,Paid,North America,Tablet,5,206.4,False,2,0,Sunday,18,Nov,False,0.0
S07727,New_Visitor,Organic,North America,Mobile,2,37.6,False,0,0,Wednesday,13,May,False,0.0
S07728,New_Visitor,Organic,North America,Desktop,4,83.0,False,0,0,Friday,11,Jun,False,45.8
S07729,Returning_Visitor,Direct,North America,Mobile,1,,True,0,0,Saturday,9,Feb,False,0.0
S07730,New_Visitor,Referral,Europe,Tablet,7,233.4,False,0,0,Tuesday,19,Aug,False,0.0
S07731,New_Visitor,Direct,North America,Mobile,11,113.8,False,3,2,Friday,2,May,False,0.0
S07732,New_Visitor,Referral,North America,Desktop,2,0.5,False,1,1,Wednesday,11,Aug,False,0.0
S07733,New_Visitor,Organic,South America,Mobile,2,36.1,False,1,1,Tuesday,10,Jun,False,56.24
S07734,Returning_Visitor,Direct,North America,Mobile,3,253.6,False,1,0,Monday,8,Oct,False,0.0
S07735,New_Visitor,Referral,South America,Mobile,12,786.8,False,6,1,Sunday,9,Apr,False,0.0
S07736,Returning_Visitor,Direct,Asia,Tablet,3,18.5,False,1,0,Monday,13,Mar,False,0.0
S07737,Returning_Visitor,Referral,Europe,Desktop,1,35.2,True,0,0,Sunday,12,Oct,False,0.0
S07738,New_Visitor,Direct,Europe,Desktop,3,28.1,False,1,0,Friday,14,Jun,False,0.0
S07739,Returning_Visitor,Direct,Europe,Desktop,2,76.9,False,0,0,Friday,17,Aug,False,0.0
S07740,New_Visitor,Direct,North America,Tablet,5,35.2,False,3,0,Saturday,20,Dec,False,0.0
S07741,Returning_Visitor,Direct,Africa,Mobile,2,136.5,False,0,0,Thursday,8,Jul,False,0.0
S07742,New_Visitor,Organic,Asia,Tablet,8,421.0,False,2,0,Wednesday,7,Mar,False,0.0
S07743,Returning_Visitor,Referral,Africa,Desktop,5,89.9,False,2,1,Monday,11,Jun,False,0.0
S07744,New_Visitor,Social,South America,Mobile,2,585.9,False,0,0,Friday,14,Jul,False,0.0
S07745,New_Visitor,Direct,North America,Desktop,2,106.6,False,0,0,Thursday,8,Oct,False,0.0
S07746,Returning_Visitor,Organic,North America,Tablet,3,56.3,False,2,0,Wednesday,17,Mar,False,0.0
S07747,New_Visitor,Paid,North America,Mobile,1,26.6,True,0,0,Friday,14,May,False,0.0
S07748,Returning_Visitor,Organic,South America,Mobile,4,594.9,False,1,0,Thursday,18,Jan,False,0.0
S07749,New_Visitor,Organic,Africa,Desktop,3,40.9,False,1,0,Saturday,11,Oct,False,0.0
S07750,Returning_Visitor,Direct,Europe,Mobile,2,27.3,False,0,0,Thursday,12,Oct,False,0.0
S07751,New_Visitor,Social,North America,Desktop,4,202.9,False,1,1,Sunday,19,Jun,False,0.0
S07752,Returning_Visitor,Organic,North America,Desktop,1,24.2,True,0,0,Thursday,10,Jul,False,0.0
S07753,New_Visitor,Referral,South America,Desktop,10,217.6,False,2,1,Sunday,12,Oct,False,83.73
S07754,New_Visitor,Direct,Africa,Mobile,1,31.7,True,0,0,Thursday,1,Apr,False,0.0
S07755,New_Visitor,Organic,North America,Desktop,2,213.4,False,1,0,Thursday,14,Aug,False,0.0
S07756,Returning_Visitor,Direct,North America,Desktop,11,1213.7,False,5,1,Wednesday,19,Dec,False,0.0
S07757,New_Visitor,Social,Europe,Mobile,2,131.5,False,1,0,Wednesday,3,Sep,False,0.0
S07758,Returning_Visitor,Referral,North America,Desktop,7,361.7,False,4,0,Sunday,15,Feb,False,0.0
S07759,Returning_Visitor,Organic,South America,Desktop,1,0.9,True,0,0,Tuesday,19,Apr,False,0.0
S07760,New_Visitor,Organic,Europe,Mobile,1,50.0,True,0,0,Monday,13,Jul,False,0.0
S07761,Returning_Visitor,Referral,Asia,Desktop,1,184.9,True,0,0,Saturday,11,Feb,False,0.0
S07762,New_Visitor,Social,Europe,Desktop,11,1198.6,False,5,1,Friday,23,Sep,False,0.0
S07763,New_Visitor,Direct,Europe,Mobile,1,9.4,True,0,0,Tuesday,7,Sep,False,0.0
S07764,Returning_Visitor,Referral,North America,Desktop,4,875.7,False,0,0,Thursday,9,Nov,False,0.0
S07765,Returning_Visitor,Organic,South America,Mobile,2,29.3,False,0,0,Thursday,20,Jul,False,0.0
S07766,Returning_Visitor,Direct,Asia,Desktop,6,47.6,False,2,0,Friday,11,Sep,False,0.0
S07767,New_Visitor,Organic,Europe,Tablet,2,40.9,False,1,0,Saturday,19,Mar,False,0.0
S07768,New_Visitor,Social,Europe,Desktop,1,9.1,True,0,0,Wednesday,11,Jan,False,0.0
S07769,New_Visitor,Direct,North America,Mobile,5,76.3,False,2,0,Friday,19,Mar,False,0.0
S07770,Returning_Visitor,Social,North America,Mobile,3,66.5,False,1,0,Saturday,16,Jan,True,0.0
S07771,New_Visitor,Social,Asia,Desktop,2,107.2,False,0,0,Saturday,13,Jun,False,0.0
S07772,Returning_Visitor,Social,Europe,Desktop,2,114.2,False,1,0,Tuesday,14,Jul,False,0.0
S07773,New_Visitor,Organic,Europe,Desktop,7,321.1,False,3,1,Wednesday,9,Sep,False,0.0
S07774,New_Visitor,Organic,South America,Desktop,1,21.2,True,0,0,Friday,8,Mar,False,0.0
S07775,New_Visitor,Paid,Europe,Desktop,1,184.0,True,0,0,Sunday,17,Mar,False,0.0
S07776,New_Visitor,Social,Europe,Tablet,1,21.1,True,0,0,Saturday,19,Nov,False,0.0
S07777,New_Visitor,Social,North America,Desktop,1,30.8,True,0,0,Friday,17,Aug,False,0.0
S07778,Returning_Visitor,Organic,South America,Desktop,6,197.5,False,3,0,Sunday,21,Jan,False,0.0
S07779,Returning_Visitor,Direct,Asia,Mobile,5,6.8,False,3,0,Thursday,20,Nov,False,54.1
S07780,New_Visitor,Social,North America,Mobile,1,33.6,True,0,0,Saturday,18,Sep,False,0.0
S07781,New_Visitor,Organic,Asia,Desktop,5,123.9,False,1,0,Saturday,20,Mar,False,0.0
S07782,New_Visitor,Referral,Europe,Mobile,4,17.6,False,1,0,Sunday,9,Apr,False,0.0
S07783,Returning_Visitor,Direct,South America,Mobile,2,200.0,False,0,0,Sunday,17,Aug,False,0.0
S07784,New_Visitor,Organic,Africa,Desktop,1,74.6,True,0,0,Thursday,18,Aug,True,0.0
S07785,Returning_Visitor,Organic,Asia,Desktop,3,60.0,False,0,0,Tuesday,9,Nov,False,0.0
S07786,New_Visitor,Organic,Asia,Desktop,6,108.7,False,2,0,Thursday,21,May,False,0.0
S07787,New_Visitor,Organic,North America,Desktop,2,282.1,False,0,0,Saturday,0,Aug,False,0.0
S07788,Returning_Visitor,Referral,Asia,Desktop,2,25.2,False,0,0,Saturday,12,Aug,False,0.0
S07789,New_Visitor,Organic,South America,Desktop,6,744.9,False,1,0,Wednesday,2,Aug,False,0.0
S07790,Returning_Visitor,Organic,Europe,Mobile,1,4.9,True,0,0,Monday,14,Feb,False,0.0
S07791,New_Visitor,Paid,Asia,Mobile,1,109.8,True,0,0,Thursday,12,Jun,False,0.0
S07792,New_Visitor,Direct,Africa,Mobile,4,187.2,False,1,1,Thursday,15,May,False,0.0
S07793,New_Visitor,Direct,North America,Mobile,4,358.9,False,0,0,Monday,18,Dec,False,0.0
S07794,Returning_Visitor,Social,North America,Tablet,8,46.8,False,3,0,Saturday,18,Jul,False,0.0
S07795,Returning_Visitor,Paid,Asia,Tablet,2,65.4,False,1,1,Tuesday,17,Jun,False,28.54
S07796,New_Visitor,Organic,South America,Tablet,1,35.9,True,0,0,Friday,8,Jul,True,0.0
S07797,Returning_Visitor,Direct,Africa,Desktop,2,86.9,False,0,0,Monday,12,Dec,False,0.0
S07798,New_Visitor,Referral,Asia,Desktop,2,118.6,False,0,0,Sunday,19,Aug,False,0.0
S07799,New_Visitor,Direct,South America,Mobile,9,266.4,False,5,1,Saturday,16,Jun,False,0.0
S07800,New_Visitor,Social,Asia,Desktop,8,284.7,False,1,0,Wednesday,16,Dec,False,0.0
S07801,New_Visitor,Paid,North America,Desktop,2,55.5,False,0,0,Friday,10,Dec,False,0.0
S07802,New_Visitor,Paid,South America,Desktop,2,143.9,False,0,0,Tuesday,11,Apr,False,0.0
S07803,Returning_Visitor,Organic,North America,Tablet,2,286.9,False,1,1,Sunday,22,Jun,False,0.0
S07804,New_Visitor,Organic,North America,Desktop,4,29.1,False,2,0,Saturday,19,Dec,False,0.0
S07805,New_Visitor,Paid,Europe,Desktop,3,61.0,False,1,0,Saturday,9,Aug,False,0.0
S07806,New_Visitor,Direct,Europe,Desktop,2,29.8,False,0,0,Tuesday,14,Jun,False,0.0
S07807,Returning_Visitor,Organic,Europe,Mobile,5,840.9,False,3,1,Monday,13,Mar,False,0.0
S07808,Returning_Visitor,Social,North America,Desktop,8,433.2,False,4,1,Friday,13,Jun,False,0.0
S07809,New_Visitor,Organic,North America,Desktop,4,,False,2,0,Monday,13,Sep,False,0.0
S07810,New_Visitor,Organic,North America,Tablet,1,30.4,True,0,0,Saturday,16,Jan,False,0.0
S07811,New_Visitor,Paid,Europe,Mobile,5,192.6,False,2,0,Wednesday,22,Feb,True,0.0
S07812,New_Visitor,Organic,South America,Mobile,14,819.4,False,7,3,Wednesday,20,Jan,False,0.0
S07813,New_Visitor,Organic,Africa,Tablet,4,58.2,False,2,0,Monday,20,Mar,False,0.0
S07814,New_Visitor,Organic,South America,Desktop,1,41.8,True,0,0,Sunday,17,Mar,False,0.0
S07815,New_Visitor,Referral,Europe,Mobile,1,97.0,True,0,0,Sunday,1,Nov,False,0.0
S07816,New_Visitor,Organic,Asia,Desktop,2,129.5,False,1,0,Monday,13,Mar,False,0.0
S07817,New_Visitor,Direct,North America,Mobile,,13.2,False,1,0,Wednesday,14,Sep,True,0.0
S07818,Returning_Visitor,Referral,North America,Desktop,8,1168.2,False,2,0,Wednesday,19,Feb,False,0.0
S07819,Returning_Visitor,Social,Asia,Desktop,3,74.4,False,0,0,Wednesday,21,Aug,True,0.0
S07820,Returning_Visitor,Organic,Asia,Desktop,1,33.2,True,0,0,Sunday,13,Jun,False,0.0
S07821,New_Visitor,Social,South America,Desktop,4,282.9,False,1,0,Saturday,11,Jun,False,0.0
S07822,New_Visitor,Organic,Asia,Mobile,1,37.1,True,0,0,Sunday,11,Nov,False,0.0
S07823,New_Visitor,Referral,North America,Mobile,1,53.2,True,0,0,Sunday,15,Mar,False,0.0
S07824,Returning_Visitor,Direct,Africa,Mobile,5,194.9,False,2,0,Saturday,10,Aug,False,0.0
S07825,New_Visitor,Organic,Asia,Desktop,2,44.1,False,0,0,Friday,21,Nov,False,0.0
S07826,Returning_Visitor,Social,South America,Desktop,1,34.9,True,0,0,Sunday,12,Oct,False,0.0
S07827,Returning_Visitor,Organic,South America,Mobile,3,67.2,False,0,0,Friday,23,Dec,False,0.0
S07828,New_Visitor,Organic,North America,Mobile,4,142.9,False,0,0,Tuesday,8,Jan,False,0.0
S07829,Returning_Visitor,Direct,North America,Desktop,5,67.9,False,1,0,Friday,9,Nov,False,41.38
S07830,New_Visitor,Referral,North America,Mobile,2,7.5,False,0,0,Thursday,14,Aug,False,0.0
S07831,New_Visitor,Organic,North America,Mobile,2,144.0,False,0,0,Sunday,20,Jan,False,0.0
S07832,New_Visitor,Organic,North America,Desktop,3,24.2,False,1,1,Thursday,11,Jul,False,23.9
S07833,New_Visitor,Organic,Europe,Desktop,1,103.7,True,0,0,Monday,19,Oct,False,0.0
S07834,Returning_Visitor,Direct,Africa,Desktop,1,27.1,True,0,0,Tuesday,12,Mar,False,0.0
S07835,New_Visitor,Direct,Africa,Tablet,2,34.3,False,0,0,Sunday,20,Sep,False,0.0
S07836,New_Visitor,Organic,Asia,Desktop,1,31.6,True,0,0,Sunday,10,Feb,False,0.0
S07837,Returning_Visitor,Organic,North America,Desktop,2,19.4,False,0,0,Saturday,13,Nov,False,0.0
S07838,Returning_Visitor,Direct,Europe,Tablet,4,453.7,False,1,1,Monday,10,Aug,True,0.0
S07839,New_Visitor,Social,Asia,Desktop,3,32.8,False,0,0,Monday,10,Jan,False,0.0
S07840,Returning_Visitor,Social,North America,Mobile,5,204.3,False,2,0,Thursday,12,Feb,False,0.0
S07841,Returning_Visitor,Paid,South America,Desktop,3,31.8,False,0,0,Sunday,11,Nov,False,0.0
S07842,New_Visitor,Organic,Africa,Tablet,2,5.6,False,0,0,Sunday,18,Jan,False,0.0
S07843,New_Visitor,Paid,Europe,Mobile,1,95.9,True,0,0,Sunday,18,Apr,False,0.0
S07844,New_Visitor,Direct,Asia,Mobile,4,195.6,False,2,0,Friday,11,Aug,False,0.0
S07845,Returning_Visitor,Paid,North America,Desktop,1,4.9,True,0,0,Saturday,23,Mar,False,0.0
S07846,Returning_Visitor,Organic,Asia,Desktop,2,268.1,False,0,0,Wednesday,22,Apr,True,0.0
S07847,Returning_Visitor,Direct,North America,Mobile,,149.6,False,4,2,Monday,21,Oct,False,0.0
S07848,New_Visitor,Direct,North America,Desktop,1,33.3,True,0,0,Sunday,15,Apr,False,0.0
S07849,New_Visitor,Direct,Asia,Mobile,3,122.9,False,0,0,Tuesday,12,Jan,False,0.0
S07850,New_Visitor,Social,Asia,Mobile,1,15.3,True,0,0,Saturday,11,Oct,False,0.0
S07851,New_Visitor,Social,Asia,Mobile,2,96.0,False,0,0,Friday,1,Dec,False,0.0
S07852,Returning_Visitor,Paid,Europe,Desktop,12,207.1,False,2,1,Tuesday,16,Nov,False,0.0
S07853,Returning_Visitor,Referral,Asia,Mobile,10,1084.8,False,6,0,Tuesday,14,Aug,False,36.11
S07854,New_Visitor,Direct,South America,Mobile,9,944.8,False,4,0,Wednesday,16,Jun,False,0.0
S07855,New_Visitor,Organic,Oceania,Mobile,3,116.7,False,0,0,Saturday,15,Dec,False,0.0
S07856,New_Visitor,Paid,Africa,Mobile,2,91.1,False,0,0,Monday,8,Oct,False,0.0
S07857,New_Visitor,Referral,South America,Desktop,2,593.2,False,1,0,Wednesday,17,Aug,False,0.0
S07858,New_Visitor,Social,Asia,Mobile,1,95.2,True,0,0,Friday,11,Nov,False,0.0
S07859,New_Visitor,Direct,Asia,Tablet,1,3.9,True,0,0,Tuesday,14,Aug,True,0.0
S07860,New_Visitor,Direct,North America,Desktop,1,11.4,True,0,0,Monday,11,Dec,False,0.0
S07861,New_Visitor,Paid,North America,Desktop,2,108.8,False,1,0,Wednesday,2,Nov,False,0.0
S07862,New_Visitor,Organic,South America,Desktop,1,27.9,True,0,0,Tuesday,20,Aug,False,0.0
S07863,New_Visitor,Organic,South America,Mobile,9,879.9,False,3,2,Friday,9,Dec,False,0.0
S07864,Returning_Visitor,Organic,Asia,Mobile,3,184.4,False,1,1,Sunday,15,May,False,0.0
S07865,New_Visitor,Social,Europe,Desktop,1,280.6,True,0,0,Monday,20,Oct,False,0.0
S07866,Returning_Visitor,Organic,North America,Mobile,2,1.6,False,0,0,Sunday,10,Mar,False,0.0
S07867,New_Visitor,Organic,Europe,Mobile,2,69.2,False,0,0,Thursday,12,Dec,False,0.0
S07868,New_Visitor,Organic,Europe,Tablet,6,188.4,False,3,2,Friday,12,Apr,False,0.0
S07869,New_Visitor,Direct,Europe,Mobile,1,34.2,True,0,0,Saturday,7,Dec,False,0.0
S07870,New_Visitor,Direct,Africa,Mobile,2,259.8,False,0,0,Friday,12,Jan,False,0.0
S07871,Returning_Visitor,Organic,North America,Tablet,4,125.0,False,1,0,Monday,13,Sep,False,0.0
S07872,New_Visitor,Paid,Europe,Desktop,,190.9,False,0,0,Monday,3,Mar,False,0.0
S07873,Returning_Visitor,Paid,Europe,Mobile,2,120.2,False,0,0,Saturday,13,Oct,False,0.0
S07874,Returning_Visitor,Organic,Oceania,Mobile,2,80.3,False,1,0,Tuesday,7,Jul,False,0.0
S07875,New_Visitor,Social,Africa,Desktop,5,354.1,False,2,0,Thursday,20,Dec,True,0.0
S07876,New_Visitor,Referral,Europe,Desktop,1,15.6,True,0,0,Wednesday,16,Oct,False,0.0
S07877,Returning_Visitor,Organic,Oceania,Desktop,6,55.3,False,4,0,Wednesday,6,Oct,False,0.0
S07878,New_Visitor,Organic,Europe,Desktop,1,205.0,True,0,0,Saturday,19,Feb,False,0.0
S07879,Returning_Visitor,Direct,North America,Mobile,2,59.6,False,1,0,Saturday,11,Feb,False,0.0
S07880,New_Visitor,Direct,Asia,Mobile,2,43.4,False,1,0,Friday,10,Nov,False,0.0
S07881,New_Visitor,Organic,North America,Desktop,2,37.0,False,1,0,Wednesday,10,Apr,False,0.0
S07882,New_Visitor,Social,Asia,Desktop,1,58.4,True,0,0,Tuesday,15,Nov,False,0.0
S07883,New_Visitor,Direct,Oceania,Mobile,3,1014.5,False,2,1,Thursday,7,Mar,False,0.0
S07884,Returning_Visitor,Referral,South America,Desktop,2,270.3,False,1,0,Saturday,6,May,False,0.0
S07885,New_Visitor,Organic,North America,Desktop,3,92.1,False,1,0,Friday,15,Dec,False,0.0
S07886,Returning_Visitor,Direct,North America,Desktop,3,406.2,False,2,1,Sunday,23,Nov,False,98.0
S07887,New_Visitor,Direct,North America,Desktop,1,36.6,True,0,0,Monday,13,Jan,False,0.0
S07888,New_Visitor,Direct,North America,Desktop,8,55.6,False,5,3,Sunday,12,Jun,False,0.0
S07889,New_Visitor,Social,North America,Desktop,6,74.9,False,4,1,Friday,22,Dec,False,0.0
S07890,New_Visitor,Social,Europe,Mobile,6,100.2,False,2,0,Saturday,10,Jan,False,0.0
S07891,New_Visitor,Direct,Asia,Desktop,3,449.6,False,2,0,Wednesday,10,Feb,False,0.0
S07892,New_Visitor,Referral,South America,Desktop,6,1390.5,False,2,1,Thursday,21,Sep,False,0.0
S07893,Returning_Visitor,Paid,North America,Tablet,3,46.4,False,1,1,Saturday,16,Feb,False,9.66
S07894,New_Visitor,Referral,Europe,Mobile,2,61.9,False,1,0,Saturday,6,Jun,False,0.0
S07895,New_Visitor,Organic,North America,Desktop,5,1197.8,False,3,0,Wednesday,16,Jul,False,0.0
S07896,Returning_Visitor,Referral,North America,Desktop,3,338.1,False,1,0,Wednesday,19,Nov,False,0.0
S07897,Returning_Visitor,Organic,Europe,Mobile,1,35.1,True,0,0,Friday,10,Dec,False,0.0
S07898,New_Visitor,Paid,North America,Mobile,18,650.8,False,8,3,Sunday,12,Jul,False,0.0
S07899,New_Visitor,Direct,Asia,Desktop,2,253.0,False,0,0,Thursday,9,Jul,False,0.0
S07900,Returning_Visitor,Direct,Africa,Desktop,3,5.4,False,1,0,Wednesday,16,Oct,False,0.0
S07901,Returning_Visitor,Organic,Europe,Tablet,2,320.3,False,0,0,Sunday,16,Mar,True,0.0
S07902,New_Visitor,Direct,Asia,Mobile,1,5.6,True,0,0,Friday,7,Dec,False,0.0
S07903,New_Visitor,Paid,North America,Desktop,6,834.1,False,2,0,Wednesday,16,Jan,False,86.34
S07904,Returning_Visitor,Organic,Africa,Desktop,4,15.9,False,3,1,Monday,16,Jan,False,0.0
S07905,New_Visitor,Direct,North America,Desktop,6,1251.8,False,3,0,Saturday,4,Sep,False,0.0
S07906,Returning_Visitor,Paid,North America,Desktop,2,1.0,False,0,0,Wednesday,14,May,True,0.0
S07907,New_Visitor,Direct,North America,Tablet,5,,False,2,0,Monday,15,Jun,False,0.0
S07908,Returning_Visitor,Direct,Europe,Desktop,5,19.2,False,1,0,Friday,12,Apr,False,0.0
S07909,New_Visitor,Referral,Asia,Tablet,2,16.0,False,0,0,Wednesday,20,Jun,False,0.0
S07910,New_Visitor,Direct,Oceania,Desktop,1,197.7,True,0,0,Wednesday,11,Nov,False,0.0
S07911,Returning_Visitor,Organic,South America,Desktop,6,564.9,False,2,1,Thursday,7,Sep,False,0.0
S07912,New_Visitor,Organic,Europe,Desktop,1,109.9,True,0,0,Friday,16,Feb,False,0.0
S07913,New_Visitor,Referral,Asia,Mobile,7,237.2,False,1,0,Tuesday,15,Jan,False,0.0
S07914,New_Visitor,Paid,Asia,Mobile,3,15.0,False,1,0,Monday,23,Jul,True,0.0
S07915,New_Visitor,Organic,South America,Mobile,4,38.7,False,1,1,Wednesday,10,Oct,False,0.0
S07916,New_Visitor,Organic,Asia,Mobile,1,154.4,True,0,0,Monday,12,Sep,False,0.0
S07917,Returning_Visitor,Direct,Asia,Desktop,2,58.2,False,0,0,Friday,13,Nov,False,0.0
S07918,New_Visitor,Social,Asia,Mobile,2,169.1,False,1,0,Sunday,20,Feb,True,0.0
S07919,New_Visitor,Organic,Asia,Desktop,1,70.3,True,0,0,Friday,12,Aug,False,0.0
S07920,New_Visitor,Paid,North America,Mobile,4,154.1,False,2,1,Tuesday,18,Oct,False,0.0
S07921,Returning_Visitor,Organic,North America,Desktop,1,118.2,True,0,0,Tuesday,9,Dec,False,0.0
S07922,Returning_Visitor,Paid,Asia,Desktop,3,191.3,False,2,1,Tuesday,12,Feb,False,0.0
S07923,New_Visitor,Referral,Africa,Mobile,3,242.3,False,1,0,Tuesday,9,Apr,False,0.0
S07924,New_Visitor,Referral,Europe,Desktop,10,1088.0,False,2,0,Wednesday,22,May,False,0.0
S07925,Returning_Visitor,Direct,Oceania,Tablet,7,,False,3,1,Monday,9,Aug,False,0.0
S07926,New_Visitor,Social,North America,Tablet,3,62.5,False,2,0,Sunday,12,Jun,False,0.0
S07927,Returning_Visitor,Organic,Europe,Desktop,6,507.1,False,3,1,Sunday,7,Nov,False,0.0
S07928,Returning_Visitor,Organic,Europe,Desktop,5,530.2,False,1,1,Friday,21,Dec,False,37.57
S07929,Returning_Visitor,Direct,Oceania,Mobile,1,54.6,True,0,0,Monday,15,Feb,False,0.0
S07930,New_Visitor,Paid,North America,Tablet,8,1800.0,False,3,0,Saturday,22,Sep,False,0.0
S07931,Returning_Visitor,Social,Europe,Desktop,4,504.9,False,0,0,Monday,5,Feb,False,0.0
S07932,Returning_Visitor,Direct,North America,Tablet,4,386.9,False,1,0,Monday,9,Dec,False,0.0
S07933,Returning_Visitor,Referral,Europe,Tablet,4,67.6,False,1,0,Wednesday,12,Mar,False,0.0
S07934,New_Visitor,Organic,Africa,Mobile,1,24.3,True,0,0,Thursday,15,Dec,False,0.0
S07935,New_Visitor,Social,Europe,Mobile,1,26.8,True,0,0,Wednesday,11,Jun,False,0.0
S07936,New_Visitor,Social,South America,Desktop,1,5.8,True,0,0,Tuesday,17,Jun,False,0.0
S07937,New_Visitor,Referral,Africa,Mobile,5,394.4,False,1,0,Monday,9,Aug,False,0.0
S07938,Returning_Visitor,Direct,North America,Desktop,3,95.6,False,2,0,Saturday,15,Jun,False,0.0
S07939,New_Visitor,Paid,South America,Desktop,2,116.4,False,1,0,Wednesday,12,Apr,False,0.0
S07940,New_Visitor,Paid,North America,Mobile,1,74.2,True,0,0,Tuesday,14,Sep,False,0.0
S07941,New_Visitor,Referral,North America,Desktop,5,2.5,False,1,0,Thursday,15,Oct,False,13.74
S07942,Returning_Visitor,Direct,Asia,Mobile,2,5.9,False,0,0,Monday,6,Dec,False,0.0
S07943,Returning_Visitor,Referral,Asia,Tablet,3,73.5,False,0,0,Friday,21,Jun,False,0.0
S07944,New_Visitor,Referral,Europe,Desktop,1,63.9,True,0,0,Tuesday,18,Oct,False,0.0
S07945,New_Visitor,Direct,North America,Desktop,2,78.1,False,0,0,Friday,13,Nov,False,0.0
S07946,New_Visitor,Direct,Africa,Mobile,1,167.7,True,0,0,Friday,14,Nov,False,0.0
S07947,Returning_Visitor,Direct,Asia,Desktop,5,89.1,False,1,0,Saturday,4,Jan,False,0.0
S07948,Returning_Visitor,Referral,North America,Mobile,1,6.6,True,0,0,Tuesday,13,May,False,0.0
S07949,Returning_Visitor,Direct,Europe,Desktop,1,7.3,True,0,0,Thursday,12,Jan,False,0.0
S07950,New_Visitor,Organic,North America,Mobile,8,122.4,False,2,0,Sunday,12,Aug,False,0.0
S07951,Returning_Visitor,Social,Europe,Desktop,1,16.2,True,0,0,Saturday,19,Nov,False,0.0
S07952,New_Visitor,Direct,Europe,Desktop,1,28.6,True,0,0,Sunday,9,Nov,False,0.0
S07953,Returning_Visitor,Organic,Europe,Desktop,1,49.8,True,0,0,Sunday,9,Nov,False,0.0
S07954,New_Visitor,Direct,North America,Desktop,6,103.2,False,3,1,Friday,14,May,False,0.0
S07955,Returning_Visitor,Paid,South America,Mobile,4,173.8,False,0,0,Tuesday,16,Jan,False,0.0
S07956,New_Visitor,Social,North America,Mobile,11,428.8,False,6,1,Saturday,2,Mar,True,0.0
S07957,Returning_Visitor,Direct,Asia,Desktop,4,88.7,False,2,0,Friday,14,Sep,False,31.45
S07958,Returning_Visitor,Paid,North America,Desktop,1,34.2,True,0,0,Friday,11,Feb,False,0.0
S07959,New_Visitor,Organic,Europe,Mobile,1,29.0,True,0,0,Friday,18,Feb,False,0.0
S07960,New_Visitor,Paid,North America,Mobile,5,899.0,False,1,0,Friday,13,May,False,0.0
S07961,Returning_Visitor,Organic,Asia,Mobile,7,30.0,False,2,1,Thursday,19,Feb,False,0.0
S07962,New_Visitor,Organic,Europe,Desktop,8,699.2,False,1,0,Wednesday,12,May,False,0.0
S07963,New_Visitor,Direct,North America,Tablet,5,111.1,False,2,2,Monday,19,Dec,False,0.0
S07964,New_Visitor,Direct,North America,Tablet,5,61.5,False,2,0,Sunday,17,Jan,False,0.0
S07965,Returning_Visitor,Direct,Europe,Desktop,4,490.9,False,1,1,Sunday,19,Nov,False,14.46
S07966,New_Visitor,Social,North America,Mobile,4,152.2,False,1,0,Friday,19,Dec,False,0.0
S07967,New_Visitor,Social,Asia,Mobile,1,,True,0,0,Tuesday,13,Jun,False,0.0
S07968,New_Visitor,Direct,Europe,Tablet,,64.5,False,0,0,Monday,12,Dec,False,0.0
S07969,New_Visitor,Direct,Asia,Mobile,2,62.2,False,0,0,Monday,18,Apr,False,0.0
S07970,Returning_Visitor,Organic,Oceania,Tablet,4,283.3,False,2,1,Monday,11,Dec,False,0.0
S07971,Returning_Visitor,Organic,Europe,Desktop,2,171.0,False,1,0,Wednesday,7,Nov,False,0.0
S07972,Returning_Visitor,Referral,South America,Desktop,2,186.7,False,1,0,Tuesday,20,Nov,False,0.0
S07973,New_Visitor,Organic,South America,Mobile,3,134.1,False,0,0,Tuesday,12,Feb,False,0.0
S07974,Returning_Visitor,Social,Africa,Mobile,2,145.3,False,0,0,Friday,8,Nov,False,0.0
S07975,New_Visitor,Direct,North America,Mobile,,90.2,True,0,0,Sunday,16,Dec,False,0.0
S07976,New_Visitor,Organic,South America,Tablet,11,758.9,False,6,0,Tuesday,20,Nov,False,0.0
S07977,Returning_Visitor,Direct,Africa,Mobile,8,103.3,False,0,0,Thursday,20,Feb,False,0.0
S07978,Returning_Visitor,Organic,Europe,Mobile,1,74.6,True,0,0,Sunday,14,Feb,False,0.0
S07979,Returning_Visitor,Direct,Europe,Mobile,3,188.0,False,1,1,Sunday,7,May,False,0.0
S07980,Returning_Visitor,Social,Oceania,Mobile,4,24.3,False,1,0,Wednesday,17,Oct,False,0.0
S07981,New_Visitor,Direct,Asia,Desktop,3,187.0,False,1,0,Wednesday,15,Jan,False,0.0
S07982,New_Visitor,Organic,Europe,Mobile,2,249.6,False,0,0,Tuesday,9,Dec,False,31.73
S07983,Returning_Visitor,Social,South America,Desktop,5,159.9,False,2,0,Tuesday,20,Jul,False,0.0
S07984,New_Visitor,Organic,Europe,Desktop,3,25.8,False,1,0,Thursday,7,May,False,0.0
S07985,New_Visitor,Social,North America,Desktop,1,56.6,True,0,0,Wednesday,12,Aug,False,0.0
S07986,Returning_Visitor,Direct,Europe,Tablet,3,49.2,False,1,0,Saturday,8,Oct,True,0.0
S07987,Returning_Visitor,Direct,Asia,Desktop,1,47.3,True,0,0,Tuesday,21,Apr,False,0.0
S07988,New_Visitor,Paid,South America,Desktop,3,199.2,False,1,0,Saturday,4,Apr,False,0.0
S07989,Returning_Visitor,Social,Europe,Desktop,5,214.2,False,0,0,Tuesday,12,Jul,False,0.0
S07990,Returning_Visitor,Organic,South America,Desktop,2,44.3,False,1,1,Friday,20,Sep,False,0.0
S07991,Returning_Visitor,Organic,Europe,Desktop,1,116.7,True,0,0,Friday,10,Oct,False,0.0
S07992,New_Visitor,Paid,Asia,Desktop,4,35.1,False,1,0,Friday,8,May,False,0.0
S07993,New_Visitor,Organic,North America,Desktop,3,7.9,False,1,0,Tuesday,8,May,False,0.0
S07994,New_Visitor,Direct,Europe,Mobile,1,105.9,True,0,0,Tuesday,12,Jul,False,0.0
S07995,New_Visitor,Social,Africa,Mobile,3,6.3,False,0,0,Tuesday,12,Aug,False,0.0
S07996,New_Visitor,Referral,North America,Desktop,4,160.3,False,3,1,Friday,17,Sep,False,0.0
S07997,New_Visitor,Social,South America,Mobile,3,138.9,False,1,1,Monday,10,Aug,False,0.0
S07998,New_Visitor,Social,North America,Mobile,3,74.3,False,0,0,Thursday,17,May,False,0.0
S07999,Returning_Visitor,Referral,North America,Mobile,2,38.7,False,0,0,Monday,23,Apr,True,0.0
S08000,New_Visitor,Social,North America,Mobile,7,566.2,False,2,0,Wednesday,20,May,True,0.0
S08001,Returning_Visitor,Referral,Asia,Desktop,1,27.4,True,0,0,Friday,16,Sep,False,0.0
S08002,Returning_Visitor,Direct,North America,Mobile,1,7.9,True,0,0,Wednesday,21,Jun,False,0.0
S08003,New_Visitor,Direct,Asia,Desktop,5,186.6,False,2,1,Tuesday,23,Feb,True,0.0
S08004,Returning_Visitor,Social,Asia,Desktop,1,77.8,True,0,0,Friday,15,Jan,False,0.0
S08005,Returning_Visitor,Paid,Europe,Desktop,14,309.4,False,4,3,Saturday,10,Jan,False,0.0
S08006,New_Visitor,Organic,Europe,Mobile,3,25.5,False,0,0,Tuesday,21,Nov,False,0.0
S08007,Returning_Visitor,Direct,Europe,Mobile,5,125.2,False,1,0,Wednesday,19,Jun,False,0.0
S08008,New_Visitor,Paid,Oceania,Desktop,3,141.9,False,0,0,Friday,7,Sep,False,0.0
S08009,Returning_Visitor,Referral,Europe,Mobile,5,32.2,False,3,1,Sunday,21,Dec,True,0.0
S08010,New_Visitor,Organic,North America,Tablet,2,32.1,False,0,0,Tuesday,11,Feb,False,0.0
S08011,Returning_Visitor,Referral,Europe,Desktop,3,636.2,False,0,0,Friday,11,Jun,False,0.0
S08012,New_Visitor,Paid,Asia,Desktop,4,54.8,False,1,1,Sunday,11,Jul,False,0.0
S08013,Returning_Visitor,Social,Asia,Mobile,7,27.6,False,0,0,Thursday,11,Nov,False,0.0
S08014,New_Visitor,Social,Africa,Desktop,1,34.0,True,0,0,Wednesday,14,Dec,False,0.0
S08015,Returning_Visitor,Organic,Africa,Mobile,1,4.6,True,0,0,Friday,15,Oct,False,0.0
S08016,Returning_Visitor,Paid,North America,Mobile,4,3.3,False,1,0,Monday,12,Sep,False,22.96
S08017,New_Visitor,Direct,Europe,Desktop,2,1.9,False,1,0,Wednesday,12,Dec,False,46.41
S08018,Returning_Visitor,Paid,Asia,Desktop,4,84.4,False,1,1,Tuesday,17,Nov,False,0.0
S08019,New_Visitor,Direct,Africa,Desktop,1,4.6,True,0,0,Tuesday,0,Nov,False,0.0
S08020,Returning_Visitor,Organic,Europe,Mobile,3,38.6,False,2,1,Tuesday,22,Jan,False,0.0
S08021,New_Visitor,Direct,Europe,Desktop,2,125.4,False,0,0,Saturday,17,Jul,False,0.0
S08022,Returning_Visitor,Organic,Africa,Mobile,,20.4,True,0,0,Sunday,17,Oct,False,0.0
S08023,Returning_Visitor,Social,Europe,Desktop,8,411.3,False,3,2,Wednesday,12,Mar,False,0.0
S08024,New_Visitor,Paid,Europe,Desktop,5,159.0,False,1,0,Monday,22,Oct,False,0.0
S08025,New_Visitor,Referral,Africa,Mobile,5,648.1,False,3,1,Friday,0,Jan,False,0.0
S08026,New_Visitor,Paid,South America,Mobile,4,286.1,False,2,1,Thursday,7,Aug,False,17.21
S08027,Returning_Visitor,Direct,North America,Mobile,1,114.8,True,0,0,Saturday,19,Nov,False,0.0
S08028,New_Visitor,Social,Europe,Desktop,3,131.7,False,2,0,Friday,17,Jun,False,0.0
S08029,New_Visitor,Social,Europe,Desktop,5,455.9,False,2,0,Sunday,10,Oct,False,0.0
S08030,Returning_Visitor,Social,Africa,Mobile,1,57.4,True,0,0,Monday,15,Jul,False,0.0
S08031,New_Visitor,Direct,Oceania,Mobile,3,245.2,False,1,1,Tuesday,14,Sep,True,0.0
S08032,Returning_Visitor,Referral,South America,Mobile,8,553.9,False,3,1,Wednesday,14,Jul,False,0.0
S08033,New_Visitor,Social,Europe,Desktop,5,107.2,False,2,1,Thursday,15,Jul,False,0.0
S08034,New_Visitor,Organic,North America,Desktop,3,24.1,False,1,0,Sunday,23,Nov,False,0.0
S08035,Returning_Visitor,Social,Asia,Mobile,2,197.1,False,0,0,Sunday,23,Feb,False,0.0
S08036,New_Visitor,Paid,Europe,Tablet,4,19.3,False,1,0,Sunday,23,Aug,False,0.0
S08037,New_Visitor,Direct,Asia,Tablet,4,223.0,False,2,0,Tuesday,14,Feb,False,0.0
S08038,Returning_Visitor,Social,Asia,Mobile,4,1077.6,False,3,1,Saturday,11,Aug,False,0.0
S08039,New_Visitor,Social,Europe,Desktop,5,60.5,False,3,1,Wednesday,14,Dec,False,0.0
S08040,Returning_Visitor,Referral,Oceania,Mobile,1,81.6,True,0,0,Sunday,15,Jan,False,0.0
S08041,Returning_Visitor,Direct,North America,Tablet,3,551.0,False,0,0,Tuesday,11,Jun,False,0.0
S08042,New_Visitor,Paid,Asia,Desktop,3,123.1,False,1,0,Monday,16,Nov,False,0.0
S08043,New_Visitor,Direct,Europe,Desktop,1,51.1,True,0,0,Saturday,15,May,False,0.0
S08044,Returning_Visitor,Organic,Asia,Mobile,1,27.5,True,0,0,Friday,21,Jul,False,0.0
S08045,New_Visitor,Social,Asia,Desktop,2,70.0,False,1,0,Saturday,10,Feb,False,26.65
S08046,New_Visitor,Referral,North America,Mobile,1,59.7,True,0,0,Tuesday,17,Apr,False,0.0
S08047,Returning_Visitor,Social,North America,Tablet,1,123.1,True,0,0,Sunday,13,Sep,False,0.0
S08048,New_Visitor,Organic,North America,Tablet,,547.8,False,0,0,Friday,8,Nov,False,0.0
S08049,Returning_Visitor,Organic,North America,Tablet,3,141.0,False,0,0,Friday,11,Sep,False,0.0
S08050,New_Visitor,Paid,Asia,Mobile,1,91.5,True,0,0,Friday,6,Nov,False,0.0
S08051,New_Visitor,Organic,North America,Desktop,9,720.1,False,3,0,Saturday,11,Aug,False,45.64
S08052,New_Visitor,Social,Europe,Mobile,2,34.0,False,0,0,Wednesday,7,Nov,False,0.0
S08053,Returning_Visitor,Social,North America,Desktop,4,148.7,False,1,0,Monday,21,Dec,False,0.0
S08054,Returning_Visitor,Social,Asia,Desktop,1,69.0,True,0,0,Thursday,8,Feb,False,0.0
S08055,Returning_Visitor,Organic,Asia,Mobile,2,16.6,False,0,0,Saturday,19,Jul,False,0.0
S08056,New_Visitor,Referral,Europe,Desktop,3,387.7,False,0,0,Tuesday,21,Mar,False,0.0
S08057,New_Visitor,Paid,Asia,Desktop,2,61.8,False,1,0,Tuesday,13,Jul,False,0.0
S08058,New_Visitor,Direct,South America,Desktop,1,36.3,True,0,0,Friday,6,Jul,False,0.0
S08059,New_Visitor,Direct,North America,Tablet,1,122.3,True,0,0,Tuesday,15,Sep,False,0.0
S08060,Returning_Visitor,Direct,Asia,Desktop,2,22.7,False,0,0,Tuesday,10,Jun,False,0.0
S08061,Returning_Visitor,Organic,Europe,Desktop,1,2.2,True,0,0,Sunday,9,May,False,0.0
S08062,New_Visitor,Paid,North America,Tablet,1,20.2,True,0,0,Tuesday,14,Jan,True,0.0
S08063,Returning_Visitor,Paid,Europe,Mobile,4,39.1,False,2,1,Wednesday,11,Jan,False,0.0
S08064,New_Visitor,Paid,North America,Desktop,1,254.4,True,0,0,Wednesday,17,Mar,False,0.0
S08065,Returning_Visitor,Referral,South America,Mobile,,50.1,True,0,0,Thursday,15,Jun,False,0.0
S08066,New_Visitor,Social,North America,Desktop,1,49.9,True,0,0,Wednesday,19,Jun,False,0.0
S08067,New_Visitor,Organic,North America,Desktop,14,1327.6,False,5,1,Sunday,6,Mar,False,0.0
S08068,New_Visitor,Referral,Europe,Tablet,1,17.9,True,0,0,Friday,10,Nov,False,0.0
S08069,New_Visitor,Referral,Asia,Desktop,2,88.7,False,0,0,Wednesday,14,Sep,False,0.0
S08070,Returning_Visitor,Paid,Asia,Mobile,3,27.6,False,2,0,Wednesday,20,May,False,0.0
S08071,New_Visitor,Social,North America,Mobile,11,64.8,False,3,1,Thursday,19,Nov,False,0.0
S08072,New_Visitor,Paid,South America,Desktop,7,243.3,False,2,0,Monday,16,Dec,False,0.0
S08073,Returning_Visitor,Paid,Oceania,Mobile,1,146.4,True,0,0,Sunday,15,Apr,True,0.0
S08074,Returning_Visitor,Paid,Europe,Desktop,1,34.9,True,0,0,Tuesday,16,May,False,0.0
S08075,Returning_Visitor,Organic,South America,Desktop,2,72.1,False,1,0,Friday,9,Dec,False,0.0
S08076,New_Visitor,Social,Europe,Mobile,1,120.2,True,0,0,Saturday,15,Feb,False,0.0
S08077,Returning_Visitor,Referral,North America,Desktop,7,141.5,False,4,1,Saturday,13,Feb,False,30.45
S08078,Returning_Visitor,Direct,Europe,Mobile,4,161.5,False,2,1,Tuesday,12,Jul,False,0.0
S08079,New_Visitor,Organic,North America,Desktop,9,97.0,False,0,0,Thursday,20,Jul,False,0.0
S08080,New_Visitor,Referral,Oceania,Mobile,3,337.0,False,0,0,Monday,19,Feb,False,0.0
S08081,New_Visitor,Direct,North America,Mobile,2,4.5,False,0,0,Saturday,7,Apr,False,36.14
S08082,New_Visitor,Direct,Asia,Desktop,3,95.9,False,1,0,Thursday,23,Jun,False,0.0
S08083,New_Visitor,Referral,North America,Tablet,1,19.4,True,0,0,Tuesday,10,Nov,False,0.0
S08084,New_Visitor,Paid,Asia,Mobile,2,35.7,False,1,0,Friday,10,Oct,False,0.0
S08085,Returning_Visitor,Social,North America,Tablet,20,336.0,False,5,0,Wednesday,21,Dec,False,0.0
S08086,Returning_Visitor,Direct,South America,Desktop,4,110.7,False,0,0,Monday,13,May,False,0.0
S08087,Returning_Visitor,Direct,North America,Tablet,1,139.1,True,0,0,Thursday,19,May,False,0.0
S08088,Returning_Visitor,Organic,Africa,Mobile,4,296.1,False,1,0,Tuesday,10,Jul,False,0.0
S08089,New_Visitor,Direct,South America,Mobile,1,132.1,True,0,0,Sunday,20,Jan,False,0.0
S08090,Returning_Visitor,Organic,Asia,Tablet,2,26.2,False,1,1,Wednesday,19,Mar,False,0.0
S08091,Returning_Visitor,Paid,North America,Mobile,5,567.4,False,2,1,Friday,14,Mar,False,0.0
S08092,New_Visitor,Referral,North America,Tablet,1,33.7,True,0,0,Sunday,17,Jan,False,0.0
S08093,Returning_Visitor,Organic,Africa,Mobile,2,476.0,False,1,0,Wednesday,22,Jun,False,0.0
S08094,Returning_Visitor,Direct,North America,Mobile,1,54.0,True,0,0,Wednesday,13,Dec,False,0.0
S08095,New_Visitor,Direct,North America,Desktop,7,280.6,False,3,2,Tuesday,13,Jan,True,0.0
S08096,Returning_Visitor,Direct,Europe,Desktop,1,155.6,True,0,0,Sunday,17,Sep,False,0.0
S08097,New_Visitor,Organic,North America,Mobile,3,86.4,False,2,0,Saturday,12,Nov,False,0.0
S08098,New_Visitor,Paid,North America,Tablet,1,82.9,True,0,0,Tuesday,22,Feb,True,0.0
S08099,New_Visitor,Organic,Asia,Mobile,3,115.4,False,2,0,Wednesday,5,Dec,False,0.0
S08100,Returning_Visitor,Organic,Europe,Mobile,1,79.4,True,0,0,Sunday,12,Nov,False,0.0
S08101,Returning_Visitor,Organic,North America,Mobile,5,96.8,False,4,0,Thursday,17,Mar,False,0.0
S08102,Returning_Visitor,Referral,Europe,Desktop,4,125.3,False,1,0,Thursday,12,Dec,False,0.0
S08103,New_Visitor,Organic,Europe,Desktop,1,25.4,True,0,0,Friday,10,Nov,False,0.0
S08104,New_Visitor,Organic,Asia,Desktop,9,1096.9,False,3,0,Saturday,12,Feb,False,0.0
S08105,Returning_Visitor,Direct,North America,Desktop,7,1108.3,False,3,1,Sunday,20,Nov,False,0.0
S08106,Returning_Visitor,Referral,Asia,Mobile,2,159.6,False,1,0,Saturday,14,Aug,False,0.0
S08107,New_Visitor,Organic,Europe,Mobile,2,206.8,False,1,0,Sunday,11,Nov,True,0.0
S08108,New_Visitor,Direct,Europe,Desktop,3,78.6,False,0,0,Saturday,16,Aug,True,0.0
S08109,Returning_Visitor,Direct,North America,Desktop,3,29.4,False,1,0,Monday,15,Jun,False,0.0
S08110,Returning_Visitor,Organic,North America,Desktop,2,139.2,False,0,0,Monday,14,Aug,False,0.0
S08111,New_Visitor,Direct,South America,Desktop,5,304.3,False,1,1,Sunday,12,Sep,False,0.0
S08112,New_Visitor,Organic,Europe,Mobile,1,18.4,True,0,0,Monday,7,Oct,False,0.0
S08113,Returning_Visitor,Organic,Asia,Desktop,2,292.2,False,0,0,Saturday,15,Nov,False,0.0
S08114,Returning_Visitor,Direct,Oceania,Desktop,3,79.6,False,1,0,Saturday,12,Sep,True,0.0
S08115,New_Visitor,Organic,Asia,Tablet,5,506.6,False,1,0,Wednesday,12,Dec,False,0.0
S08116,New_Visitor,Organic,Europe,Desktop,7,58.1,False,2,1,Wednesday,10,Oct,False,0.0
S08117,Returning_Visitor,Direct,North America,Mobile,1,20.3,True,0,0,Tuesday,10,Dec,False,0.0
S08118,New_Visitor,Paid,Oceania,Mobile,1,57.2,True,0,0,Monday,18,May,False,0.0
S08119,New_Visitor,Social,Asia,Desktop,2,33.2,False,1,0,Saturday,13,May,False,0.0
S08120,New_Visitor,Social,Asia,Mobile,2,376.2,False,1,0,Monday,8,May,False,0.0
S08121,New_Visitor,Paid,Europe,Mobile,6,288.7,False,3,1,Sunday,6,Jun,False,0.0
S08122,Returning_Visitor,Paid,South America,Desktop,1,78.9,True,0,0,Wednesday,10,Dec,False,0.0
S08123,New_Visitor,Social,Asia,Desktop,4,197.9,False,0,0,Saturday,13,Feb,False,0.0
S08124,Returning_Visitor,Referral,North America,Mobile,1,31.3,True,0,0,Monday,15,Jul,True,0.0
S08125,New_Visitor,Direct,Asia,Desktop,7,725.3,False,2,0,Thursday,8,Mar,False,0.0
S08126,New_Visitor,Organic,Europe,Desktop,2,2.7,False,1,0,Wednesday,12,Nov,False,60.0
S08127,New_Visitor,Referral,North America,Desktop,3,100.2,False,1,0,Monday,7,Jan,False,0.0
S08128,Returning_Visitor,Paid,South America,Desktop,2,255.6,False,0,0,Friday,5,Jun,True,0.0
S08129,Returning_Visitor,Direct,North America,Mobile,2,10.7,False,0,0,Sunday,20,Jun,False,0.0
S08130,New_Visitor,Social,Europe,Mobile,3,41.9,False,1,1,Monday,16,Feb,False,0.0
S08131,Returning_Visitor,Direct,Europe,Mobile,5,970.4,False,2,0,Tuesday,18,May,False,0.0
S08132,Returning_Visitor,Direct,Europe,Desktop,1,191.6,True,0,0,Friday,9,Nov,False,0.0
S08133,Returning_Visitor,Direct,Europe,Tablet,2,58.2,False,0,0,Sunday,11,Feb,False,0.0
S08134,New_Visitor,Direct,Oceania,Mobile,4,334.9,False,1,1,Tuesday,13,Dec,False,0.0
S08135,Returning_Visitor,Direct,Europe,Mobile,3,176.9,False,1,0,Monday,16,Jan,False,0.0
S08136,New_Visitor,Social,North America,Desktop,5,203.8,False,0,0,Monday,14,Apr,False,0.0
S08137,New_Visitor,Paid,Asia,Mobile,7,706.3,False,1,0,Tuesday,14,Oct,False,0.0
S08138,Returning_Visitor,Paid,North America,Tablet,1,63.1,True,0,0,Monday,9,May,False,0.0
S08139,New_Visitor,Organic,North America,Desktop,4,22.9,False,0,0,Wednesday,13,Jul,False,0.0
S08140,New_Visitor,Paid,North America,Mobile,2,219.6,False,0,0,Thursday,19,Mar,False,0.0
S08141,New_Visitor,Direct,North America,Mobile,2,38.5,False,1,1,Thursday,14,Oct,False,0.0
S08142,Returning_Visitor,Direct,Europe,Desktop,3,180.4,False,0,0,Monday,9,Mar,False,0.0
S08143,Returning_Visitor,Social,Europe,Mobile,1,89.6,True,0,0,Thursday,12,Nov,False,0.0
S08144,New_Visitor,Direct,North America,Desktop,2,273.5,False,1,1,Monday,18,Jul,False,10.9
S08145,Returning_Visitor,Organic,South America,Mobile,12,1800.0,False,4,1,Tuesday,8,Aug,False,93.6
S08146,New_Visitor,Direct,North America,Tablet,1,156.1,True,0,0,Wednesday,15,Dec,False,0.0
S08147,New_Visitor,Social,Africa,Tablet,1,64.2,True,0,0,Monday,22,Oct,False,0.0
S08148,Returning_Visitor,Direct,Asia,Mobile,6,352.3,False,1,0,Saturday,12,Oct,False,0.0
S08149,New_Visitor,Referral,North America,Mobile,2,1.8,False,1,0,Tuesday,5,Nov,False,0.0
S08150,New_Visitor,Referral,Oceania,Mobile,4,21.2,False,2,1,Saturday,16,Feb,True,0.0
S08151,New_Visitor,Social,Europe,Mobile,2,59.8,False,0,0,Thursday,6,Oct,True,0.0
S08152,Returning_Visitor,Paid,Europe,Desktop,1,94.5,True,0,0,Thursday,9,Apr,False,0.0
S08153,New_Visitor,Direct,North America,Desktop,1,53.8,True,0,0,Friday,6,Apr,False,0.0
S08154,Returning_Visitor,Organic,Asia,Mobile,1,16.1,True,0,0,Monday,9,Jan,False,0.0
S08155,Returning_Visitor,Direct,Europe,Desktop,1,7.9,True,0,0,Monday,20,Dec,False,0.0
S08156,New_Visitor,Direct,North America,Tablet,1,37.9,True,0,0,Wednesday,17,Oct,False,0.0
S08157,Returning_Visitor,Social,North America,Mobile,6,878.8,False,3,3,Wednesday,11,Feb,False,0.0
S08158,New_Visitor,Organic,Asia,Desktop,3,9.8,False,1,0,Wednesday,20,May,False,0.0
S08159,New_Visitor,Direct,North America,Desktop,2,74.5,False,0,0,Friday,16,Jul,False,0.0
S08160,Returning_Visitor,Social,North America,Tablet,2,7.3,False,1,0,Monday,13,Jul,False,0.0
S08161,Returning_Visitor,Referral,Europe,Tablet,10,172.7,False,2,0,Sunday,7,Aug,False,0.0
S08162,New_Visitor,Social,South America,Desktop,1,184.5,True,0,0,Tuesday,17,Jul,False,0.0
S08163,New_Visitor,Social,North America,Mobile,7,46.4,False,3,2,Tuesday,12,Sep,False,0.0
S08164,New_Visitor,Social,North America,Mobile,5,15.7,False,1,0,Sunday,11,Nov,False,0.0
S08165,New_Visitor,Referral,South America,Mobile,3,16.4,False,0,0,Monday,10,Jun,False,0.0
S08166,New_Visitor,Direct,North America,Mobile,3,211.8,False,0,0,Sunday,0,Nov,False,0.0
S08167,New_Visitor,Paid,Asia,Desktop,2,1.5,False,0,0,Monday,17,Mar,False,0.0
S08168,Returning_Visitor,Referral,Oceania,Mobile,2,60.0,False,0,0,Monday,8,Feb,False,0.0
S08169,New_Visitor,Organic,South America,Desktop,5,919.5,False,3,1,Tuesday,14,Apr,False,0.0
S08170,New_Visitor,Organic,North America,Desktop,5,21.4,False,3,2,Thursday,1,Mar,True,0.0
S08171,Returning_Visitor,Referral,Europe,Desktop,3,484.1,False,1,1,Thursday,15,Dec,False,19.17
S08172,Returning_Visitor,Paid,North America,Desktop,5,37.5,False,2,0,Monday,12,Jun,False,0.0
S08173,New_Visitor,Organic,Oceania,Mobile,5,41.0,False,1,1,Monday,16,Sep,False,0.0
S08174,New_Visitor,Organic,Oceania,Desktop,2,111.4,False,0,0,Monday,7,Sep,False,0.0
S08175,Returning_Visitor,Paid,North America,Mobile,3,50.3,False,1,1,Tuesday,10,Jun,False,0.0
S08176,New_Visitor,Paid,Asia,Mobile,2,0.4,False,0,0,Sunday,8,Apr,False,0.0
S08177,New_Visitor,Organic,South America,Tablet,1,83.1,True,0,0,Wednesday,16,Jun,False,0.0
S08178,Returning_Visitor,Direct,North America,Mobile,,111.2,False,2,1,Saturday,8,Jul,False,0.0
S08179,New_Visitor,Referral,North America,Tablet,3,429.7,False,1,0,Tuesday,15,Dec,False,0.0
S08180,New_Visitor,Direct,North America,Desktop,1,19.6,True,0,0,Monday,8,Aug,False,0.0
S08181,New_Visitor,Paid,Europe,Mobile,1,66.4,True,0,0,Thursday,21,Dec,False,0.0
S08182,New_Visitor,Organic,Africa,Desktop,1,23.7,True,0,0,Saturday,12,Aug,False,0.0
S08183,New_Visitor,Organic,Africa,Mobile,6,57.8,False,2,0,Sunday,8,Mar,False,0.0
S08184,Returning_Visitor,Organic,North America,Desktop,1,220.9,True,0,0,Thursday,5,Jun,True,0.0
S08185,New_Visitor,Organic,North America,Mobile,2,106.5,False,1,1,Wednesday,11,Nov,False,16.23
S08186,New_Visitor,Organic,Europe,Desktop,1,109.9,True,0,0,Monday,20,Jun,False,0.0
S08187,New_Visitor,Organic,South America,Desktop,1,,True,0,0,Friday,8,Feb,False,0.0
S08188,Returning_Visitor,Social,Asia,Mobile,5,149.9,False,1,0,Tuesday,18,Feb,False,0.0
S08189,New_Visitor,Organic,Europe,Tablet,6,233.3,False,2,0,Saturday,12,Apr,False,0.0
S08190,New_Visitor,Paid,Asia,Desktop,3,178.8,False,0,0,Friday,19,Aug,False,0.0
S08191,Returning_Visitor,Direct,North America,Tablet,6,180.8,False,2,0,Saturday,20,Nov,False,0.0
S08192,New_Visitor,Referral,Europe,Desktop,6,102.3,False,2,1,Thursday,23,Jul,False,0.0
S08193,New_Visitor,Organic,Oceania,Mobile,1,12.6,True,0,0,Saturday,7,Oct,False,0.0
S08194,New_Visitor,Organic,North America,Tablet,4,219.5,False,1,0,Wednesday,18,Sep,False,0.0
S08195,New_Visitor,Referral,Europe,Desktop,5,85.4,False,2,1,Thursday,7,Jul,False,30.46
S08196,New_Visitor,Referral,North America,Desktop,3,90.9,False,1,1,Monday,11,Mar,False,0.0
S08197,Returning_Visitor,Social,Europe,Desktop,5,10.6,False,1,0,Friday,16,Nov,False,0.0
S08198,New_Visitor,Social,Asia,Desktop,3,53.3,False,1,1,Thursday,13,Apr,False,0.0
S08199,Returning_Visitor,Referral,Asia,Mobile,2,79.2,False,1,0,Saturday,14,Apr,True,0.0
S08200,New_Visitor,Direct,Africa,Mobile,4,381.6,False,2,1,Saturday,22,Apr,False,0.0
S08201,New_Visitor,Paid,Europe,Tablet,3,84.0,False,1,1,Friday,19,Feb,False,0.0
S08202,New_Visitor,Referral,Europe,Desktop,3,63.0,False,1,0,Monday,11,Jul,True,17.41
S08203,Returning_Visitor,Paid,North America,Mobile,1,43.5,True,0,0,Sunday,15,May,False,0.0
S08204,New_Visitor,Social,South America,Desktop,1,3.1,True,0,0,Monday,6,Jul,False,0.0
S08205,Returning_Visitor,Organic,North America,Tablet,6,157.2,False,3,3,Saturday,13,Jun,False,0.0
S08206,New_Visitor,Direct,South America,Desktop,2,17.4,False,0,0,Thursday,15,Jul,False,0.0
S08207,New_Visitor,Referral,North America,Tablet,1,17.5,True,0,0,Saturday,17,Apr,False,0.0
S08208,New_Visitor,Social,North America,Mobile,1,29.7,True,0,0,Thursday,20,Nov,False,0.0
S08209,New_Visitor,Referral,North America,Mobile,1,3.6,True,0,0,Friday,10,Jul,False,0.0
S08210,New_Visitor,Social,Oceania,Desktop,2,191.5,False,1,1,Wednesday,21,Mar,False,0.0
S08211,New_Visitor,Organic,Europe,Tablet,13,250.5,False,3,2,Saturday,16,Dec,True,27.74
S08212,Returning_Visitor,Organic,North America,Mobile,6,95.4,False,2,0,Tuesday,7,Feb,False,0.0
S08213,New_Visitor,Organic,North America,Mobile,1,25.3,True,0,0,Friday,12,Oct,False,0.0
S08214,Returning_Visitor,Referral,Europe,Mobile,5,137.6,False,1,0,Tuesday,13,Sep,False,0.0
S08215,New_Visitor,Referral,North America,Desktop,3,301.5,False,0,0,Saturday,11,Feb,False,0.0
S08216,New_Visitor,Direct,Europe,Desktop,1,20.1,True,0,0,Wednesday,8,Dec,False,0.0
S08217,Returning_Visitor,Referral,North America,Mobile,5,185.2,False,3,0,Tuesday,14,May,False,0.0
S08218,New_Visitor,Organic,Europe,Desktop,1,41.4,True,0,0,Saturday,8,Oct,False,0.0
S08219,New_Visitor,Organic,North America,Mobile,4,87.5,False,1,0,Saturday,21,Apr,False,0.0
S08220,Returning_Visitor,Social,Europe,Mobile,7,642.3,False,2,1,Friday,20,Jul,False,0.0
S08221,Returning_Visitor,Direct,Asia,Desktop,7,410.8,False,2,1,Sunday,13,Dec,False,18.61
S08222,New_Visitor,Referral,North America,Mobile,5,383.0,False,2,0,Tuesday,7,Aug,False,0.0
S08223,New_Visitor,Social,Europe,Mobile,9,30.3,False,3,1,Tuesday,14,Apr,False,0.0
S08224,Returning_Visitor,Paid,Europe,Mobile,4,410.9,False,2,0,Wednesday,15,Jun,False,0.0
S08225,New_Visitor,Organic,North America,Mobile,4,66.0,False,3,2,Wednesday,20,Sep,False,0.0
S08226,Returning_Visitor,Direct,Asia,Desktop,,5.8,True,0,0,Wednesday,7,Jun,False,0.0
S08227,New_Visitor,Social,Asia,Tablet,1,64.9,True,0,0,Friday,17,Dec,False,0.0
S08228,New_Visitor,Social,Asia,Desktop,5,73.8,False,2,0,Tuesday,14,Nov,False,0.0
S08229,Returning_Visitor,Social,North America,Tablet,18,563.5,False,5,2,Tuesday,9,Mar,False,25.45
S08230,New_Visitor,Organic,North America,Desktop,4,295.4,False,1,1,Friday,8,Oct,False,0.0
S08231,New_Visitor,Organic,North America,Desktop,3,19.5,False,1,0,Tuesday,17,Dec,False,0.0
S08232,New_Visitor,Referral,Europe,Mobile,1,8.2,True,0,0,Wednesday,11,May,False,0.0
S08233,Returning_Visitor,Social,Europe,Desktop,9,590.4,False,3,0,Monday,23,Apr,True,0.0
S08234,Returning_Visitor,Direct,Europe,Tablet,4,143.3,False,1,0,Sunday,20,Jan,False,0.0
S08235,New_Visitor,Organic,South America,Desktop,3,45.0,False,1,1,Wednesday,14,Feb,False,0.0
S08236,New_Visitor,Social,North America,Desktop,6,261.1,False,3,1,Saturday,16,Dec,False,0.0
S08237,Returning_Visitor,Organic,Oceania,Desktop,10,578.4,False,2,1,Thursday,9,Jun,False,77.27
S08238,Returning_Visitor,Organic,North America,Desktop,2,62.3,False,0,0,Tuesday,20,Jun,False,0.0
S08239,Returning_Visitor,Organic,South America,Mobile,3,34.2,False,2,1,Tuesday,13,Apr,False,0.0
S08240,New_Visitor,Direct,Europe,Mobile,1,62.6,True,0,0,Friday,14,Mar,False,0.0
S08241,Returning_Visitor,Referral,Africa,Desktop,10,77.5,False,5,0,Sunday,20,Jul,False,0.0
S08242,Returning_Visitor,Direct,North America,Desktop,1,63.6,True,0,0,Tuesday,0,Oct,False,0.0
S08243,New_Visitor,Organic,Europe,Desktop,8,151.6,False,2,0,Monday,13,Aug,False,0.0
S08244,New_Visitor,Organic,Europe,Desktop,1,0.1,True,0,0,Wednesday,15,Jan,False,0.0
S08245,New_Visitor,Organic,Oceania,Mobile,8,301.0,False,1,0,Wednesday,9,Nov,False,0.0
S08246,Returning_Visitor,Referral,Oceania,Mobile,2,44.5,False,1,0,Saturday,7,Dec,False,0.0
S08247,New_Visitor,Organic,North America,Mobile,3,46.9,False,1,1,Thursday,14,Jun,False,0.0
S08248,Returning_Visitor,Referral,Asia,Tablet,1,41.4,True,0,0,Monday,14,May,False,0.0
S08249,Returning_Visitor,Organic,Europe,Tablet,2,49.3,False,1,0,Sunday,11,Apr,False,0.0
S08250,Returning_Visitor,Organic,North America,Mobile,3,62.9,False,1,1,Wednesday,20,May,True,0.0
S08251,Returning_Visitor,Organic,North America,Desktop,1,86.3,True,0,0,Friday,11,Sep,False,0.0
S08252,Returning_Visitor,Organic,Oceania,Tablet,4,20.8,False,1,0,Friday,14,Oct,True,0.0
S08253,New_Visitor,Referral,Europe,Mobile,6,182.6,False,2,0,Monday,9,May,True,0.0
S08254,Returning_Visitor,Direct,North America,Desktop,1,17.0,True,0,0,Monday,1,May,True,0.0
S08255,New_Visitor,Social,North America,Mobile,3,60.5,False,2,1,Monday,12,Jun,False,0.0
S08256,Returning_Visitor,Organic,North America,Tablet,1,35.0,True,0,0,Sunday,14,Mar,False,0.0
S08257,New_Visitor,Organic,Europe,Mobile,7,1075.0,False,2,1,Saturday,18,Dec,False,0.0
S08258,Returning_Visitor,Direct,Europe,Desktop,1,64.6,True,0,0,Monday,13,Oct,False,0.0
S08259,Returning_Visitor,Social,Europe,Tablet,1,12.9,True,0,0,Friday,10,Jun,False,0.0
S08260,Returning_Visitor,Direct,North America,Tablet,6,305.9,False,2,0,Friday,15,Feb,False,0.0
S08261,New_Visitor,Direct,Europe,Desktop,2,20.0,False,1,0,Monday,12,Nov,False,0.0
S08262,New_Visitor,Direct,North America,Tablet,1,129.9,True,0,0,Wednesday,10,Jul,False,0.0
S08263,Returning_Visitor,Organic,Africa,Tablet,4,132.3,False,1,0,Friday,21,Nov,False,0.0
S08264,New_Visitor,Paid,North America,Desktop,4,717.4,False,1,0,Tuesday,14,Jan,False,0.0
S08265,Returning_Visitor,Direct,South America,Mobile,3,195.4,False,0,0,Saturday,9,Apr,False,0.0
S08266,New_Visitor,Social,Europe,Desktop,2,215.2,False,0,0,Friday,16,Sep,False,0.0
S08267,Returning_Visitor,Referral,Europe,Mobile,2,23.7,False,0,0,Monday,19,Jul,False,0.0
S08268,New_Visitor,Direct,North America,Tablet,10,1158.3,False,2,1,Saturday,18,Apr,False,0.0
S08269,Returning_Visitor,Organic,Asia,Mobile,3,37.8,False,1,0,Monday,15,Mar,False,78.7
S08270,Returning_Visitor,Referral,South America,Desktop,2,448.4,False,0,0,Sunday,14,May,False,0.0
S08271,New_Visitor,Organic,North America,Tablet,4,78.8,False,1,0,Wednesday,18,Oct,False,0.0
S08272,New_Visitor,Direct,North America,Tablet,1,69.1,True,0,0,Friday,17,Mar,False,0.0
S08273,New_Visitor,Referral,Asia,Desktop,,94.9,False,1,1,Saturday,15,Aug,False,0.0
S08274,Returning_Visitor,Social,North America,Tablet,1,39.1,True,0,0,Tuesday,16,Jun,False,0.0
S08275,New_Visitor,Referral,Asia,Desktop,4,134.3,False,1,0,Wednesday,9,Oct,False,0.0
S08276,Returning_Visitor,Referral,North America,Desktop,3,87.1,False,1,0,Thursday,2,Mar,False,0.0
S08277,New_Visitor,Organic,Asia,Mobile,5,108.4,False,2,1,Friday,21,Apr,False,0.0
S08278,New_Visitor,Direct,Europe,Mobile,2,109.1,False,1,1,Wednesday,21,Jun,False,0.0
S08279,New_Visitor,Organic,North America,Mobile,1,248.9,True,0,0,Sunday,18,Mar,False,0.0
S08280,New_Visitor,Social,Asia,Desktop,1,66.9,True,0,0,Saturday,12,Jul,False,0.0
S08281,New_Visitor,Paid,Europe,Desktop,7,594.1,False,3,0,Tuesday,9,Jun,False,0.0
S08282,Returning_Visitor,Organic,North America,Tablet,1,,True,0,0,Friday,11,Dec,False,0.0
S08283,Returning_Visitor,Organic,Europe,Desktop,3,130.5,False,0,0,Thursday,17,Aug,False,0.0
S08284,New_Visitor,Direct,Europe,Desktop,1,101.9,True,0,0,Sunday,11,Jan,True,0.0
S08285,Returning_Visitor,Paid,North America,Mobile,1,23.4,True,0,0,Wednesday,18,Jun,False,0.0
S08286,Returning_Visitor,Referral,Oceania,Mobile,1,19.1,True,0,0,Tuesday,16,Nov,False,0.0
S08287,New_Visitor,Organic,Asia,Desktop,12,348.7,False,6,2,Monday,16,Nov,False,0.0
S08288,New_Visitor,Paid,North America,Desktop,1,51.9,True,0,0,Sunday,21,Dec,False,0.0
S08289,New_Visitor,Social,South America,Tablet,1,0.0,True,0,0,Wednesday,20,Dec,False,0.0
S08290,New_Visitor,Organic,Europe,Tablet,2,216.3,False,1,0,Tuesday,17,Mar,False,0.0
S08291,Returning_Visitor,Paid,Asia,Desktop,,43.3,False,1,0,Thursday,9,Jan,False,0.0
S08292,Returning_Visitor,Direct,North America,Mobile,10,551.0,False,6,4,Wednesday,21,Aug,False,4.18
S08293,New_Visitor,Direct,Asia,Desktop,1,3.2,True,0,0,Tuesday,10,Oct,False,0.0
S08294,New_Visitor,Direct,Asia,Mobile,4,135.6,False,0,0,Friday,12,Feb,False,0.0
S08295,Returning_Visitor,Social,Asia,Desktop,4,16.9,False,0,0,Monday,19,Mar,False,0.0
S08296,Returning_Visitor,Referral,North America,Mobile,3,2.0,False,2,0,Thursday,9,Dec,False,0.0
S08297,Returning_Visitor,Organic,North America,Mobile,1,93.1,True,0,0,Wednesday,16,Dec,False,0.0
S08298,Returning_Visitor,Paid,Europe,Mobile,1,31.1,True,0,0,Thursday,13,Mar,False,0.0
S08299,New_Visitor,Organic,North America,Tablet,1,101.2,True,0,0,Wednesday,15,Apr,False,0.0
S08300,Returning_Visitor,Social,Europe,Mobile,2,49.4,False,0,0,Friday,22,Dec,False,0.0
S08301,Returning_Visitor,Referral,Asia,Mobile,1,62.6,True,0,0,Monday,19,Jun,False,0.0
S08302,New_Visitor,Organic,South America,Desktop,20,118.8,False,6,1,Wednesday,11,Nov,False,0.0
S08303,Returning_Visitor,Organic,Europe,Desktop,2,25.4,False,0,0,Tuesday,6,Jun,False,0.0
S08304,New_Visitor,Paid,North America,Mobile,3,114.7,False,1,0,Thursday,22,Oct,False,0.0
S08305,New_Visitor,Direct,South America,Mobile,3,104.5,False,1,0,Wednesday,15,Jun,False,0.0
S08306,New_Visitor,Referral,Africa,Mobile,1,13.0,True,0,0,Friday,9,Dec,False,0.0
S08307,New_Visitor,Direct,Europe,Mobile,2,245.5,False,0,0,Friday,15,May,False,0.0
S08308,New_Visitor,Social,North America,Mobile,1,20.1,True,0,0,Wednesday,5,Jul,False,0.0
S08309,New_Visitor,Direct,Asia,Tablet,11,367.9,False,4,0,Tuesday,9,Jul,False,0.0
S08310,New_Visitor,Organic,South America,Mobile,2,49.4,False,0,0,Friday,16,Sep,False,0.0
S08311,New_Visitor,Direct,North America,Desktop,1,323.7,True,0,0,Sunday,12,May,False,0.0
S08312,New_Visitor,Paid,Asia,Desktop,3,76.6,False,1,0,Tuesday,11,Sep,False,0.0
S08313,New_Visitor,Direct,Asia,Tablet,1,18.4,True,0,0,Monday,16,Mar,False,0.0
S08314,Returning_Visitor,Organic,Europe,Desktop,5,711.9,False,2,1,Tuesday,20,Dec,False,0.0
S08315,New_Visitor,Paid,Asia,Desktop,10,102.7,False,4,2,Wednesday,16,Mar,False,0.0
S08316,New_Visitor,Social,Europe,Desktop,8,1201.7,False,3,1,Wednesday,13,Nov,False,0.0
S08317,Returning_Visitor,Organic,Asia,Desktop,2,100.9,False,0,0,Saturday,16,Sep,True,0.0
S08318,Returning_Visitor,Paid,Europe,Mobile,4,60.6,False,0,0,Thursday,17,May,False,0.0
S08319,Returning_Visitor,Referral,North America,Desktop,1,17.4,True,0,0,Tuesday,18,May,False,0.0
S08320,New_Visitor,Organic,Asia,Mobile,1,74.5,True,0,0,Sunday,11,Dec,False,0.0
S08321,New_Visitor,Organic,Asia,Desktop,6,14.5,False,2,0,Monday,8,Mar,False,0.0
S08322,Returning_Visitor,Referral,Oceania,Mobile,4,301.6,False,1,0,Monday,16,Oct,False,0.0
S08323,New_Visitor,Social,Europe,Mobile,8,178.0,False,2,1,Tuesday,8,Mar,False,0.0
S08324,New_Visitor,Organic,North America,Mobile,8,792.8,False,3,0,Monday,13,Dec,False,0.0
S08325,New_Visitor,Organic,Oceania,Mobile,2,16.0,False,0,0,Saturday,10,Oct,False,0.0
S08326,Returning_Visitor,Direct,Asia,Desktop,2,34.4,False,0,0,Wednesday,11,Dec,False,21.38
S08327,New_Visitor,Referral,Oceania,Mobile,2,69.4,False,0,0,Saturday,13,Nov,False,0.0
S08328,Returning_Visitor,Organic,North America,Desktop,4,507.3,False,0,0,Saturday,20,Aug,False,0.0
S08329,Returning_Visitor,Organic,Europe,Desktop,1,20.1,True,0,0,Tuesday,16,Mar,False,0.0
S08330,New_Visitor,Referral,North America,Tablet,3,334.2,False,2,0,Thursday,9,Apr,False,0.0
S08331,Returning_Visitor,Social,South America,Tablet,1,6.5,True,0,0,Thursday,20,Mar,False,0.0
S08332,Returning_Visitor,Direct,Africa,Tablet,2,22.9,False,1,0,Sunday,13,Apr,False,0.0
S08333,Returning_Visitor,Direct,Europe,Tablet,1,10.3,True,0,0,Monday,9,Jul,False,0.0
S08334,New_Visitor,Direct,North America,Tablet,3,170.9,False,1,1,Wednesday,14,Nov,False,0.0
S08335,Returning_Visitor,Direct,North America,Mobile,2,59.1,False,0,0,Sunday,9,Jan,False,0.0
S08336,New_Visitor,Paid,Asia,Desktop,2,238.9,False,1,1,Tuesday,12,Apr,False,0.0
S08337,Returning_Visitor,Social,Europe,Tablet,10,399.1,False,3,1,Monday,19,Aug,False,0.0
S08338,New_Visitor,Organic,Asia,Tablet,2,218.4,False,0,0,Friday,16,Nov,True,0.0
S08339,New_Visitor,Direct,Europe,Desktop,4,66.0,False,1,1,Wednesday,13,Apr,False,0.0
S08340,Returning_Visitor,Direct,Europe,Mobile,4,642.7,False,0,0,Thursday,10,Jun,False,0.0
S08341,Returning_Visitor,Referral,North America,Desktop,7,423.2,False,3,1,Saturday,10,May,False,0.0
S08342,Returning_Visitor,Direct,Asia,Tablet,2,84.5,False,0,0,Thursday,23,Apr,False,0.0
S08343,New_Visitor,Social,Europe,Mobile,1,56.3,True,0,0,Thursday,11,Sep,False,0.0
S08344,New_Visitor,Social,Africa,Desktop,11,1643.4,False,4,1,Tuesday,15,Sep,False,0.0
S08345,Returning_Visitor,Direct,Asia,Desktop,2,50.3,False,1,0,Saturday,13,Nov,False,0.0
S08346,Returning_Visitor,Paid,Europe,Tablet,1,16.9,True,0,0,Saturday,2,Dec,False,0.0
S08347,Returning_Visitor,Social,North America,Mobile,8,135.2,False,6,2,Tuesday,21,Dec,True,0.0
S08348,New_Visitor,Social,Africa,Desktop,1,216.1,True,0,0,Wednesday,7,Aug,False,0.0
S08349,New_Visitor,Paid,North America,Mobile,3,74.1,False,1,0,Saturday,16,Mar,False,0.0
S08350,Returning_Visitor,Organic,Europe,Desktop,5,,False,1,0,Wednesday,19,Apr,False,0.0
S08351,Returning_Visitor,Organic,Oceania,Desktop,4,35.5,False,1,0,Wednesday,18,Aug,False,0.0
S08352,New_Visitor,Paid,Asia,Mobile,1,33.8,True,0,0,Wednesday,19,Dec,False,0.0
S08353,Returning_Visitor,Social,Europe,Mobile,1,57.9,True,0,0,Tuesday,17,Jul,False,0.0
S08354,New_Visitor,Paid,North America,Desktop,7,1390.5,False,4,2,Wednesday,13,Dec,False,0.0
S08355,New_Visitor,Organic,South America,Mobile,3,203.6,False,0,0,Saturday,20,Apr,False,0.0
S08356,New_Visitor,Referral,North America,Desktop,4,0.5,False,0,0,Thursday,21,Feb,False,0.0
S08357,New_Visitor,Organic,North America,Tablet,2,171.3,False,1,1,Thursday,12,Nov,False,0.0
S08358,New_Visitor,Direct,North America,Desktop,5,314.8,False,2,2,Tuesday,13,Nov,False,0.0
S08359,New_Visitor,Organic,North America,Desktop,2,24.6,False,1,0,Tuesday,13,Jun,False,0.0
S08360,New_Visitor,Organic,Oceania,Desktop,1,58.1,True,0,0,Monday,10,Feb,False,0.0
S08361,Returning_Visitor,Organic,Asia,Desktop,18,1800.0,False,7,3,Monday,8,Jan,False,0.0
S08362,New_Visitor,Referral,Asia,Desktop,1,0.3,True,0,0,Thursday,10,Jan,False,0.0
S08363,New_Visitor,Direct,Oceania,Desktop,12,1800.0,False,2,0,Wednesday,19,Jun,False,27.27
S08364,New_Visitor,Organic,North America,Mobile,8,168.6,False,4,1,Tuesday,14,Apr,False,0.0
S08365,New_Visitor,Direct,North America,Desktop,4,224.5,False,0,0,Sunday,19,Jul,False,0.0
S08366,Returning_Visitor,Organic,Asia,Desktop,3,58.5,False,0,0,Wednesday,18,Jul,False,0.0
S08367,New_Visitor,Paid,Europe,Tablet,1,78.8,True,0,0,Saturday,11,Jun,False,0.0
S08368,Returning_Visitor,Direct,Europe,Desktop,4,174.1,False,1,0,Tuesday,9,Aug,False,17.76
S08369,Returning_Visitor,Direct,North America,Mobile,5,91.5,False,1,0,Tuesday,14,Sep,False,0.0
S08370,New_Visitor,Social,Europe,Desktop,4,168.0,False,1,0,Thursday,21,Jun,False,0.0
S08371,New_Visitor,Referral,North America,Desktop,1,26.0,True,0,0,Monday,19,May,False,0.0
S08372,New_Visitor,Social,North America,Mobile,3,51.7,False,1,0,Monday,18,May,False,0.0
S08373,New_Visitor,Referral,North America,Desktop,3,161.7,False,1,0,Monday,18,Feb,False,0.0
S08374,Returning_Visitor,Paid,Europe,Tablet,4,244.0,False,1,1,Tuesday,14,May,False,0.0
S08375,Returning_Visitor,Organic,Europe,Desktop,6,54.5,False,3,1,Thursday,9,Mar,False,0.0
S08376,New_Visitor,Paid,Europe,Mobile,4,635.4,False,1,0,Friday,10,Apr,True,0.0
S08377,New_Visitor,Social,Oceania,Mobile,1,0.4,True,0,0,Wednesday,15,Oct,False,0.0
S08378,New_Visitor,Referral,Oceania,Desktop,1,19.5,True,0,0,Tuesday,11,Dec,False,0.0
S08379,Returning_Visitor,Referral,Asia,Mobile,1,25.2,True,0,0,Saturday,18,Dec,False,0.0
S08380,New_Visitor,Referral,Oceania,Mobile,1,4.1,True,0,0,Tuesday,12,Nov,True,0.0
S08381,New_Visitor,Organic,Oceania,Mobile,2,11.3,False,0,0,Friday,8,Oct,True,0.0
S08382,New_Visitor,Organic,Europe,Mobile,2,225.6,False,0,0,Sunday,18,Dec,False,0.0
S08383,Returning_Visitor,Paid,Europe,Desktop,1,26.9,True,0,0,Tuesday,17,Oct,False,0.0
S08384,Returning_Visitor,Direct,Oceania,Mobile,1,27.3,True,0,0,Monday,10,Jul,False,0.0
S08385,New_Visitor,Direct,Asia,Desktop,2,140.0,False,0,0,Sunday,23,Aug,False,0.0
S08386,New_Visitor,Social,North America,Desktop,9,695.7,False,3,1,Tuesday,12,May,True,0.0
S08387,Returning_Visitor,Direct,Asia,Desktop,16,1180.2,False,6,5,Tuesday,16,Jan,False,62.15
S08388,New_Visitor,Organic,North America,Tablet,1,38.0,True,0,0,Thursday,21,May,False,0.0
S08389,Returning_Visitor,Social,Europe,Desktop,6,441.5,False,3,0,Tuesday,9,Jun,False,0.0
S08390,New_Visitor,Social,North America,Desktop,2,309.2,False,0,0,Sunday,20,Oct,False,0.0
S08391,Returning_Visitor,Organic,North America,Desktop,3,26.1,False,0,0,Monday,17,Nov,False,0.0
S08392,New_Visitor,Paid,North America,Desktop,3,153.9,False,1,0,Thursday,9,Dec,True,0.0
S08393,Returning_Visitor,Organic,Africa,Desktop,8,1012.7,False,3,2,Thursday,16,May,False,0.0
S08394,Returning_Visitor,Direct,North America,Desktop,2,404.7,False,0,0,Thursday,20,Dec,False,0.0
S08395,Returning_Visitor,Organic,North America,Desktop,1,5.5,True,0,0,Thursday,19,Nov,False,0.0
S08396,Returning_Visitor,Referral,North America,Desktop,5,,False,2,2,Sunday,18,Jan,False,0.0
S08397,Returning_Visitor,Direct,Asia,Mobile,,233.3,False,0,0,Sunday,9,Aug,False,0.0
S08398,New_Visitor,Direct,Oceania,Tablet,1,77.4,True,0,0,Wednesday,9,May,False,0.0
S08399,Returning_Visitor,Social,North America,Desktop,2,19.2,False,1,0,Thursday,14,Jan,True,0.0
S08400,Returning_Visitor,Organic,North America,Mobile,4,205.8,False,2,0,Monday,15,Jul,False,0.0
S08401,New_Visitor,Social,Europe,Desktop,2,53.3,False,0,0,Wednesday,21,Aug,False,0.0
S08402,Returning_Visitor,Referral,Asia,Mobile,8,422.8,False,4,2,Tuesday,13,Apr,False,0.0
S08403,Returning_Visitor,Paid,North America,Desktop,6,481.4,False,1,0,Friday,11,Dec,False,0.0
S08404,New_Visitor,Referral,Europe,Mobile,3,36.5,False,1,0,Tuesday,9,Aug,False,0.0
S08405,New_Visitor,Organic,Europe,Tablet,1,,True,0,0,Saturday,6,Mar,False,0.0
S08406,New_Visitor,Organic,Europe,Mobile,3,79.4,False,1,1,Wednesday,7,Oct,False,0.0
S08407,New_Visitor,Paid,Africa,Mobile,,123.4,False,1,0,Sunday,15,Jul,False,0.0
S08408,New_Visitor,Social,North America,Mobile,4,268.9,False,0,0,Thursday,9,Jul,False,0.0
S08409,New_Visitor,Direct,North America,Desktop,1,56.3,True,0,0,Saturday,19,Nov,False,0.0
S08410,New_Visitor,Referral,South America,Mobile,3,340.9,False,0,0,Friday,15,Feb,False,0.0
S08411,New_Visitor,Direct,South America,Desktop,3,238.9,False,1,0,Sunday,20,Jul,False,0.0
S08412,Returning_Visitor,Paid,North America,Desktop,3,126.5,False,1,0,Saturday,12,Oct,False,8.3
S08413,New_Visitor,Paid,Oceania,Mobile,1,39.5,True,0,0,Saturday,15,Sep,True,0.0
S08414,New_Visitor,Paid,Asia,Mobile,3,287.6,False,1,0,Tuesday,14,Jan,False,0.0
S08415,New_Visitor,Paid,North America,Desktop,3,387.7,False,2,1,Thursday,23,Oct,False,0.0
S08416,New_Visitor,Paid,Europe,Mobile,8,907.7,False,3,1,Wednesday,18,Dec,False,0.0
S08417,Returning_Visitor,Organic,North America,Mobile,2,82.3,False,0,0,Monday,15,Oct,False,0.0
S08418,Returning_Visitor,Social,North America,Desktop,4,207.7,False,1,0,Friday,15,Nov,False,0.0
S08419,Returning_Visitor,Social,North America,Desktop,3,277.8,False,0,0,Tuesday,10,May,False,0.0
S08420,New_Visitor,Paid,Asia,Tablet,1,52.0,True,0,0,Wednesday,17,May,False,0.0
S08421,Returning_Visitor,Referral,South America,Tablet,1,15.3,True,0,0,Tuesday,23,May,False,0.0
S08422,New_Visitor,Organic,Europe,Desktop,5,653.6,False,0,0,Tuesday,8,Oct,True,0.0
S08423,New_Visitor,Referral,Europe,Desktop,3,122.4,False,1,0,Monday,16,Dec,False,0.0
S08424,New_Visitor,Referral,Europe,Desktop,7,1688.9,False,5,1,Wednesday,14,Nov,False,0.0
S08425,New_Visitor,Organic,Asia,Desktop,8,386.8,False,2,1,Monday,19,Mar,False,0.0
S08426,New_Visitor,Direct,South America,Desktop,2,58.7,False,1,0,Thursday,0,Sep,False,0.0
S08427,New_Visitor,Referral,Europe,Tablet,1,14.4,True,0,0,Monday,8,Dec,False,0.0
S08428,Returning_Visitor,Direct,Asia,Tablet,2,50.8,False,0,0,Sunday,5,Apr,False,0.0
S08429,New_Visitor,Direct,Europe,Mobile,1,15.0,True,0,0,Sunday,9,Sep,False,0.0
S08430,New_Visitor,Organic,Asia,Desktop,5,763.9,False,0,0,Wednesday,17,Dec,False,0.0
S08431,New_Visitor,Paid,North America,Desktop,1,55.1,True,0,0,Tuesday,8,Dec,False,0.0
S08432,Returning_Visitor,Social,North America,Mobile,7,720.7,False,1,0,Monday,15,May,False,0.0
S08433,New_Visitor,Organic,Europe,Mobile,2,28.0,False,1,0,Sunday,20,Feb,False,0.0
S08434,Returning_Visitor,Social,Africa,Desktop,1,3.8,True,0,0,Friday,4,Sep,False,0.0
S08435,Returning_Visitor,Social,Asia,Mobile,3,97.7,False,0,0,Friday,3,Dec,False,0.0
S08436,New_Visitor,Organic,Oceania,Mobile,3,495.5,False,2,1,Sunday,23,Jul,False,0.0
S08437,New_Visitor,Direct,North America,Mobile,4,28.8,False,1,0,Sunday,16,Jun,False,0.0
S08438,New_Visitor,Referral,Europe,Mobile,2,186.5,False,0,0,Saturday,8,Nov,False,0.0
S08439,Returning_Visitor,Direct,Europe,Mobile,13,,False,6,2,Saturday,11,Jun,False,0.0
S08440,New_Visitor,Social,Asia,Desktop,2,21.7,False,0,0,Sunday,23,Sep,False,0.0
S08441,New_Visitor,Direct,South America,Mobile,6,471.3,False,4,2,Sunday,10,Jun,False,0.0
S08442,New_Visitor,Organic,South America,Desktop,1,14.2,True,0,0,Wednesday,18,May,False,0.0
S08443,Returning_Visitor,Paid,Asia,Desktop,5,6.7,False,1,0,Sunday,10,Mar,False,77.71
S08444,New_Visitor,Organic,Asia,Desktop,3,44.6,False,1,0,Friday,12,Feb,False,0.0
S08445,New_Visitor,Social,Oceania,Desktop,4,316.7,False,1,0,Wednesday,20,Nov,True,0.0
S08446,Returning_Visitor,Organic,Europe,Tablet,2,91.2,False,1,1,Thursday,3,Mar,True,0.0
S08447,Returning_Visitor,Direct,South America,Desktop,3,142.6,False,0,0,Friday,11,Jan,False,0.0
S08448,Returning_Visitor,Direct,Africa,Tablet,,285.3,False,2,0,Wednesday,13,Aug,False,0.0
S08449,New_Visitor,Organic,Europe,Desktop,2,18.9,False,0,0,Saturday,15,Aug,False,0.0
S08450,Returning_Visitor,Direct,Asia,Desktop,1,14.6,True,0,0,Monday,3,Aug,True,0.0
S08451,Returning_Visitor,Organic,Europe,Mobile,4,49.1,False,0,0,Sunday,12,Jul,False,0.0
S08452,New_Visitor,Referral,North America,Desktop,3,221.1,False,0,0,Wednesday,11,Mar,False,0.0
S08453,Returning_Visitor,Referral,Asia,Mobile,2,225.3,False,1,0,Tuesday,3,Jan,False,0.0
S08454,New_Visitor,Organic,North America,Desktop,5,81.4,False,2,0,Saturday,11,Jan,False,0.0
S08455,Returning_Visitor,Paid,Europe,Mobile,3,34.1,False,0,0,Tuesday,21,Dec,False,0.0
S08456,New_Visitor,Organic,Africa,Desktop,3,52.2,False,1,0,Saturday,10,Jul,False,0.0
S08457,Returning_Visitor,Organic,North America,Mobile,8,1340.8,False,4,0,Wednesday,15,Jun,False,0.0
S08458,New_Visitor,Referral,North America,Desktop,1,14.4,True,0,0,Sunday,11,Jun,True,0.0
S08459,Returning_Visitor,Direct,Asia,Mobile,1,70.3,True,0,0,Tuesday,8,Sep,False,0.0
S08460,New_Visitor,Direct,Europe,Mobile,7,52.1,False,4,2,Monday,10,May,False,68.29
S08461,Returning_Visitor,Organic,Europe,Desktop,5,323.9,False,1,0,Sunday,13,Nov,False,0.0
S08462,Returning_Visitor,Social,Europe,Desktop,1,16.8,True,0,0,Tuesday,11,Apr,False,0.0
S08463,New_Visitor,Referral,North America,Mobile,1,108.9,True,0,0,Sunday,15,May,False,0.0
S08464,Returning_Visitor,Organic,North America,Tablet,6,8.5,False,3,0,Saturday,22,Dec,False,0.0
S08465,Returning_Visitor,Direct,Africa,Desktop,3,124.9,False,1,0,Monday,7,Apr,False,0.0
S08466,New_Visitor,Social,North America,Mobile,6,391.9,False,5,1,Thursday,17,Sep,False,0.0
S08467,New_Visitor,Referral,Europe,Mobile,8,653.1,False,3,2,Monday,0,May,True,0.0
S08468,New_Visitor,Organic,Oceania,Mobile,1,138.4,True,0,0,Wednesday,0,Jul,False,0.0
S08469,New_Visitor,Direct,South America,Tablet,11,648.8,False,5,0,Wednesday,8,Jan,False,0.0
S08470,New_Visitor,Organic,North America,Mobile,4,33.0,False,2,1,Friday,13,Mar,False,0.0
S08471,New_Visitor,Direct,Europe,Mobile,6,462.8,False,1,1,Sunday,6,Feb,True,0.0
S08472,New_Visitor,Social,Asia,Mobile,3,135.2,False,1,0,Tuesday,17,Nov,False,0.0
S08473,New_Visitor,Direct,Asia,Desktop,2,12.6,False,0,0,Wednesday,3,Dec,True,33.52
S08474,New_Visitor,Direct,South America,Mobile,3,27.2,False,0,0,Friday,13,Jan,False,0.0
S08475,Returning_Visitor,Paid,Europe,Tablet,3,317.2,False,1,1,Tuesday,16,Feb,False,26.61
S08476,Returning_Visitor,Referral,North America,Mobile,9,450.2,False,4,1,Friday,10,Aug,False,0.0
S08477,New_Visitor,Referral,Europe,Desktop,3,30.9,False,0,0,Wednesday,15,Jul,False,0.0
S08478,Returning_Visitor,Organic,Asia,Desktop,1,93.2,True,0,0,Sunday,10,Sep,False,0.0
S08479,Returning_Visitor,Referral,Asia,Mobile,4,211.9,False,1,0,Friday,10,Oct,False,0.0
S08480,Returning_Visitor,Referral,North America,Mobile,1,11.0,True,0,0,Wednesday,19,Nov,False,0.0
S08481,New_Visitor,Direct,North America,Desktop,9,322.6,False,2,0,Friday,11,Mar,False,0.0
S08482,New_Visitor,Paid,Oceania,Desktop,3,475.9,False,0,0,Saturday,19,Jan,False,0.0
S08483,Returning_Visitor,Paid,North America,Mobile,11,918.9,False,3,0,Saturday,10,Nov,False,0.0
S08484,Returning_Visitor,Social,North America,Mobile,1,29.3,True,0,0,Tuesday,11,Jul,False,0.0
S08485,Returning_Visitor,Direct,South America,Mobile,3,1.0,False,1,0,Wednesday,8,Dec,False,0.0
S08486,Returning_Visitor,Direct,Europe,Tablet,1,15.4,True,0,0,Thursday,13,Jul,False,0.0
S08487,New_Visitor,Organic,North America,Desktop,4,47.9,False,1,0,Wednesday,12,Jul,False,0.0
S08488,New_Visitor,Direct,Europe,Tablet,3,85.4,False,1,1,Wednesday,0,Sep,False,0.0
S08489,New_Visitor,Social,Asia,Mobile,3,385.5,False,1,1,Saturday,13,Mar,False,0.0
S08490,New_Visitor,Direct,Europe,Tablet,2,23.8,False,0,0,Monday,7,Apr,False,0.0
S08491,Returning_Visitor,Paid,Africa,Desktop,,3.1,True,0,0,Wednesday,19,Dec,False,0.0
S08492,New_Visitor,Organic,North America,Desktop,1,8.4,True,0,0,Monday,13,Mar,False,0.0
S08493,New_Visitor,Direct,Asia,Mobile,6,212.8,False,2,0,Monday,17,Apr,False,0.0
S08494,Returning_Visitor,Referral,North America,Tablet,4,16.8,False,1,0,Tuesday,19,Jul,False,0.0
S08495,New_Visitor,Direct,Europe,Mobile,5,243.9,False,0,0,Saturday,6,Sep,False,0.0
S08496,Returning_Visitor,Paid,Asia,Mobile,1,19.2,True,0,0,Sunday,11,Jan,False,0.0
S08497,Returning_Visitor,Paid,North America,Desktop,1,28.2,True,0,0,Thursday,3,Jun,False,0.0
S08498,Returning_Visitor,Organic,Asia,Mobile,1,10.2,True,0,0,Wednesday,6,Jun,True,0.0
S08499,New_Visitor,Organic,North America,Mobile,3,246.5,False,2,0,Saturday,5,Nov,False,0.0
S08500,New_Visitor,Organic,North America,Mobile,3,86.4,False,2,1,Monday,13,Nov,False,0.0
S08501,New_Visitor,Referral,Europe,Mobile,1,7.3,True,0,0,Monday,13,Dec,False,0.0
S08502,New_Visitor,Direct,Asia,Desktop,2,53.8,False,0,0,Wednesday,7,Nov,False,0.0
S08503,New_Visitor,Social,North America,Mobile,3,739.1,False,1,0,Thursday,10,Oct,False,0.0
S08504,Returning_Visitor,Direct,Africa,Mobile,4,300.4,False,2,0,Saturday,10,Nov,False,0.0
S08505,New_Visitor,Referral,North America,Tablet,5,610.4,False,0,0,Sunday,11,Mar,False,0.0
S08506,Returning_Visitor,Social,North America,Mobile,4,534.1,False,0,0,Thursday,16,May,False,0.0
S08507,New_Visitor,Direct,North America,Mobile,1,47.8,True,0,0,Thursday,17,Sep,False,0.0
S08508,Returning_Visitor,Direct,North America,Tablet,3,146.5,False,0,0,Tuesday,11,Dec,False,0.0
S08509,Returning_Visitor,Organic,North America,Desktop,1,142.3,True,0,0,Thursday,18,Sep,False,0.0
S08510,New_Visitor,Direct,South America,Desktop,3,371.8,False,0,0,Sunday,12,Mar,False,0.0
S08511,New_Visitor,Direct,Europe,Mobile,2,,False,0,0,Wednesday,14,Dec,False,0.0
S08512,Returning_Visitor,Direct,Europe,Desktop,2,207.1,False,1,0,Tuesday,8,Oct,False,0.0
S08513,Returning_Visitor,Paid,Oceania,Desktop,2,162.3,False,0,0,Wednesday,10,Oct,True,0.0
S08514,Returning_Visitor,Paid,Europe,Tablet,2,44.2,False,0,0,Thursday,17,Oct,False,0.0
S08515,New_Visitor,Social,North America,Mobile,6,46.3,False,2,1,Friday,22,Sep,False,0.0
S08516,New_Visitor,Direct,North America,Desktop,1,75.8,True,0,0,Thursday,17,Jan,False,0.0
S08517,Returning_Visitor,Social,North America,Desktop,1,141.6,True,0,0,Saturday,6,Apr,False,0.0
S08518,Returning_Visitor,Direct,Europe,Desktop,6,1382.8,False,1,0,Friday,8,Dec,False,0.0
S08519,New_Visitor,Organic,North America,Mobile,1,3.0,True,0,0,Friday,13,Apr,False,0.0
S08520,Returning_Visitor,Direct,Europe,Desktop,1,60.8,True,0,0,Sunday,17,Oct,False,0.0
S08521,New_Visitor,Organic,Asia,Tablet,2,115.3,False,1,0,Sunday,9,Jun,False,0.0
S08522,New_Visitor,Direct,South America,Mobile,6,165.9,False,1,0,Tuesday,18,Dec,False,0.0
S08523,New_Visitor,Direct,Asia,Desktop,2,96.5,False,0,0,Friday,14,Aug,False,0.0
S08524,New_Visitor,Paid,North America,Desktop,2,73.0,False,0,0,Friday,18,Sep,False,46.39
S08525,New_Visitor,Direct,North America,Mobile,1,155.1,True,0,0,Monday,14,Apr,False,0.0
S08526,New_Visitor,Paid,Europe,Desktop,4,85.3,False,2,0,Saturday,15,Jan,True,0.0
S08527,New_Visitor,Organic,North America,Mobile,2,23.7,False,1,0,Tuesday,10,Oct,False,0.0
S08528,Returning_Visitor,Organic,North America,Tablet,4,268.4,False,1,0,Saturday,17,Jan,False,0.0
S08529,Returning_Visitor,Direct,Europe,Desktop,2,,False,0,0,Tuesday,19,Oct,False,0.0
S08530,Returning_Visitor,Referral,Europe,Desktop,3,10.3,False,1,0,Saturday,20,Aug,False,0.0
S08531,Returning_Visitor,Organic,South America,Mobile,3,291.0,False,0,0,Monday,3,Nov,False,0.0
S08532,New_Visitor,Organic,Europe,Desktop,1,23.5,True,0,0,Wednesday,15,Mar,False,0.0
S08533,Returning_Visitor,Direct,Oceania,Desktop,2,587.1,False,0,0,Monday,23,Aug,False,0.0
S08534,Returning_Visitor,Direct,South America,Desktop,3,67.3,False,1,1,Tuesday,15,Aug,False,0.0
S08535,New_Visitor,Social,North America,Tablet,6,292.0,False,4,1,Sunday,9,Feb,False,0.0
S08536,New_Visitor,Direct,Europe,Tablet,10,105.4,False,3,0,Monday,20,Oct,False,0.0
S08537,New_Visitor,Organic,Asia,Desktop,3,137.0,False,1,0,Wednesday,10,Jun,False,0.0
S08538,Returning_Visitor,Paid,Asia,Mobile,1,18.5,True,0,0,Friday,6,Feb,False,0.0
S08539,New_Visitor,Organic,Europe,Desktop,10,687.7,False,1,0,Monday,12,Jun,False,0.0
S08540,Returning_Visitor,Social,Europe,Mobile,2,3.5,False,1,0,Monday,8,Feb,False,0.0
S08541,Returning_Visitor,Social,Europe,Desktop,1,72.1,True,0,0,Monday,8,Nov,False,0.0
S08542,Returning_Visitor,Paid,North America,Desktop,11,481.3,False,3,1,Friday,13,Jun,False,0.0
S08543,Returning_Visitor,Direct,Oceania,Mobile,1,28.7,True,0,0,Sunday,15,Feb,False,0.0
S08544,Returning_Visitor,Referral,Europe,Desktop,4,16.0,False,1,0,Saturday,21,Apr,False,0.0
S08545,New_Visitor,Direct,North America,Desktop,1,3.9,True,0,0,Sunday,17,Oct,False,0.0
S08546,New_Visitor,Referral,North America,Mobile,4,377.1,False,1,0,Friday,19,Oct,False,0.0
S08547,Returning_Visitor,Direct,Africa,Mobile,12,971.7,False,7,2,Sunday,12,Jan,True,0.0
S08548,New_Visitor,Direct,Asia,Mobile,13,488.8,False,2,0,Wednesday,11,Jan,False,0.0
S08549,New_Visitor,Paid,South America,Tablet,1,0.4,True,0,0,Wednesday,15,Dec,False,0.0
S08550,New_Visitor,Organic,South America,Mobile,5,503.1,False,3,0,Wednesday,17,May,True,0.0
S08551,Returning_Visitor,Paid,South America,Desktop,4,262.9,False,1,1,Monday,14,Mar,False,0.0
S08552,New_Visitor,Paid,Asia,Desktop,5,24.0,False,3,1,Saturday,10,Feb,False,26.84
S08553,Returning_Visitor,Direct,North America,Desktop,2,38.8,False,0,0,Monday,12,Jul,False,0.0
S08554,New_Visitor,Direct,North America,Desktop,2,8.4,False,0,0,Saturday,13,Oct,False,0.0
S08555,New_Visitor,Direct,Asia,Mobile,2,244.7,False,0,0,Wednesday,1,Jul,False,0.0
S08556,Returning_Visitor,Paid,Europe,Desktop,5,210.2,False,1,1,Monday,20,Jan,False,15.97
S08557,New_Visitor,Organic,Asia,Desktop,5,140.6,False,3,2,Tuesday,14,Jul,False,0.0
S08558,Returning_Visitor,Referral,Europe,Desktop,1,59.9,True,0,0,Wednesday,18,May,False,0.0
S08559,Returning_Visitor,Referral,Asia,Desktop,3,246.5,False,1,0,Sunday,9,Sep,False,0.0
S08560,Returning_Visitor,Paid,North America,Mobile,1,63.5,True,0,0,Friday,14,Jul,False,0.0
S08561,New_Visitor,Social,North America,Desktop,1,105.9,True,0,0,Thursday,21,Dec,False,0.0
S08562,Returning_Visitor,Referral,Asia,Desktop,3,162.4,False,1,1,Monday,10,Aug,False,0.0
S08563,Returning_Visitor,Organic,North America,Tablet,6,1.1,False,2,1,Wednesday,11,Sep,False,0.0
S08564,Returning_Visitor,Direct,Asia,Mobile,8,70.2,False,3,2,Monday,12,Jul,False,36.07
S08565,New_Visitor,Organic,Europe,Mobile,3,363.4,False,1,0,Saturday,12,May,False,0.0
S08566,New_Visitor,Paid,Oceania,Mobile,5,41.0,False,2,0,Tuesday,15,Sep,False,0.0
S08567,Returning_Visitor,Social,South America,Mobile,2,116.0,False,0,0,Friday,12,May,False,0.0
S08568,Returning_Visitor,Social,Europe,Desktop,7,96.9,False,3,0,Friday,16,Oct,False,0.0
S08569,New_Visitor,Referral,Asia,Desktop,5,969.2,False,2,0,Wednesday,13,Apr,False,0.0
S08570,New_Visitor,Direct,North America,Mobile,2,30.6,False,0,0,Friday,9,May,False,0.0
S08571,New_Visitor,Organic,Europe,Desktop,3,80.9,False,1,0,Saturday,22,Aug,False,0.0
S08572,New_Visitor,Direct,Asia,Desktop,1,89.2,True,0,0,Tuesday,10,Sep,False,0.0
S08573,New_Visitor,Organic,Asia,Desktop,1,64.4,True,0,0,Friday,14,Sep,False,0.0
S08574,New_Visitor,Social,Europe,Desktop,9,209.5,False,4,2,Saturday,6,Oct,False,0.0
S08575,Returning_Visitor,Organic,North America,Tablet,1,71.8,True,0,0,Wednesday,21,May,False,0.0
S08576,New_Visitor,Social,South America,Desktop,1,234.5,True,0,0,Tuesday,21,Dec,False,0.0
S08577,Returning_Visitor,Referral,North America,Desktop,1,9.4,True,0,0,Tuesday,11,Jan,False,0.0
S08578,New_Visitor,Direct,South America,Mobile,4,66.0,False,1,1,Sunday,8,Mar,False,0.0
S08579,New_Visitor,Organic,Asia,Mobile,1,35.8,True,0,0,Wednesday,18,Feb,False,0.0
S08580,New_Visitor,Direct,Europe,Mobile,1,22.6,True,0,0,Monday,10,Sep,False,0.0
S08581,New_Visitor,Direct,North America,Desktop,8,182.9,False,5,0,Monday,17,Apr,False,0.0
S08582,Returning_Visitor,Social,North America,Mobile,7,235.4,False,4,0,Tuesday,21,Mar,False,0.0
S08583,Returning_Visitor,Organic,Africa,Mobile,2,187.1,False,1,1,Monday,15,Jul,False,0.0
S08584,New_Visitor,Social,South America,Desktop,1,26.5,True,0,0,Thursday,20,Aug,True,0.0
S08585,New_Visitor,Social,Asia,Desktop,4,71.2,False,1,0,Wednesday,10,Aug,False,0.0
S08586,New_Visitor,Organic,Europe,Tablet,7,336.2,False,3,1,Saturday,21,Aug,False,0.0
S08587,Returning_Visitor,Social,Asia,Desktop,12,1478.3,False,4,2,Sunday,10,Dec,False,0.0
S08588,Returning_Visitor,Referral,Europe,Desktop,1,72.1,True,0,0,Thursday,10,Nov,False,0.0
S08589,New_Visitor,Social,Asia,Desktop,3,74.8,False,0,0,Sunday,20,Apr,False,0.0
S08590,Returning_Visitor,Organic,Europe,Desktop,2,429.8,False,1,0,Thursday,14,Oct,False,0.0
S08591,Returning_Visitor,Organic,South America,Desktop,1,70.4,True,0,0,Friday,19,Aug,False,0.0
S08592,New_Visitor,Organic,Asia,Desktop,5,44.6,False,3,2,Tuesday,19,Feb,False,0.0
S08593,New_Visitor,Direct,Europe,Desktop,5,355.8,False,2,2,Monday,16,Jan,False,0.0
S08594,Returning_Visitor,Social,South America,Desktop,11,1559.2,False,3,1,Tuesday,9,Nov,False,52.51
S08595,Returning_Visitor,Social,Europe,Desktop,1,38.4,True,0,0,Tuesday,17,Aug,False,0.0
S08596,New_Visitor,Paid,North America,Mobile,1,78.4,True,0,0,Saturday,7,Aug,False,0.0
S08597,New_Visitor,Organic,North America,Mobile,6,58.8,False,2,0,Tuesday,9,May,False,0.0
S08598,New_Visitor,Organic,Asia,Desktop,2,14.1,False,0,0,Monday,16,Dec,False,0.0
S08599,New_Visitor,Referral,Africa,Tablet,2,118.7,False,1,0,Sunday,21,Oct,False,0.0
S08600,Returning_Visitor,Organic,South America,Mobile,3,92.0,False,1,1,Friday,18,Dec,False,15.27
S08601,New_Visitor,Direct,Asia,Mobile,2,73.8,False,1,0,Thursday,11,Feb,False,70.94
S08602,Returning_Visitor,Direct,North America,Desktop,1,22.0,True,0,0,Monday,19,Aug,True,0.0
S08603,Returning_Visitor,Organic,North America,Mobile,3,109.5,False,1,0,Saturday,22,Sep,False,0.0
S08604,New_Visitor,Referral,Europe,Tablet,1,6.3,True,0,0,Monday,11,Feb,False,0.0
S08605,New_Visitor,Direct,Africa,Desktop,11,75.4,False,4,1,Friday,9,May,False,0.0
S08606,New_Visitor,Referral,Oceania,Mobile,4,140.9,False,1,0,Friday,9,Mar,False,0.0
S08607,Returning_Visitor,Social,North America,Mobile,6,217.3,False,4,1,Wednesday,12,Dec,False,0.0
S08608,New_Visitor,Organic,South America,Desktop,10,1230.7,False,3,0,Sunday,6,Aug,False,0.0
S08609,Returning_Visitor,Paid,Asia,Mobile,1,24.1,True,0,0,Monday,13,May,False,0.0
S08610,Returning_Visitor,Direct,North America,Desktop,1,67.8,True,0,0,Saturday,17,Sep,True,0.0
S08611,New_Visitor,Paid,Europe,Desktop,5,108.3,False,2,0,Thursday,14,Sep,False,0.0
S08612,Returning_Visitor,Organic,South America,Desktop,7,154.6,False,2,0,Friday,22,May,False,0.0
S08613,Returning_Visitor,Referral,North America,Mobile,1,74.0,True,0,0,Sunday,13,Dec,False,0.0
S08614,New_Visitor,Direct,Africa,Mobile,9,445.8,False,4,2,Friday,1,Nov,False,0.0
S08615,New_Visitor,Social,North America,Tablet,2,56.0,False,1,0,Saturday,13,Jun,False,0.0
S08616,Returning_Visitor,Referral,North America,Mobile,2,79.2,False,0,0,Tuesday,21,Sep,False,0.0
S08617,Returning_Visitor,Direct,North America,Desktop,7,781.5,False,2,1,Saturday,8,Oct,False,0.0
S08618,New_Visitor,Paid,South America,Desktop,2,164.4,False,1,1,Saturday,10,Mar,False,0.0
S08619,New_Visitor,Direct,Europe,Tablet,3,491.0,False,0,0,Sunday,17,Nov,False,0.0
S08620,New_Visitor,Organic,South America,Mobile,2,251.3,False,1,0,Sunday,11,Nov,False,0.0
S08621,Returning_Visitor,Referral,Europe,Mobile,1,66.4,True,0,0,Tuesday,18,Oct,False,0.0
S08622,New_Visitor,Referral,Europe,Desktop,2,25.3,False,0,0,Thursday,12,Apr,False,69.08
S08623,New_Visitor,Direct,South America,Mobile,1,27.0,True,0,0,Sunday,18,Feb,False,0.0
S08624,Returning_Visitor,Direct,Europe,Desktop,3,145.6,False,1,0,Friday,14,Mar,False,0.0
S08625,New_Visitor,Paid,South America,Desktop,3,6.2,False,1,0,Thursday,7,Feb,False,0.0
S08626,Returning_Visitor,Social,North America,Mobile,2,137.2,False,1,1,Monday,12,Dec,False,0.0
S08627,New_Visitor,Organic,Asia,Mobile,1,234.9,True,0,0,Wednesday,11,Nov,False,0.0
S08628,Returning_Visitor,Organic,Asia,Desktop,1,105.5,True,0,0,Friday,19,Feb,False,0.0
S08629,New_Visitor,Paid,Africa,Mobile,1,69.9,True,0,0,Saturday,15,Sep,False,0.0
S08630,Returning_Visitor,Social,North America,Desktop,1,68.0,True,0,0,Thursday,18,Apr,False,0.0
S08631,Returning_Visitor,Paid,Asia,Desktop,2,272.8,False,1,0,Monday,12,Jan,False,0.0
S08632,New_Visitor,Direct,Europe,Tablet,1,22.3,True,0,0,Friday,17,Apr,False,0.0
S08633,New_Visitor,Social,Europe,Desktop,1,35.5,True,0,0,Sunday,7,Jun,False,0.0
S08634,New_Visitor,Social,North America,Mobile,2,129.6,False,0,0,Thursday,5,Jan,False,0.0
S08635,New_Visitor,Organic,North America,Mobile,1,51.0,True,0,0,Sunday,10,May,False,0.0
S08636,Returning_Visitor,Referral,South America,Desktop,1,,True,0,0,Wednesday,18,Oct,False,0.0
S08637,Returning_Visitor,Referral,Asia,Mobile,2,54.7,False,0,0,Sunday,14,Apr,False,34.09
S08638,New_Visitor,Direct,Europe,Desktop,1,32.3,True,0,0,Saturday,12,Jul,False,0.0
S08639,Returning_Visitor,Social,South America,Desktop,1,17.2,True,0,0,Sunday,20,Nov,False,0.0
S08640,Returning_Visitor,Social,North America,Mobile,5,305.3,False,3,1,Saturday,13,Jan,False,0.0
S08641,Returning_Visitor,Paid,Asia,Desktop,2,59.4,False,0,0,Wednesday,15,Oct,True,0.0
S08642,New_Visitor,Social,Africa,Desktop,1,47.7,True,0,0,Sunday,23,Jun,False,0.0
S08643,New_Visitor,Direct,South America,Mobile,1,3.7,True,0,0,Friday,14,Aug,False,0.0
S08644,New_Visitor,Direct,Europe,Mobile,13,950.6,False,5,2,Tuesday,18,Apr,False,0.0
S08645,New_Visitor,Social,Asia,Mobile,1,45.6,True,0,0,Monday,12,Aug,False,0.0
S08646,New_Visitor,Direct,Europe,Mobile,8,650.7,False,2,0,Wednesday,5,Oct,False,0.0
S08647,New_Visitor,Organic,South America,Mobile,1,17.3,True,0,0,Saturday,19,Mar,True,0.0
S08648,New_Visitor,Direct,Europe,Mobile,7,812.4,False,2,0,Friday,21,May,False,0.0
S08649,Returning_Visitor,Organic,South America,Desktop,3,368.3,False,0,0,Thursday,12,Aug,False,0.0
S08650,New_Visitor,Referral,North America,Mobile,3,103.4,False,1,0,Monday,14,Jun,False,0.0
S08651,New_Visitor,Direct,Asia,Desktop,1,6.0,True,0,0,Thursday,12,Apr,False,0.0
S08652,New_Visitor,Organic,Asia,Tablet,7,297.2,False,2,0,Tuesday,23,Jun,False,26.94
S08653,New_Visitor,Paid,Asia,Desktop,3,187.4,False,1,0,Thursday,21,Apr,False,0.0
S08654,Returning_Visitor,Social,Asia,Tablet,4,219.6,False,1,0,Sunday,5,May,False,21.84
S08655,New_Visitor,Social,Africa,Mobile,3,410.3,False,0,0,Sunday,18,Aug,False,0.0
S08656,New_Visitor,Referral,South America,Mobile,1,150.2,True,0,0,Wednesday,15,Jul,False,0.0
S08657,New_Visitor,Social,North America,Mobile,6,350.4,False,1,0,Friday,3,Sep,False,0.0
S08658,New_Visitor,Social,South America,Desktop,1,61.7,True,0,0,Thursday,13,Nov,False,0.0
S08659,New_Visitor,Referral,North America,Mobile,2,16.7,False,0,0,Monday,9,Dec,False,0.0
S08660,Returning_Visitor,Paid,Asia,Desktop,4,119.9,False,1,0,Sunday,20,Mar,False,0.0
S08661,New_Visitor,Organic,Africa,Tablet,1,24.0,True,0,0,Wednesday,1,Sep,False,0.0
S08662,New_Visitor,Paid,North America,Mobile,9,229.2,False,2,2,Thursday,20,Aug,False,0.0
S08663,New_Visitor,Direct,South America,Mobile,1,78.0,True,0,0,Friday,21,Nov,False,0.0
S08664,New_Visitor,Direct,South America,Desktop,4,160.7,False,0,0,Tuesday,7,Dec,True,0.0
S08665,Returning_Visitor,Organic,Europe,Desktop,4,167.6,False,2,1,Tuesday,17,Oct,False,0.0
S08666,Returning_Visitor,Direct,Europe,Mobile,4,68.3,False,2,0,Tuesday,14,Aug,False,0.0
S08667,Returning_Visitor,Referral,Europe,Desktop,2,21.9,False,1,1,Wednesday,22,Mar,False,0.0
S08668,New_Visitor,Paid,Oceania,Tablet,2,63.2,False,0,0,Tuesday,19,Apr,False,0.0
S08669,New_Visitor,Paid,North America,Mobile,12,42.8,False,5,2,Sunday,17,Aug,False,0.0
S08670,Returning_Visitor,Paid,Asia,Desktop,6,62.6,False,2,0,Friday,21,Feb,False,0.0
S08671,Returning_Visitor,Direct,North America,Mobile,2,204.8,False,0,0,Sunday,9,Mar,False,0.0
S08672,New_Visitor,Paid,North America,Mobile,1,34.5,True,0,0,Saturday,12,Dec,False,0.0
S08673,New_Visitor,Direct,South America,Mobile,7,1573.0,False,5,2,Friday,19,Dec,False,21.97
S08674,New_Visitor,Paid,Europe,Mobile,4,1.0,False,2,1,Tuesday,8,Jan,True,0.0
S08675,New_Visitor,Organic,Oceania,Desktop,1,152.0,True,0,0,Friday,21,Nov,False,0.0
S08676,New_Visitor,Direct,Europe,Desktop,1,63.4,True,0,0,Tuesday,18,Dec,False,0.0
S08677,New_Visitor,Paid,Europe,Mobile,3,175.7,False,0,0,Monday,13,Jul,False,0.0
S08678,Returning_Visitor,Paid,North America,Desktop,3,330.3,False,0,0,Friday,11,Jun,False,0.0
S08679,New_Visitor,Referral,Oceania,Mobile,2,118.3,False,1,0,Friday,8,Dec,False,0.0
S08680,New_Visitor,Social,North America,Mobile,2,4.3,False,0,0,Tuesday,7,Jan,False,0.0
S08681,New_Visitor,Organic,Europe,Tablet,1,141.4,True,0,0,Wednesday,12,Nov,False,0.0
S08682,Returning_Visitor,Social,Europe,Tablet,1,123.9,True,0,0,Monday,19,Apr,False,0.0
S08683,New_Visitor,Referral,Europe,Mobile,3,132.1,False,0,0,Friday,14,Sep,False,0.0
S08684,Returning_Visitor,Organic,Asia,Desktop,1,8.1,True,0,0,Sunday,13,May,False,0.0
S08685,New_Visitor,Organic,Asia,Mobile,2,206.8,False,1,0,Saturday,11,Jul,False,0.0
S08686,Returning_Visitor,Organic,North America,Desktop,1,45.3,True,0,0,Saturday,9,Nov,False,0.0
S08687,New_Visitor,Social,Europe,Desktop,1,23.7,True,0,0,Thursday,23,Mar,False,0.0
S08688,New_Visitor,Organic,South America,Mobile,1,300.4,True,0,0,Monday,3,Sep,False,0.0
S08689,New_Visitor,Direct,Europe,Mobile,1,10.8,True,0,0,Saturday,11,Dec,False,0.0
S08690,New_Visitor,Direct,North America,Desktop,1,10.8,True,0,0,Tuesday,18,Dec,False,0.0
S08691,New_Visitor,Referral,Europe,Desktop,2,109.9,False,1,1,Wednesday,14,Dec,True,0.0
S08692,Returning_Visitor,Social,North America,Mobile,1,18.6,True,0,0,Friday,11,Jul,False,0.0
S08693,New_Visitor,Referral,North America,Tablet,7,223.1,False,2,0,Sunday,23,Oct,False,0.0
S08694,New_Visitor,Direct,Europe,Desktop,3,49.5,False,1,1,Thursday,15,Jun,False,0.0
S08695,New_Visitor,Direct,Europe,Desktop,3,274.7,False,1,1,Sunday,11,Jul,False,0.0
S08696,Returning_Visitor,Direct,North America,Tablet,1,19.3,True,0,0,Thursday,19,Apr,False,0.0
S08697,Returning_Visitor,Paid,Asia,Desktop,7,775.5,False,4,1,Monday,9,Apr,False,28.93
S08698,Returning_Visitor,Direct,Oceania,Mobile,6,479.4,False,3,1,Thursday,13,Jan,False,0.0
S08699,New_Visitor,Organic,Oceania,Mobile,1,21.2,True,0,0,Sunday,19,Jul,False,0.0
S08700,Returning_Visitor,Social,South America,Desktop,4,385.1,False,1,0,Thursday,23,May,False,0.0
S08701,Returning_Visitor,Direct,North America,Mobile,1,23.0,True,0,0,Saturday,12,Mar,False,0.0
S08702,Returning_Visitor,Social,North America,Tablet,3,93.9,False,1,0,Thursday,8,Feb,False,0.0
S08703,New_Visitor,Direct,South America,Desktop,7,34.2,False,3,0,Thursday,14,May,False,0.0
S08704,New_Visitor,Social,North America,Desktop,9,454.2,False,4,3,Tuesday,21,Dec,False,10.99
S08705,New_Visitor,Organic,North America,Mobile,1,101.7,True,0,0,Tuesday,16,Jul,False,0.0
S08706,New_Visitor,Direct,Europe,Desktop,9,526.8,False,5,1,Tuesday,15,Aug,False,0.0
S08707,Returning_Visitor,Direct,North America,Mobile,1,48.1,True,0,0,Thursday,11,Jan,False,0.0
S08708,New_Visitor,Social,South America,Tablet,8,1095.4,False,1,0,Saturday,15,Jul,False,0.0
S08709,New_Visitor,Paid,South America,Tablet,5,174.6,False,0,0,Saturday,20,Sep,False,0.0
S08710,Returning_Visitor,Direct,South America,Desktop,8,1800.0,False,1,0,Tuesday,12,Mar,False,0.0
S08711,Returning_Visitor,Social,South America,Desktop,2,74.1,False,1,0,Thursday,10,Dec,False,0.0
S08712,New_Visitor,Referral,North America,Desktop,9,556.6,False,5,0,Wednesday,13,Dec,False,0.0
S08713,Returning_Visitor,Paid,Asia,Tablet,6,17.1,False,2,0,Friday,12,Dec,False,0.0
S08714,New_Visitor,Social,Europe,Desktop,2,143.9,False,0,0,Friday,13,May,False,0.0
S08715,Returning_Visitor,Organic,Asia,Desktop,2,46.2,False,1,1,Tuesday,8,Nov,False,0.0
S08716,Returning_Visitor,Social,North America,Mobile,2,16.4,False,1,0,Sunday,11,May,False,0.0
S08717,New_Visitor,Direct,Asia,Mobile,3,28.9,False,2,0,Sunday,19,Oct,False,0.0
S08718,Returning_Visitor,Organic,Oceania,Desktop,1,42.6,True,0,0,Monday,12,Dec,False,0.0
S08719,Returning_Visitor,Organic,North America,Desktop,2,106.9,False,1,0,Friday,22,Mar,False,0.0
S08720,New_Visitor,Paid,North America,Mobile,1,72.9,True,0,0,Monday,17,Mar,False,0.0
S08721,New_Visitor,Paid,North America,Mobile,2,70.9,False,1,0,Monday,11,Feb,False,0.0
S08722,Returning_Visitor,Social,Europe,Mobile,4,480.2,False,2,0,Sunday,10,Nov,False,0.0
S08723,New_Visitor,Paid,North America,Desktop,3,12.8,False,1,0,Friday,16,Sep,False,0.0
S08724,New_Visitor,Social,South America,Desktop,2,15.5,False,0,0,Wednesday,11,Jul,False,0.0
S08725,Returning_Visitor,Organic,Europe,Mobile,1,15.5,True,0,0,Friday,21,Oct,False,0.0
S08726,Returning_Visitor,Organic,Europe,Tablet,2,12.9,False,0,0,Saturday,8,Nov,False,0.0
S08727,New_Visitor,Organic,Asia,Desktop,1,84.6,True,0,0,Sunday,3,Dec,True,0.0
S08728,New_Visitor,Organic,Europe,Desktop,1,27.0,True,0,0,Monday,10,Mar,False,0.0
S08729,New_Visitor,Organic,Europe,Mobile,4,222.5,False,1,0,Saturday,15,Jun,False,0.0
S08730,New_Visitor,Direct,South America,Mobile,1,86.9,True,0,0,Saturday,19,Dec,False,0.0
S08731,New_Visitor,Social,South America,Desktop,1,47.5,True,0,0,Friday,9,Jul,False,0.0
S08732,Returning_Visitor,Paid,North America,Mobile,6,274.5,False,3,0,Thursday,15,Jul,False,8.89
S08733,New_Visitor,Referral,North America,Tablet,1,35.9,True,0,0,Monday,8,Dec,False,0.0
S08734,New_Visitor,Paid,North America,Mobile,1,71.3,True,0,0,Tuesday,14,Oct,False,0.0
S08735,New_Visitor,Direct,Europe,Desktop,2,90.5,False,0,0,Thursday,1,Aug,False,0.0
S08736,Returning_Visitor,Paid,North America,Mobile,2,62.0,False,1,0,Sunday,14,May,False,0.0
S08737,New_Visitor,Direct,Asia,Desktop,1,57.7,True,0,0,Saturday,14,Dec,False,0.0
S08738,New_Visitor,Organic,South America,Desktop,3,586.4,False,2,0,Thursday,5,Jan,False,0.0
S08739,New_Visitor,Paid,North America,Mobile,4,396.2,False,2,0,Saturday,17,May,False,0.0
S08740,Returning_Visitor,Direct,Asia,Mobile,2,71.1,False,0,0,Saturday,15,Dec,False,0.0
S08741,Returning_Visitor,Direct,Europe,Tablet,7,392.9,False,2,1,Friday,15,Jul,False,0.0
S08742,New_Visitor,Direct,Europe,Desktop,15,446.9,False,7,2,Tuesday,14,Sep,False,0.0
S08743,New_Visitor,Referral,Asia,Desktop,3,132.2,False,1,0,Wednesday,17,Jul,False,0.0
S08744,New_Visitor,Paid,Africa,Tablet,11,873.1,False,1,0,Tuesday,14,Jun,False,0.0
S08745,New_Visitor,Organic,North America,Desktop,4,436.7,False,1,1,Monday,21,Sep,False,0.0
S08746,New_Visitor,Paid,North America,Desktop,3,11.4,False,1,0,Monday,21,Oct,False,0.0
S08747,New_Visitor,Organic,Asia,Mobile,7,75.6,False,3,0,Saturday,17,May,False,0.0
S08748,New_Visitor,Direct,Europe,Tablet,11,573.1,False,3,1,Monday,21,Aug,False,0.0
S08749,New_Visitor,Organic,North America,Mobile,21,1531.9,False,2,0,Wednesday,21,Feb,False,0.0
S08750,New_Visitor,Social,North America,Desktop,5,324.4,False,1,0,Sunday,10,Aug,True,0.0
S08751,Returning_Visitor,Organic,Asia,Mobile,2,34.4,False,1,0,Saturday,23,Oct,False,0.0
S08752,New_Visitor,Referral,Europe,Tablet,2,127.5,False,0,0,Saturday,10,Aug,True,0.0
S08753,New_Visitor,Organic,Oceania,Mobile,3,111.6,False,0,0,Tuesday,1,Nov,False,0.0
S08754,New_Visitor,Organic,Europe,Desktop,5,84.3,False,0,0,Friday,22,Apr,False,0.0
S08755,Returning_Visitor,Social,North America,Mobile,1,129.6,True,0,0,Thursday,10,Jul,False,0.0
S08756,Returning_Visitor,Organic,Asia,Mobile,1,45.3,True,0,0,Friday,15,Feb,False,0.0
S08757,New_Visitor,Organic,North America,Mobile,2,238.0,False,0,0,Thursday,22,Oct,True,38.85
S08758,New_Visitor,Organic,Europe,Mobile,5,162.4,False,1,0,Thursday,6,Jun,True,0.0
S08759,New_Visitor,Referral,Europe,Desktop,3,180.4,False,1,0,Sunday,10,Jul,False,0.0
S08760,New_Visitor,Referral,Europe,Mobile,2,203.8,False,0,0,Wednesday,15,Feb,False,0.0
S08761,New_Visitor,Organic,South America,Mobile,8,191.4,False,4,0,Tuesday,18,Dec,False,0.0
S08762,Returning_Visitor,Organic,North America,Desktop,3,350.8,False,0,0,Thursday,19,Oct,True,0.0
S08763,New_Visitor,Direct,Africa,Desktop,4,103.9,False,1,0,Thursday,20,Jun,False,0.0
S08764,Returning_Visitor,Direct,South America,Desktop,4,54.2,False,1,0,Monday,9,Aug,False,0.0
S08765,New_Visitor,Paid,Europe,Mobile,6,485.1,False,0,0,Saturday,12,Aug,False,0.0
S08766,Returning_Visitor,Social,North America,Mobile,6,146.8,False,4,4,Wednesday,17,Dec,False,0.0
S08767,Returning_Visitor,Referral,North America,Mobile,14,1800.0,False,8,1,Wednesday,17,Oct,False,0.0
S08768,New_Visitor,Direct,Europe,Mobile,2,195.8,False,1,0,Friday,11,May,True,0.0
S08769,New_Visitor,Social,Asia,Mobile,1,15.7,True,0,0,Saturday,11,Dec,False,0.0
S08770,New_Visitor,Social,North America,Tablet,5,1292.3,False,1,0,Sunday,11,May,False,0.0
S08771,New_Visitor,Referral,Africa,Desktop,7,189.9,False,1,0,Tuesday,20,Aug,False,0.0
S08772,New_Visitor,Social,North America,Mobile,1,49.0,True,0,0,Wednesday,21,Oct,False,0.0
S08773,Returning_Visitor,Social,North America,Mobile,2,9.2,False,1,1,Tuesday,1,Apr,False,0.0
S08774,New_Visitor,Referral,North America,Desktop,5,12.8,False,1,0,Sunday,11,Dec,False,0.0
S08775,Returning_Visitor,Direct,North America,Desktop,4,84.1,False,1,0,Thursday,12,Mar,False,0.0
S08776,New_Visitor,Social,South America,Desktop,5,3.7,False,1,1,Saturday,23,Jun,False,0.0
S08777,Returning_Visitor,Organic,Asia,Mobile,3,58.5,False,0,0,Sunday,21,Mar,False,0.0
S08778,New_Visitor,Social,North America,Mobile,2,88.6,False,1,0,Thursday,15,Nov,False,0.0
S08779,Returning_Visitor,Social,Africa,Mobile,6,422.7,False,2,1,Monday,6,Apr,False,0.0
S08780,New_Visitor,Social,South America,Desktop,3,52.1,False,2,0,Wednesday,9,Jan,False,0.0
S08781,New_Visitor,Direct,South America,Desktop,3,94.2,False,0,0,Monday,12,Jan,False,0.0
S08782,Returning_Visitor,Organic,South America,Tablet,4,115.9,False,1,0,Saturday,22,Jun,False,0.0
S08783,New_Visitor,Organic,Asia,Desktop,1,23.8,True,0,0,Monday,8,Jul,False,0.0
S08784,Returning_Visitor,Social,Europe,Mobile,3,88.6,False,1,1,Friday,18,Jan,False,5.76
S08785,Returning_Visitor,Paid,Europe,Desktop,2,80.4,False,0,0,Monday,9,Feb,True,0.0
S08786,New_Visitor,Referral,North America,Desktop,1,13.3,True,0,0,Monday,14,Feb,False,0.0
S08787,New_Visitor,Organic,Asia,Tablet,5,187.4,False,4,1,Tuesday,18,Sep,False,0.0
S08788,Returning_Visitor,Paid,Africa,Tablet,2,36.2,False,0,0,Thursday,17,Apr,False,0.0
S08789,New_Visitor,Paid,Asia,Desktop,8,31.5,False,2,0,Monday,18,Aug,False,0.0
S08790,Returning_Visitor,Direct,Africa,Desktop,3,43.2,False,0,0,Friday,19,Feb,False,0.0
S08791,Returning_Visitor,Referral,Europe,Desktop,1,163.1,True,0,0,Friday,11,Dec,False,0.0
S08792,New_Visitor,Social,Asia,Desktop,2,84.4,False,0,0,Sunday,11,May,False,0.0
S08793,New_Visitor,Social,Asia,Mobile,1,243.0,True,0,0,Sunday,19,Oct,False,0.0
S08794,Returning_Visitor,Paid,Asia,Mobile,8,122.5,False,3,0,Thursday,5,Nov,False,0.0
S08795,New_Visitor,Organic,Asia,Mobile,2,41.4,False,0,0,Saturday,14,Dec,False,0.0
S08796,New_Visitor,Referral,North America,Mobile,3,,False,2,0,Wednesday,21,Oct,False,0.0
S08797,New_Visitor,Referral,North America,Desktop,2,52.7,False,0,0,Friday,20,Jun,False,30.88
S08798,New_Visitor,Paid,Oceania,Mobile,3,80.7,False,0,0,Wednesday,19,Mar,True,0.0
S08799,New_Visitor,Paid,North America,Mobile,1,111.4,True,0,0,Wednesday,2,Jan,False,0.0
S08800,New_Visitor,Paid,Europe,Mobile,,3.6,False,0,0,Saturday,20,Nov,False,0.0
S08801,Returning_Visitor,Direct,Europe,Tablet,,263.3,False,2,1,Wednesday,21,Jun,False,0.0
S08802,New_Visitor,Social,Europe,Mobile,2,254.8,False,1,0,Wednesday,16,Oct,False,0.0
S08803,New_Visitor,Direct,South America,Mobile,2,23.0,False,0,0,Wednesday,11,Jul,False,0.0
S08804,Returning_Visitor,Direct,Asia,Tablet,6,186.0,False,3,0,Sunday,13,Nov,True,0.0
S08805,Returning_Visitor,Organic,Africa,Mobile,3,298.1,False,1,1,Tuesday,18,Oct,False,0.0
S08806,Returning_Visitor,Social,Europe,Mobile,3,137.9,False,2,0,Wednesday,19,Feb,False,0.0
S08807,New_Visitor,Paid,Asia,Desktop,2,53.1,False,0,0,Sunday,11,Oct,False,0.0
S08808,Returning_Visitor,Organic,Africa,Tablet,2,118.0,False,0,0,Monday,11,Apr,True,0.0
S08809,New_Visitor,Organic,Oceania,Desktop,1,23.6,True,0,0,Sunday,17,Oct,False,0.0
S08810,New_Visitor,Social,Oceania,Mobile,2,118.1,False,0,0,Sunday,16,Dec,False,0.0
S08811,New_Visitor,Referral,Asia,Mobile,5,47.0,False,3,1,Wednesday,14,Dec,False,0.0
S08812,New_Visitor,Paid,North America,Mobile,1,15.3,True,0,0,Friday,12,Feb,False,0.0
S08813,Returning_Visitor,Organic,North America,Mobile,5,4.4,False,1,1,Sunday,16,Jan,False,0.0
S08814,New_Visitor,Organic,South America,Mobile,2,24.5,False,1,1,Thursday,4,Oct,False,0.0
S08815,Returning_Visitor,Direct,South America,Desktop,1,8.4,True,0,0,Monday,7,Oct,False,0.0
S08816,Returning_Visitor,Organic,Asia,Tablet,10,546.9,False,3,1,Saturday,15,Mar,False,65.71
S08817,Returning_Visitor,Organic,North America,Mobile,1,173.4,True,0,0,Monday,9,Sep,False,0.0
S08818,New_Visitor,Organic,Asia,Tablet,2,29.1,False,1,1,Tuesday,18,Jan,False,0.0
S08819,Returning_Visitor,Organic,Europe,Desktop,2,16.6,False,0,0,Sunday,18,Sep,False,0.0
S08820,New_Visitor,Organic,Europe,Mobile,9,413.8,False,4,0,Tuesday,17,Nov,False,0.0
S08821,New_Visitor,Paid,Europe,Mobile,3,36.0,False,0,0,Saturday,21,Sep,True,0.0
S08822,Returning_Visitor,Organic,Africa,Desktop,8,374.4,False,3,0,Thursday,8,Jan,False,0.0
S08823,New_Visitor,Direct,North America,Mobile,3,126.4,False,0,0,Saturday,10,Dec,False,0.0
S08824,New_Visitor,Paid,Asia,Desktop,1,1.2,True,0,0,Tuesday,10,May,True,0.0
S08825,Returning_Visitor,Referral,Europe,Mobile,3,600.1,False,1,1,Wednesday,18,Jun,False,0.0
S08826,New_Visitor,Referral,Asia,Mobile,1,13.5,True,0,0,Wednesday,14,Feb,False,0.0
S08827,Returning_Visitor,Social,Asia,Mobile,1,135.1,True,0,0,Tuesday,10,Mar,False,0.0
S08828,New_Visitor,Social,Africa,Mobile,1,29.0,True,0,0,Wednesday,8,Apr,False,0.0
S08829,New_Visitor,Paid,North America,Desktop,1,10.3,True,0,0,Wednesday,20,Nov,False,0.0
S08830,New_Visitor,Referral,North America,Mobile,1,6.8,True,0,0,Sunday,17,Sep,False,0.0
S08831,New_Visitor,Paid,South America,Desktop,2,85.8,False,0,0,Thursday,14,Aug,False,0.0
S08832,New_Visitor,Direct,Europe,Mobile,1,27.0,True,0,0,Thursday,22,Nov,False,0.0
S08833,Returning_Visitor,Organic,North America,Desktop,1,149.7,True,0,0,Thursday,19,Dec,True,0.0
S08834,New_Visitor,Paid,Europe,Mobile,1,13.5,True,0,0,Sunday,9,Jun,False,0.0
S08835,Returning_Visitor,Direct,Asia,Mobile,9,694.5,False,3,0,Friday,14,Jun,False,0.0
S08836,New_Visitor,Paid,North America,Mobile,3,37.0,False,1,1,Friday,13,Oct,False,0.0
S08837,New_Visitor,Organic,North America,Mobile,2,246.4,False,0,0,Wednesday,19,Sep,False,0.0
S08838,Returning_Visitor,Direct,South America,Desktop,3,128.6,False,0,0,Thursday,9,Jan,False,0.0
S08839,Returning_Visitor,Paid,Europe,Mobile,3,320.2,False,1,0,Tuesday,13,Sep,False,0.0
S08840,New_Visitor,Organic,North America,Mobile,1,34.5,True,0,0,Friday,16,Oct,False,0.0
S08841,Returning_Visitor,Paid,North America,Desktop,3,34.7,False,1,0,Wednesday,21,Dec,False,0.0
S08842,Returning_Visitor,Paid,Asia,Desktop,6,279.0,False,1,0,Saturday,20,Aug,False,0.0
S08843,New_Visitor,Paid,North America,Mobile,3,57.3,False,1,1,Tuesday,14,Sep,False,0.0
S08844,Returning_Visitor,Referral,South America,Desktop,7,85.7,False,0,0,Wednesday,15,Oct,False,0.0
S08845,New_Visitor,Referral,Asia,Desktop,1,140.5,True,0,0,Thursday,19,Feb,False,0.0
S08846,Returning_Visitor,Paid,Europe,Desktop,6,288.6,False,3,1,Tuesday,18,Oct,False,0.0
S08847,Returning_Visitor,Social,Africa,Desktop,4,386.6,False,2,0,Monday,20,Aug,False,0.0
S08848,Returning_Visitor,Referral,Europe,Desktop,3,269.3,False,1,1,Wednesday,20,Feb,False,0.0
S08849,New_Visitor,Paid,North America,Mobile,3,0.2,False,1,0,Thursday,19,Sep,False,0.0
S08850,New_Visitor,Referral,Asia,Desktop,1,130.2,True,0,0,Friday,0,Apr,False,0.0
S08851,Returning_Visitor,Paid,Asia,Desktop,4,356.3,False,1,1,Wednesday,11,Jul,False,0.0
S08852,New_Visitor,Organic,Europe,Desktop,2,37.6,False,0,0,Thursday,12,Apr,False,0.0
S08853,New_Visitor,Organic,Europe,Mobile,1,15.6,True,0,0,Thursday,16,Feb,False,0.0
S08854,Returning_Visitor,Direct,Europe,Tablet,1,3.5,True,0,0,Thursday,11,Apr,False,0.0
S08855,New_Visitor,Direct,North America,Mobile,2,11.6,False,1,0,Monday,11,Jun,True,0.0
S08856,New_Visitor,Social,Asia,Mobile,15,194.7,False,6,3,Wednesday,12,Jul,False,0.0
S08857,New_Visitor,Organic,Asia,Mobile,2,0.4,False,0,0,Tuesday,22,Mar,False,0.0
S08858,New_Visitor,Paid,Europe,Desktop,1,22.8,True,0,0,Thursday,12,May,False,0.0
S08859,Returning_Visitor,Direct,Europe,Desktop,7,1072.7,False,3,0,Saturday,8,Nov,False,0.0
S08860,Returning_Visitor,Direct,Europe,Desktop,1,48.6,True,0,0,Friday,0,Dec,False,0.0
S08861,New_Visitor,Organic,North America,Desktop,1,52.1,True,0,0,Tuesday,10,Jul,False,0.0
S08862,Returning_Visitor,Referral,North America,Desktop,2,32.4,False,1,1,Tuesday,21,Jul,False,0.0
S08863,Returning_Visitor,Organic,North America,Mobile,1,15.3,True,0,0,Monday,22,Aug,False,0.0
S08864,Returning_Visitor,Organic,Europe,Desktop,3,82.4,False,0,0,Wednesday,14,Mar,False,0.0
S08865,New_Visitor,Social,Europe,Tablet,1,,True,0,0,Thursday,16,Dec,False,0.0
S08866,Returning_Visitor,Organic,South America,Tablet,4,469.1,False,3,1,Tuesday,18,Oct,False,0.0
S08867,New_Visitor,Organic,Europe,Tablet,1,11.7,True,0,0,Saturday,6,Apr,False,0.0
S08868,Returning_Visitor,Social,Oceania,Desktop,5,337.1,False,2,0,Wednesday,12,Apr,False,0.0
S08869,Returning_Visitor,Organic,South America,Tablet,4,161.4,False,2,0,Friday,16,Sep,False,0.0
S08870,New_Visitor,Direct,Oceania,Mobile,8,542.8,False,6,1,Friday,20,May,False,0.0
S08871,Returning_Visitor,Organic,Africa,Tablet,1,108.0,True,0,0,Friday,17,May,False,0.0
S08872,New_Visitor,Direct,Asia,Mobile,3,75.2,False,2,0,Sunday,11,Oct,False,0.0
S08873,Returning_Visitor,Referral,Asia,Mobile,4,186.7,False,1,0,Monday,21,Apr,False,0.0
S08874,New_Visitor,Organic,North America,Desktop,7,290.2,False,2,1,Monday,16,Oct,False,0.0
S08875,Returning_Visitor,Paid,Asia,Desktop,,56.1,False,1,1,Saturday,19,Dec,True,0.0
S08876,New_Visitor,Paid,Asia,Desktop,10,1002.6,False,4,2,Wednesday,12,Feb,False,0.0
S08877,New_Visitor,Organic,Europe,Tablet,1,0.6,True,0,0,Sunday,0,Mar,False,0.0
S08878,New_Visitor,Paid,Asia,Desktop,2,44.5,False,0,0,Tuesday,9,Dec,False,0.0
S08879,New_Visitor,Organic,Europe,Desktop,1,107.1,True,0,0,Tuesday,21,Mar,False,0.0
S08880,New_Visitor,Organic,Europe,Tablet,1,123.4,True,0,0,Friday,4,Jan,False,0.0
S08881,Returning_Visitor,Organic,Europe,Desktop,2,142.0,False,1,0,Tuesday,15,Nov,False,0.0
S08882,New_Visitor,Direct,Asia,Tablet,4,100.0,False,2,1,Wednesday,12,Apr,False,0.0
S08883,New_Visitor,Referral,Africa,Mobile,2,207.3,False,0,0,Sunday,12,Apr,False,0.0
S08884,New_Visitor,Direct,South America,Desktop,1,5.3,True,0,0,Monday,12,Apr,False,0.0
S08885,Returning_Visitor,Social,South America,Desktop,1,18.5,True,0,0,Thursday,7,Dec,False,0.0
S08886,Returning_Visitor,Social,North America,Mobile,8,46.6,False,6,3,Wednesday,8,Oct,False,42.01
S08887,Returning_Visitor,Direct,Africa,Tablet,2,14.0,False,1,0,Wednesday,7,Aug,False,0.0
S08888,Returning_Visitor,Social,North America,Tablet,1,53.9,True,0,0,Tuesday,6,Jun,False,0.0
S08889,New_Visitor,Paid,Africa,Desktop,1,4.5,True,0,0,Monday,7,Mar,False,0.0
S08890,New_Visitor,Organic,North America,Desktop,1,68.3,True,0,0,Monday,17,Dec,False,0.0
S08891,New_Visitor,Direct,Europe,Desktop,1,25.7,True,0,0,Sunday,8,Oct,False,0.0
S08892,Returning_Visitor,Direct,Asia,Mobile,1,3.4,True,0,0,Friday,10,Apr,False,0.0
S08893,Returning_Visitor,Direct,Asia,Desktop,1,20.2,True,0,0,Saturday,16,Dec,False,0.0
S08894,New_Visitor,Direct,Europe,Desktop,2,61.2,False,0,0,Monday,8,Dec,False,0.0
S08895,New_Visitor,Direct,Asia,Mobile,5,137.0,False,3,0,Monday,21,Sep,False,0.0
S08896,New_Visitor,Referral,Europe,Mobile,1,42.8,True,0,0,Friday,13,Dec,False,0.0
S08897,New_Visitor,Referral,North America,Desktop,1,41.9,True,0,0,Saturday,22,Mar,False,0.0
S08898,Returning_Visitor,Referral,Asia,Mobile,4,107.0,False,1,0,Wednesday,9,Oct,True,0.0
S08899,New_Visitor,Organic,North America,Mobile,1,137.7,True,0,0,Wednesday,4,Mar,True,0.0
S08900,Returning_Visitor,Direct,Asia,Mobile,5,74.5,False,1,0,Wednesday,15,Sep,False,0.0
S08901,New_Visitor,Direct,North America,Mobile,3,74.9,False,2,0,Tuesday,11,Dec,False,0.0
S08902,Returning_Visitor,Direct,Europe,Mobile,7,338.8,False,3,1,Saturday,15,Jul,False,0.0
S08903,Returning_Visitor,Paid,Europe,Mobile,1,16.9,True,0,0,Tuesday,13,Oct,True,0.0
S08904,Returning_Visitor,Direct,Europe,Tablet,5,48.8,False,0,0,Wednesday,13,Mar,False,0.0
S08905,Returning_Visitor,Organic,Europe,Mobile,3,1.1,False,1,1,Friday,19,Sep,False,0.0
S08906,Returning_Visitor,Direct,Asia,Mobile,2,348.7,False,0,0,Monday,9,Jan,False,0.0
S08907,Returning_Visitor,Social,Oceania,Mobile,1,92.0,True,0,0,Saturday,13,Jan,False,0.0
S08908,Returning_Visitor,Social,South America,Mobile,1,131.8,True,0,0,Sunday,12,Sep,False,0.0
S08909,Returning_Visitor,Direct,Asia,Desktop,5,12.3,False,1,1,Monday,16,Aug,False,0.0
S08910,Returning_Visitor,Organic,Europe,Desktop,1,4.6,True,0,0,Friday,6,May,False,0.0
S08911,Returning_Visitor,Direct,Europe,Mobile,3,144.5,False,1,0,Wednesday,14,Jul,False,0.0
S08912,Returning_Visitor,Referral,North America,Desktop,1,1.4,True,0,0,Monday,13,Sep,True,0.0
S08913,Returning_Visitor,Paid,Europe,Desktop,3,57.0,False,1,0,Friday,22,Sep,False,0.0
S08914,New_Visitor,Referral,South America,Mobile,1,215.9,True,0,0,Friday,18,Feb,False,0.0
S08915,New_Visitor,Referral,Europe,Desktop,2,53.1,False,1,1,Friday,9,Sep,False,19.62
S08916,New_Visitor,Direct,Europe,Mobile,5,1164.7,False,2,0,Saturday,14,Sep,False,0.0
S08917,New_Visitor,Direct,North America,Mobile,1,7.6,True,0,0,Tuesday,18,Sep,False,0.0
S08918,Returning_Visitor,Social,North America,Desktop,8,233.4,False,3,1,Friday,14,Nov,False,0.0
S08919,New_Visitor,Direct,North America,Desktop,2,0.7,False,0,0,Saturday,11,Aug,False,0.0
S08920,Returning_Visitor,Paid,Asia,Desktop,3,161.2,False,0,0,Tuesday,12,Dec,False,0.0
S08921,New_Visitor,Direct,Europe,Desktop,1,25.1,True,0,0,Sunday,12,Dec,False,0.0
S08922,New_Visitor,Organic,Asia,Desktop,2,84.1,False,0,0,Wednesday,2,Oct,False,0.0
S08923,Returning_Visitor,Referral,Europe,Desktop,2,190.0,False,0,0,Friday,17,May,True,20.27
S08924,Returning_Visitor,Organic,South America,Mobile,4,192.3,False,2,0,Saturday,15,Mar,False,0.0
S08925,New_Visitor,Organic,South America,Mobile,7,459.7,False,0,0,Thursday,10,Nov,False,0.0
S08926,Returning_Visitor,Direct,South America,Mobile,7,268.4,False,2,0,Monday,16,Mar,False,0.0
S08927,Returning_Visitor,Social,Europe,Mobile,2,165.4,False,0,0,Tuesday,11,Mar,False,0.0
S08928,New_Visitor,Direct,Europe,Desktop,1,55.4,True,0,0,Tuesday,10,Dec,False,0.0
S08929,New_Visitor,Organic,Oceania,Desktop,8,964.2,False,3,1,Thursday,17,Aug,False,0.0
S08930,Returning_Visitor,Referral,North America,Desktop,1,84.6,True,0,0,Tuesday,19,Apr,False,0.0
S08931,New_Visitor,Direct,North America,Tablet,7,110.9,False,3,1,Thursday,15,Dec,False,18.09
S08932,New_Visitor,Paid,Europe,Tablet,1,44.6,True,0,0,Tuesday,18,Oct,False,0.0
S08933,New_Visitor,Direct,Asia,Desktop,12,1496.9,False,5,2,Monday,11,Jul,False,0.0
S08934,Returning_Visitor,Social,North America,Mobile,1,117.5,True,0,0,Wednesday,7,May,False,0.0
S08935,Returning_Visitor,Organic,Asia,Tablet,1,38.9,True,0,0,Friday,15,Sep,True,0.0
S08936,Returning_Visitor,Social,Asia,Mobile,3,67.8,False,1,0,Saturday,10,Oct,False,0.0
S08937,New_Visitor,Social,Europe,Mobile,4,56.8,False,3,1,Monday,18,Oct,False,0.0
S08938,Returning_Visitor,Paid,Europe,Desktop,2,25.9,False,0,0,Tuesday,11,Mar,False,0.0
S08939,New_Visitor,Organic,Europe,Desktop,3,28.0,False,1,1,Sunday,16,Sep,False,0.0
S08940,New_Visitor,Direct,North America,Mobile,6,1800.0,False,2,0,Tuesday,14,Aug,False,0.0
S08941,New_Visitor,Referral,North America,Mobile,5,325.9,False,2,0,Saturday,19,Nov,False,0.0
S08942,New_Visitor,Organic,North America,Mobile,7,158.6,False,3,0,Thursday,19,Sep,False,0.0
S08943,Returning_Visitor,Direct,Asia,Desktop,1,20.8,True,0,0,Monday,7,Mar,False,0.0
S08944,Returning_Visitor,Paid,Asia,Tablet,1,21.9,True,0,0,Friday,11,May,False,0.0
S08945,New_Visitor,Direct,Europe,Mobile,3,370.7,False,1,0,Sunday,20,Oct,False,0.0
S08946,Returning_Visitor,Paid,Asia,Desktop,4,172.8,False,1,0,Sunday,12,Oct,True,0.0
S08947,Returning_Visitor,Organic,Asia,Desktop,1,19.0,True,0,0,Friday,14,Apr,False,0.0
S08948,Returning_Visitor,Social,Europe,Mobile,1,96.1,True,0,0,Thursday,9,May,False,0.0
S08949,New_Visitor,Referral,North America,Desktop,8,665.9,False,2,1,Wednesday,14,Jan,False,0.0
S08950,Returning_Visitor,Direct,Africa,Desktop,1,37.8,True,0,0,Wednesday,10,May,False,0.0
S08951,New_Visitor,Paid,Asia,Desktop,2,140.1,False,0,0,Wednesday,19,Jan,False,0.0
S08952,Returning_Visitor,Organic,Asia,Tablet,1,80.4,True,0,0,Sunday,9,Nov,False,0.0
S08953,New_Visitor,Paid,Europe,Mobile,5,15.2,False,1,0,Tuesday,11,Sep,False,0.0
S08954,Returning_Visitor,Referral,South America,Desktop,6,750.1,False,2,2,Wednesday,8,Dec,False,0.0
S08955,New_Visitor,Organic,Asia,Tablet,1,20.3,True,0,0,Thursday,15,Dec,False,0.0
S08956,New_Visitor,Paid,North America,Mobile,3,714.4,False,1,0,Wednesday,21,Aug,False,0.0
S08957,Returning_Visitor,Direct,Africa,Desktop,6,859.8,False,1,0,Monday,9,Jul,False,0.0
S08958,Returning_Visitor,Social,Europe,Tablet,3,3.5,False,1,0,Tuesday,2,Nov,False,0.0
S08959,Returning_Visitor,Direct,North America,Mobile,3,174.6,False,1,0,Thursday,12,Apr,False,0.0
S08960,Returning_Visitor,Paid,North America,Mobile,2,402.7,False,1,0,Saturday,18,Apr,False,0.0
S08961,New_Visitor,Referral,Asia,Mobile,4,199.8,False,1,0,Thursday,22,Jun,False,0.0
S08962,New_Visitor,Organic,Asia,Mobile,10,573.7,False,4,0,Wednesday,6,Jan,False,0.0
S08963,New_Visitor,Referral,Asia,Desktop,2,320.8,False,1,0,Friday,18,May,False,0.0
S08964,New_Visitor,Organic,Africa,Desktop,1,51.0,True,0,0,Friday,12,Feb,False,0.0
S08965,Returning_Visitor,Direct,Europe,Mobile,10,168.1,False,4,0,Tuesday,9,Jan,False,0.0
S08966,Returning_Visitor,Organic,Asia,Tablet,1,37.0,True,0,0,Monday,9,Aug,True,0.0
S08967,Returning_Visitor,Organic,Asia,Mobile,6,155.1,False,1,0,Saturday,21,Oct,False,0.0
S08968,Returning_Visitor,Organic,Oceania,Desktop,8,87.8,False,3,1,Thursday,19,Jul,False,0.0
S08969,Returning_Visitor,Direct,Europe,Desktop,1,14.5,True,0,0,Tuesday,11,Feb,False,0.0
S08970,New_Visitor,Direct,Oceania,Tablet,2,7.6,False,0,0,Tuesday,21,Jun,False,0.0
S08971,New_Visitor,Direct,North America,Desktop,1,11.1,True,0,0,Saturday,8,Feb,True,0.0
S08972,Returning_Visitor,Organic,South America,Desktop,2,36.0,False,0,0,Friday,11,Sep,False,0.0
S08973,New_Visitor,Referral,Asia,Mobile,2,170.4,False,1,0,Sunday,16,Nov,False,0.0
S08974,New_Visitor,Social,South America,Tablet,3,82.0,False,0,0,Thursday,23,Feb,False,0.0
S08975,New_Visitor,Direct,North America,Mobile,1,70.5,True,0,0,Monday,13,Jan,True,0.0
S08976,Returning_Visitor,Paid,North America,Desktop,2,667.4,False,0,0,Friday,19,Jun,False,0.0
S08977,New_Visitor,Referral,North America,Desktop,3,156.9,False,1,0,Tuesday,21,May,False,0.0
S08978,Returning_Visitor,Social,Asia,Mobile,3,171.4,False,1,0,Wednesday,0,Apr,False,0.0
S08979,Returning_Visitor,Organic,Asia,Tablet,6,289.2,False,3,0,Tuesday,10,Mar,False,0.0
S08980,New_Visitor,Organic,Africa,Tablet,10,302.0,False,2,2,Wednesday,8,May,False,0.0
S08981,Returning_Visitor,Paid,Europe,Mobile,6,74.0,False,3,0,Saturday,18,Dec,False,0.0
S08982,Returning_Visitor,Social,North America,Mobile,1,227.7,True,0,0,Friday,14,Nov,False,0.0
S08983,Returning_Visitor,Organic,North America,Desktop,1,39.0,True,0,0,Monday,8,Aug,True,0.0
S08984,Returning_Visitor,Direct,North America,Desktop,1,164.8,True,0,0,Friday,12,Nov,False,0.0
S08985,New_Visitor,Referral,South America,Desktop,2,,False,1,1,Friday,14,Jan,False,0.0
S08986,Returning_Visitor,Referral,South America,Tablet,4,27.6,False,1,0,Sunday,17,Feb,False,0.0
S08987,New_Visitor,Paid,Oceania,Desktop,1,60.8,True,0,0,Saturday,18,Apr,False,0.0
S08988,Returning_Visitor,Organic,Europe,Desktop,1,114.4,True,0,0,Monday,7,Sep,False,0.0
S08989,Returning_Visitor,Direct,North America,Tablet,1,65.1,True,0,0,Sunday,13,Nov,False,0.0
S08990,Returning_Visitor,Organic,North America,Desktop,2,163.0,False,0,0,Monday,9,Apr,False,0.0
S08991,New_Visitor,Direct,Asia,Desktop,8,450.0,False,6,2,Tuesday,18,Feb,False,0.0
S08992,New_Visitor,Organic,Oceania,Mobile,2,164.6,False,0,0,Monday,16,Nov,False,0.0
S08993,New_Visitor,Paid,North America,Mobile,4,101.4,False,1,0,Tuesday,17,Jun,False,0.0
S08994,New_Visitor,Direct,North America,Mobile,2,59.2,False,0,0,Saturday,7,Sep,False,0.0
S08995,New_Visitor,Social,Asia,Tablet,4,363.7,False,0,0,Friday,14,Aug,False,0.0
S08996,New_Visitor,Organic,Asia,Desktop,5,485.0,False,0,0,Friday,19,Mar,False,0.0
S08997,New_Visitor,Organic,North America,Tablet,1,5.2,True,0,0,Sunday,17,Oct,True,0.0
S08998,Returning_Visitor,Organic,South America,Mobile,4,4.1,False,1,1,Wednesday,20,Jun,False,0.0
S08999,New_Visitor,Direct,North America,Desktop,2,131.8,False,1,0,Monday,9,Apr,False,0.0
S09000,Returning_Visitor,Social,Africa,Mobile,6,31.8,False,3,0,Friday,10,Dec,False,0.0
S09001,Returning_Visitor,Direct,North America,Desktop,1,11.3,True,0,0,Sunday,13,Jan,False,0.0
S09002,New_Visitor,Organic,North America,Desktop,7,92.3,False,2,0,Sunday,14,Jun,False,0.0
S09003,Returning_Visitor,Organic,Europe,Tablet,3,128.2,False,0,0,Wednesday,10,May,True,0.0
S09004,New_Visitor,Organic,North America,Desktop,1,13.5,True,0,0,Saturday,12,Jan,False,0.0
S09005,Returning_Visitor,Social,Europe,Desktop,2,23.9,False,0,0,Saturday,16,Feb,False,0.0
S09006,New_Visitor,Direct,Asia,Desktop,1,0.6,True,0,0,Monday,16,Mar,False,0.0
S09007,New_Visitor,Social,Europe,Desktop,9,785.6,False,3,2,Friday,8,Jul,False,0.0
S09008,Returning_Visitor,Referral,Asia,Tablet,1,8.8,True,0,0,Tuesday,23,Apr,False,0.0
S09009,New_Visitor,Organic,Europe,Tablet,8,403.7,False,5,0,Thursday,14,Nov,False,0.0
S09010,Returning_Visitor,Organic,North America,Mobile,6,128.2,False,5,2,Sunday,13,Apr,False,94.8
S09011,New_Visitor,Social,Oceania,Desktop,2,24.3,False,1,0,Saturday,22,Oct,False,0.0
S09012,New_Visitor,Social,South America,Mobile,1,25.6,True,0,0,Friday,8,Mar,False,0.0
S09013,New_Visitor,Direct,North America,Desktop,2,35.7,False,0,0,Saturday,14,Jan,False,0.0
S09014,New_Visitor,Organic,Europe,Desktop,,306.6,False,2,0,Tuesday,19,Apr,False,0.0
S09015,New_Visitor,Organic,Asia,Desktop,6,421.8,False,1,1,Tuesday,12,Nov,False,0.0
S09016,New_Visitor,Organic,North America,Desktop,3,9.4,False,0,0,Tuesday,17,Feb,False,0.0
S09017,New_Visitor,Organic,Asia,Mobile,3,36.4,False,0,0,Saturday,20,May,False,0.0
S09018,Returning_Visitor,Organic,Europe,Tablet,2,10.0,False,0,0,Sunday,10,Jan,False,0.0
S09019,New_Visitor,Direct,North America,Mobile,9,1800.0,False,3,1,Thursday,10,Sep,False,0.0
S09020,Returning_Visitor,Organic,North America,Mobile,14,716.6,False,3,0,Sunday,11,Dec,False,0.0
S09021,New_Visitor,Organic,South America,Desktop,2,206.0,False,0,0,Saturday,12,Jun,False,0.0
S09022,Returning_Visitor,Paid,Europe,Tablet,9,167.5,False,3,0,Thursday,8,Aug,True,0.0
S09023,New_Visitor,Referral,North America,Tablet,10,1354.6,False,2,0,Friday,10,Jun,False,0.0
S09024,New_Visitor,Paid,Asia,Tablet,2,119.0,False,0,0,Saturday,20,Dec,False,0.0
S09025,New_Visitor,Direct,Asia,Desktop,2,62.5,False,1,1,Monday,14,Oct,False,0.0
S09026,New_Visitor,Referral,North America,Mobile,7,385.4,False,2,1,Tuesday,10,Jan,False,0.0
S09027,Returning_Visitor,Organic,Africa,Mobile,9,73.6,False,4,1,Tuesday,21,Feb,False,0.0
S09028,New_Visitor,Referral,Asia,Desktop,2,45.1,False,1,0,Sunday,18,Jul,False,0.0
S09029,Returning_Visitor,Organic,Europe,Tablet,3,139.5,False,2,1,Sunday,11,Sep,False,0.0
S09030,New_Visitor,Organic,Europe,Desktop,2,122.7,False,0,0,Wednesday,18,Apr,False,0.0
S09031,New_Visitor,Paid,Asia,Desktop,1,14.7,True,0,0,Sunday,15,Sep,False,0.0
S09032,Returning_Visitor,Referral,North America,Mobile,17,1800.0,False,7,1,Thursday,16,Aug,False,0.0
S09033,New_Visitor,Paid,Europe,Desktop,1,107.4,True,0,0,Thursday,11,Jun,False,0.0
S09034,Returning_Visitor,Direct,Asia,Tablet,6,312.3,False,0,0,Saturday,9,Aug,False,0.0
S09035,New_Visitor,Direct,Europe,Desktop,2,434.9,False,0,0,Thursday,10,Dec,False,0.0
S09036,Returning_Visitor,Direct,Asia,Desktop,1,43.1,True,0,0,Thursday,7,Apr,False,0.0
S09037,New_Visitor,Social,Europe,Mobile,2,352.9,False,0,0,Monday,13,Nov,False,0.0
S09038,Returning_Visitor,Referral,North America,Desktop,1,83.6,True,0,0,Monday,12,Jan,False,0.0
S09039,Returning_Visitor,Paid,Europe,Mobile,13,191.2,False,3,1,Friday,0,Feb,False,0.0
S09040,New_Visitor,Organic,Europe,Mobile,1,31.2,True,0,0,Monday,20,Dec,False,0.0
S09041,New_Visitor,Social,South America,Mobile,5,91.5,False,2,0,Saturday,16,Sep,False,0.0
S09042,New_Visitor,Direct,Asia,Tablet,2,153.5,False,1,0,Friday,13,Sep,False,0.0
S09043,Returning_Visitor,Organic,Europe,Mobile,4,349.2,False,1,0,Thursday,22,May,False,0.0
S09044,New_Visitor,Direct,Oceania,Mobile,1,69.2,True,0,0,Friday,21,Mar,False,0.0
S09045,New_Visitor,Direct,North America,Tablet,1,47.3,True,0,0,Sunday,8,May,False,0.0
S09046,New_Visitor,Organic,North America,Mobile,5,154.3,False,1,0,Tuesday,15,Aug,False,0.0
S09047,New_Visitor,Organic,Europe,Desktop,4,996.6,False,0,0,Thursday,19,Sep,False,0.0
S09048,Returning_Visitor,Direct,North America,Desktop,1,1.7,True,0,0,Saturday,9,Mar,False,0.0
S09049,Returning_Visitor,Direct,Asia,Mobile,4,31.7,False,2,2,Monday,8,Jun,False,0.0
S09050,New_Visitor,Direct,North America,Tablet,3,164.4,False,0,0,Tuesday,10,Aug,False,0.0
S09051,Returning_Visitor,Organic,North America,Mobile,1,84.6,True,0,0,Thursday,10,Dec,False,0.0
S09052,New_Visitor,Organic,North America,Desktop,6,1137.8,False,0,0,Thursday,22,Aug,False,0.0
S09053,New_Visitor,Paid,Asia,Mobile,4,161.8,False,0,0,Monday,18,Aug,False,0.0
S09054,New_Visitor,Paid,Africa,Mobile,3,55.6,False,1,0,Wednesday,6,Oct,False,0.0
S09055,Returning_Visitor,Direct,South America,Desktop,1,119.4,True,0,0,Thursday,18,Jun,False,0.0
S09056,Returning_Visitor,Paid,North America,Tablet,3,104.6,False,0,0,Wednesday,9,Jun,False,0.0
S09057,Returning_Visitor,Referral,Asia,Tablet,1,8.3,True,0,0,Friday,11,Aug,False,0.0
S09058,New_Visitor,Organic,North America,Mobile,1,44.3,True,0,0,Saturday,11,Oct,False,0.0
S09059,New_Visitor,Organic,Europe,Desktop,1,44.7,True,0,0,Thursday,10,Sep,False,0.0
S09060,New_Visitor,Paid,South America,Mobile,4,62.5,False,3,0,Wednesday,11,Mar,False,0.0
S09061,Returning_Visitor,Referral,Europe,Desktop,4,36.8,False,1,1,Friday,18,Jun,False,0.0
S09062,Returning_Visitor,Social,North America,Mobile,1,9.2,True,0,0,Thursday,10,Jul,False,0.0
S09063,Returning_Visitor,Paid,Europe,Desktop,4,416.1,False,1,0,Sunday,19,Jul,False,0.0
S09064,New_Visitor,Direct,North America,Mobile,1,41.7,True,0,0,Thursday,7,May,False,0.0
S09065,New_Visitor,Organic,Europe,Desktop,8,639.9,False,1,0,Friday,15,Jul,True,0.0
S09066,New_Visitor,Organic,Europe,Mobile,5,984.8,False,2,0,Monday,20,Sep,False,0.0
S09067,New_Visitor,Organic,Europe,Mobile,4,376.8,False,2,1,Saturday,7,Jul,False,0.0
S09068,New_Visitor,Organic,Oceania,Tablet,1,10.2,True,0,0,Wednesday,16,Jun,False,0.0
S09069,New_Visitor,Direct,Asia,Desktop,14,457.4,False,4,3,Friday,14,Nov,False,0.0
S09070,New_Visitor,Organic,South America,Desktop,8,328.9,False,4,1,Wednesday,11,Oct,False,0.0
S09071,Returning_Visitor,Organic,South America,Desktop,3,217.5,False,0,0,Monday,8,Jun,False,0.0
S09072,Returning_Visitor,Direct,Asia,Desktop,1,201.0,True,0,0,Wednesday,16,Dec,False,0.0
S09073,New_Visitor,Direct,Europe,Desktop,3,60.4,False,1,0,Monday,11,Jan,False,0.0
S09074,New_Visitor,Direct,North America,Mobile,1,118.5,True,0,0,Wednesday,11,May,False,0.0
S09075,New_Visitor,Direct,Asia,Mobile,3,13.5,False,1,1,Wednesday,17,Jan,False,0.0
S09076,Returning_Visitor,Referral,Europe,Desktop,13,1603.3,False,4,2,Tuesday,21,Nov,False,0.0
S09077,Returning_Visitor,Paid,North America,Desktop,5,355.8,False,2,1,Monday,11,Oct,False,0.0
S09078,Returning_Visitor,Organic,Europe,Mobile,2,3.5,False,1,0,Saturday,18,Sep,False,20.99
S09079,Returning_Visitor,Organic,Asia,Desktop,2,113.2,False,0,0,Saturday,22,Mar,False,0.0
S09080,New_Visitor,Paid,Oceania,Tablet,9,1446.5,False,2,0,Tuesday,8,Oct,False,0.0
S09081,New_Visitor,Direct,Europe,Desktop,1,34.0,True,0,0,Thursday,14,May,False,0.0
S09082,New_Visitor,Social,Europe,Desktop,7,52.4,False,4,0,Thursday,1,Nov,False,0.0
S09083,New_Visitor,Organic,Africa,Desktop,1,268.5,True,0,0,Wednesday,19,Mar,False,0.0
S09084,Returning_Visitor,Social,Europe,Desktop,2,64.7,False,0,0,Tuesday,10,Mar,False,0.0
S09085,New_Visitor,Paid,North America,Tablet,5,225.1,False,1,0,Tuesday,11,Dec,False,0.0
S09086,New_Visitor,Referral,North America,Desktop,2,410.5,False,0,0,Sunday,16,Jul,False,0.0
S09087,New_Visitor,Organic,Africa,Mobile,,158.2,False,2,0,Saturday,18,Jun,False,0.0
S09088,Returning_Visitor,Paid,North America,Desktop,3,203.0,False,1,0,Wednesday,12,May,False,0.0
S09089,New_Visitor,Social,Europe,Mobile,3,222.8,False,1,1,Saturday,16,Nov,False,0.0
S09090,Returning_Visitor,Social,Europe,Tablet,1,84.0,True,0,0,Thursday,22,May,False,0.0
S09091,New_Visitor,Organic,South America,Mobile,,289.8,False,2,1,Monday,20,May,False,0.0
S09092,New_Visitor,Social,Oceania,Desktop,14,65.3,False,5,3,Saturday,17,Feb,False,0.0
S09093,New_Visitor,Organic,Europe,Mobile,1,163.4,True,0,0,Tuesday,21,Jul,True,0.0
S09094,Returning_Visitor,Organic,Oceania,Mobile,1,47.3,True,0,0,Friday,20,Dec,False,0.0
S09095,New_Visitor,Referral,North America,Desktop,2,91.6,False,0,0,Thursday,17,Dec,True,0.0
S09096,Returning_Visitor,Organic,North America,Mobile,2,216.6,False,0,0,Friday,21,Dec,True,0.0
S09097,New_Visitor,Referral,Oceania,Tablet,1,22.0,True,0,0,Thursday,19,Jul,False,0.0
S09098,New_Visitor,Referral,Europe,Desktop,3,192.0,False,1,0,Friday,13,Oct,False,0.0
S09099,Returning_Visitor,Organic,North America,Mobile,2,45.8,False,0,0,Monday,13,Aug,False,0.0
S09100,New_Visitor,Referral,Europe,Desktop,6,515.1,False,1,0,Monday,0,Aug,False,0.0
S09101,Returning_Visitor,Paid,South America,Desktop,2,68.1,False,0,0,Sunday,3,Nov,False,0.0
S09102,Returning_Visitor,Organic,South America,Tablet,13,161.1,False,5,0,Saturday,18,Nov,False,0.0
S09103,New_Visitor,Referral,Africa,Mobile,5,718.7,False,1,0,Saturday,14,Jan,True,0.0
S09104,Returning_Visitor,Direct,Asia,Desktop,3,251.9,False,0,0,Thursday,18,Dec,False,0.0
S09105,New_Visitor,Direct,Africa,Mobile,3,2.6,False,0,0,Thursday,22,Nov,False,0.0
S09106,New_Visitor,Organic,Europe,Mobile,7,28.0,False,3,0,Thursday,13,Oct,False,0.0
S09107,New_Visitor,Direct,Asia,Mobile,5,143.0,False,2,0,Tuesday,7,Nov,False,0.0
S09108,Returning_Visitor,Organic,South America,Desktop,4,363.5,False,1,0,Saturday,15,Jul,True,0.0
S09109,New_Visitor,Paid,Europe,Desktop,1,19.4,True,0,0,Saturday,8,Oct,False,0.0
S09110,Returning_Visitor,Referral,North America,Tablet,2,562.1,False,0,0,Sunday,15,Aug,False,0.0
S09111,Returning_Visitor,Direct,Europe,Mobile,5,754.3,False,3,0,Thursday,14,Aug,False,0.0
S09112,New_Visitor,Direct,Asia,Mobile,3,360.0,False,0,0,Wednesday,17,Mar,False,0.0
S09113,New_Visitor,Direct,North America,Mobile,10,5.5,False,4,0,Saturday,11,Nov,False,0.0
S09114,New_Visitor,Direct,North America,Desktop,7,1396.3,False,3,0,Saturday,8,Nov,False,0.0
S09115,New_Visitor,Direct,North America,Mobile,2,107.4,False,1,0,Sunday,10,Dec,False,0.0
S09116,New_Visitor,Direct,North America,Desktop,2,107.4,False,0,0,Friday,16,Feb,False,0.0
S09117,Returning_Visitor,Organic,Asia,Desktop,1,6.2,True,0,0,Sunday,13,Apr,False,0.0
S09118,Returning_Visitor,Organic,North America,Desktop,2,112.8,False,0,0,Monday,14,Sep,False,16.66
S09119,Returning_Visitor,Referral,North America,Mobile,1,45.1,True,0,0,Friday,11,Nov,False,0.0
S09120,Returning_Visitor,Social,Asia,Desktop,1,46.8,True,0,0,Monday,19,Oct,False,0.0
S09121,Returning_Visitor,Organic,South America,Desktop,1,12.7,True,0,0,Saturday,23,Jun,False,0.0
S09122,New_Visitor,Organic,North America,Desktop,2,,False,1,1,Friday,11,Oct,False,0.0
S09123,Returning_Visitor,Organic,North America,Desktop,7,31.5,False,3,2,Monday,17,Feb,False,0.0
S09124,Returning_Visitor,Paid,Oceania,Mobile,2,2.6,False,0,0,Friday,9,Sep,False,0.0
S09125,New_Visitor,Social,Europe,Mobile,2,28.8,False,0,0,Monday,17,Jan,False,0.0
S09126,Returning_Visitor,Referral,Oceania,Desktop,2,194.2,False,0,0,Monday,12,Jan,False,0.0
S09127,New_Visitor,Paid,North America,Desktop,2,111.0,False,0,0,Tuesday,15,Oct,False,0.0
S09128,Returning_Visitor,Direct,North America,Mobile,4,539.3,False,2,1,Thursday,10,Jul,False,0.0
S09129,Returning_Visitor,Paid,North America,Mobile,3,88.7,False,0,0,Monday,19,Jan,False,0.0
S09130,Returning_Visitor,Organic,North America,Mobile,2,51.7,False,0,0,Monday,9,Jul,False,0.0
S09131,New_Visitor,Organic,Africa,Desktop,9,650.2,False,3,1,Tuesday,21,Jan,False,0.0
S09132,Returning_Visitor,Referral,Oceania,Mobile,1,31.4,True,0,0,Monday,7,May,False,0.0
S09133,New_Visitor,Direct,Oceania,Mobile,6,172.8,False,3,0,Tuesday,10,Mar,False,41.41
S09134,New_Visitor,Referral,Africa,Mobile,3,112.9,False,1,0,Friday,14,Mar,True,0.0
S09135,Returning_Visitor,Direct,South America,Desktop,2,14.6,False,0,0,Friday,20,Mar,False,0.0
S09136,Returning_Visitor,Referral,Asia,Desktop,1,13.6,True,0,0,Sunday,15,May,False,0.0
S09137,Returning_Visitor,Organic,South America,Mobile,6,332.9,False,2,0,Monday,10,Feb,True,0.0
S09138,New_Visitor,Organic,North America,Desktop,1,56.3,True,0,0,Sunday,20,Jul,False,0.0
S09139,New_Visitor,Paid,Europe,Desktop,4,214.1,False,1,0,Wednesday,15,Jun,False,0.0
S09140,Returning_Visitor,Paid,Asia,Mobile,7,93.6,False,2,1,Wednesday,10,Nov,False,0.0
S09141,New_Visitor,Paid,Africa,Mobile,3,103.0,False,2,0,Wednesday,14,Nov,False,0.0
S09142,New_Visitor,Social,Asia,Mobile,4,609.2,False,0,0,Monday,16,Nov,False,0.0
S09143,Returning_Visitor,Referral,South America,Mobile,2,236.8,False,0,0,Thursday,16,Jul,False,0.0
S09144,New_Visitor,Referral,Europe,Mobile,4,195.7,False,3,2,Saturday,17,Apr,True,0.0
S09145,Returning_Visitor,Organic,Asia,Mobile,4,554.6,False,2,0,Sunday,20,Jun,False,0.0
S09146,New_Visitor,Organic,Oceania,Tablet,2,134.9,False,0,0,Sunday,19,Sep,False,0.0
S09147,New_Visitor,Organic,North America,Mobile,4,127.6,False,0,0,Saturday,15,Jul,False,0.0
S09148,New_Visitor,Paid,Africa,Mobile,1,89.9,True,0,0,Friday,4,Sep,True,0.0
S09149,New_Visitor,Organic,Europe,Desktop,4,,False,2,0,Thursday,18,Sep,False,0.0
S09150,New_Visitor,Paid,Asia,Tablet,4,462.9,False,0,0,Sunday,22,Dec,False,0.0
S09151,New_Visitor,Direct,Africa,Desktop,2,48.0,False,0,0,Saturday,11,Dec,True,0.0
S09152,New_Visitor,Social,Europe,Mobile,1,95.0,True,0,0,Tuesday,15,Nov,False,0.0
S09153,New_Visitor,Organic,Europe,Desktop,5,99.1,False,1,0,Friday,18,Jan,False,0.0
S09154,New_Visitor,Organic,Europe,Mobile,5,746.4,False,0,0,Thursday,16,Dec,False,0.0
S09155,New_Visitor,Paid,North America,Desktop,1,12.3,True,0,0,Friday,21,Oct,False,0.0
S09156,New_Visitor,Organic,Europe,Mobile,3,228.5,False,0,0,Sunday,13,Sep,False,0.0
S09157,Returning_Visitor,Organic,North America,Desktop,1,31.5,True,0,0,Friday,14,Jan,False,0.0
S09158,Returning_Visitor,Organic,Africa,Desktop,2,2.2,False,0,0,Sunday,5,Jul,False,0.0
S09159,Returning_Visitor,Organic,North America,Mobile,2,48.4,False,0,0,Sunday,20,Sep,False,0.0
S09160,New_Visitor,Organic,Europe,Desktop,1,13.6,True,0,0,Monday,10,Apr,False,0.0
S09161,Returning_Visitor,Referral,Oceania,Desktop,2,97.2,False,1,1,Monday,23,Feb,False,0.0
S09162,Returning_Visitor,Direct,Africa,Mobile,4,72.2,False,1,0,Wednesday,9,Jul,False,0.0
S09163,Returning_Visitor,Referral,Asia,Tablet,2,9.0,False,1,0,Sunday,10,Jun,False,0.0
S09164,New_Visitor,Organic,Asia,Desktop,1,183.6,True,0,0,Tuesday,13,Jan,False,0.0
S09165,Returning_Visitor,Social,North America,Desktop,2,223.8,False,0,0,Friday,16,Jul,False,0.0
S09166,Returning_Visitor,Social,Europe,Mobile,3,8.4,False,0,0,Thursday,13,Feb,False,0.0
S09167,Returning_Visitor,Organic,North America,Desktop,9,171.0,False,2,1,Saturday,11,Jun,False,0.0
S09168,New_Visitor,Direct,South America,Desktop,3,179.2,False,1,0,Tuesday,14,Apr,False,0.0
S09169,New_Visitor,Organic,Europe,Mobile,7,162.8,False,4,0,Tuesday,22,Dec,False,0.0
S09170,New_Visitor,Social,Asia,Desktop,13,258.2,False,4,0,Tuesday,22,Jan,False,0.0
S09171,New_Visitor,Social,Europe,Mobile,3,163.1,False,1,0,Thursday,11,Aug,False,0.0
S09172,Returning_Visitor,Paid,Europe,Mobile,,13.0,True,0,0,Tuesday,16,Mar,False,0.0
S09173,New_Visitor,Organic,Asia,Tablet,7,439.2,False,4,1,Saturday,17,May,False,0.0
S09174,New_Visitor,Direct,South America,Tablet,6,33.7,False,2,0,Wednesday,16,Mar,False,0.0
S09175,New_Visitor,Organic,North America,Mobile,7,165.0,False,2,1,Friday,8,Dec,True,0.0
S09176,New_Visitor,Direct,Europe,Mobile,10,73.7,False,4,1,Sunday,14,Jan,False,0.0
S09177,New_Visitor,Direct,North America,Mobile,1,21.1,True,0,0,Friday,18,Aug,False,0.0
S09178,Returning_Visitor,Organic,North America,Desktop,2,137.8,False,0,0,Tuesday,9,Aug,False,0.0
S09179,Returning_Visitor,Social,Asia,Desktop,4,346.4,False,1,0,Saturday,11,Oct,False,0.0
S09180,New_Visitor,Direct,North America,Tablet,3,28.2,False,2,0,Monday,9,Sep,False,0.0
S09181,New_Visitor,Social,North America,Desktop,7,575.9,False,2,0,Tuesday,20,Apr,False,0.0
S09182,New_Visitor,Organic,Africa,Desktop,1,5.3,True,0,0,Wednesday,20,Aug,False,0.0
S09183,New_Visitor,Paid,Europe,Mobile,4,58.6,False,1,0,Tuesday,9,Dec,False,0.0
S09184,Returning_Visitor,Paid,North America,Mobile,9,374.7,False,2,1,Friday,18,Nov,False,136.22
S09185,Returning_Visitor,Paid,North America,Desktop,1,213.0,True,0,0,Thursday,11,Jun,False,0.0
S09186,Returning_Visitor,Social,North America,Desktop,2,435.9,False,0,0,Wednesday,16,Jul,True,0.0
S09187,Returning_Visitor,Social,Europe,Desktop,2,78.1,False,0,0,Wednesday,13,Feb,False,0.0
S09188,New_Visitor,Referral,Asia,Tablet,1,98.1,True,0,0,Thursday,13,Aug,False,0.0
S09189,Returning_Visitor,Organic,Asia,Tablet,,48.4,True,0,0,Wednesday,20,Apr,False,0.0
S09190,Returning_Visitor,Referral,North America,Desktop,2,167.2,False,0,0,Tuesday,16,Feb,False,0.0
S09191,Returning_Visitor,Social,Asia,Mobile,1,63.5,True,0,0,Wednesday,10,Jul,False,0.0
S09192,New_Visitor,Paid,Europe,Desktop,2,143.3,False,1,0,Friday,8,Jan,False,44.68
S09193,Returning_Visitor,Direct,Europe,Mobile,1,34.7,True,0,0,Friday,21,Feb,False,0.0
S09194,Returning_Visitor,Organic,South America,Desktop,6,644.6,False,3,1,Wednesday,9,Mar,False,0.0
S09195,Returning_Visitor,Referral,Europe,Mobile,3,106.2,False,1,0,Sunday,17,Dec,False,0.0
S09196,New_Visitor,Paid,North America,Desktop,7,513.8,False,3,1,Tuesday,13,Nov,False,0.0
S09197,Returning_Visitor,Organic,Africa,Desktop,1,122.5,True,0,0,Friday,8,Aug,False,0.0
S09198,Returning_Visitor,Direct,North America,Desktop,1,,True,0,0,Monday,18,Apr,False,0.0
S09199,Returning_Visitor,Direct,North America,Desktop,2,85.5,False,0,0,Friday,21,Jul,True,0.0
S09200,Returning_Visitor,Organic,Asia,Tablet,1,45.1,True,0,0,Thursday,8,Sep,False,0.0
S09201,Returning_Visitor,Organic,Asia,Tablet,7,518.2,False,1,0,Thursday,7,Jan,False,30.53
S09202,New_Visitor,Direct,South America,Mobile,1,5.8,True,0,0,Tuesday,19,Dec,False,0.0
S09203,Returning_Visitor,Paid,North America,Desktop,1,60.7,True,0,0,Thursday,13,Sep,False,0.0
S09204,New_Visitor,Organic,Europe,Desktop,5,141.0,False,2,0,Saturday,16,Dec,False,0.0
S09205,Returning_Visitor,Direct,North America,Desktop,4,34.9,False,2,1,Saturday,13,Jul,False,0.0
S09206,New_Visitor,Social,Europe,Desktop,1,146.2,True,0,0,Tuesday,12,Sep,False,0.0
S09207,New_Visitor,Paid,North America,Desktop,3,123.9,False,1,0,Wednesday,11,Jul,False,0.0
S09208,Returning_Visitor,Paid,Asia,Mobile,2,73.3,False,0,0,Monday,14,Jan,False,0.0
S09209,Returning_Visitor,Direct,North America,Desktop,2,93.8,False,1,0,Monday,9,Nov,False,20.8
S09210,Returning_Visitor,Paid,North America,Mobile,1,58.5,True,0,0,Monday,17,Jun,False,0.0
S09211,Returning_Visitor,Organic,Europe,Mobile,5,64.9,False,1,0,Wednesday,14,Jul,False,0.0
S09212,Returning_Visitor,Social,Oceania,Desktop,1,58.9,True,0,0,Saturday,19,May,False,0.0
S09213,New_Visitor,Referral,Africa,Mobile,2,52.1,False,1,0,Thursday,21,Jun,False,0.0
S09214,New_Visitor,Organic,Oceania,Desktop,7,526.8,False,2,1,Saturday,20,Oct,False,0.0
S09215,New_Visitor,Direct,Europe,Desktop,2,177.3,False,1,0,Saturday,15,Oct,False,0.0
S09216,New_Visitor,Organic,North America,Desktop,1,0.5,True,0,0,Friday,11,Nov,False,0.0
S09217,New_Visitor,Paid,Europe,Mobile,7,529.2,False,2,1,Thursday,11,Dec,False,0.0
S09218,Returning_Visitor,Direct,Asia,Desktop,3,78.2,False,1,0,Sunday,16,Jun,False,0.0
S09219,Returning_Visitor,Referral,North America,Mobile,3,65.2,False,1,0,Thursday,17,May,False,0.0
S09220,New_Visitor,Organic,North America,Desktop,3,84.0,False,0,0,Thursday,9,Jul,False,0.0
S09221,New_Visitor,Organic,North America,Desktop,1,51.4,True,0,0,Sunday,23,Mar,False,0.0
S09222,Returning_Visitor,Paid,Europe,Desktop,4,29.2,False,1,0,Monday,8,Oct,False,0.0
S09223,New_Visitor,Social,North America,Mobile,1,71.9,True,0,0,Friday,15,Aug,False,0.0
S09224,New_Visitor,Paid,North America,Mobile,2,70.7,False,0,0,Monday,14,Mar,False,0.0
S09225,Returning_Visitor,Organic,Europe,Mobile,3,31.3,False,1,0,Saturday,15,Nov,False,0.0
S09226,Returning_Visitor,Organic,Europe,Desktop,5,213.6,False,2,2,Saturday,14,Aug,False,0.0
S09227,New_Visitor,Direct,Europe,Desktop,4,204.9,False,1,0,Thursday,6,Jan,False,0.0
S09228,Returning_Visitor,Direct,Asia,Mobile,1,,True,0,0,Friday,23,Mar,False,0.0
S09229,New_Visitor,Organic,North America,Desktop,5,689.7,False,1,0,Saturday,23,Dec,False,0.0
S09230,Returning_Visitor,Social,South America,Desktop,4,286.7,False,0,0,Thursday,14,Jun,False,0.0
S09231,New_Visitor,Direct,North America,Desktop,3,194.9,False,2,0,Sunday,9,Dec,False,0.0
S09232,New_Visitor,Organic,Europe,Mobile,11,36.2,False,6,3,Thursday,9,Jul,False,0.0
S09233,Returning_Visitor,Direct,Asia,Mobile,2,83.6,False,0,0,Sunday,6,Mar,False,0.0
S09234,New_Visitor,Referral,Oceania,Desktop,4,456.6,False,2,1,Friday,15,Aug,False,0.0
S09235,Returning_Visitor,Social,Asia,Mobile,3,198.6,False,2,0,Wednesday,13,Feb,False,0.0
S09236,New_Visitor,Direct,North America,Mobile,2,31.8,False,1,0,Monday,12,Nov,False,0.0
S09237,New_Visitor,Direct,Europe,Desktop,5,592.5,False,1,1,Wednesday,14,Sep,False,0.0
S09238,New_Visitor,Organic,Europe,Desktop,2,55.4,False,0,0,Sunday,20,Dec,False,0.0
S09239,New_Visitor,Paid,Europe,Mobile,3,443.8,False,0,0,Wednesday,7,Sep,False,0.0
S09240,Returning_Visitor,Paid,North America,Mobile,3,129.2,False,1,1,Wednesday,14,Jan,False,0.0
S09241,New_Visitor,Referral,Europe,Desktop,3,278.0,False,2,0,Thursday,17,Jul,False,0.0
S09242,Returning_Visitor,Organic,North America,Mobile,2,113.6,False,1,0,Tuesday,22,Jul,False,0.0
S09243,Returning_Visitor,Direct,Asia,Mobile,1,20.7,True,0,0,Thursday,17,Dec,False,0.0
S09244,Returning_Visitor,Referral,Asia,Mobile,1,63.6,True,0,0,Wednesday,14,Jun,False,0.0
S09245,New_Visitor,Paid,North America,Desktop,1,0.6,True,0,0,Sunday,18,Aug,False,0.0
S09246,Returning_Visitor,Paid,Africa,Desktop,4,432.7,False,1,0,Thursday,23,Mar,False,0.0
S09247,New_Visitor,Paid,Asia,Mobile,5,1012.9,False,3,0,Saturday,20,Apr,False,0.0
S09248,New_Visitor,Organic,Europe,Mobile,4,55.7,False,0,0,Friday,7,Aug,False,0.0
S09249,New_Visitor,Paid,North America,Desktop,8,1032.5,False,2,2,Tuesday,15,Sep,False,14.05
S09250,New_Visitor,Referral,Asia,Mobile,1,11.0,True,0,0,Sunday,18,Jun,False,0.0
S09251,New_Visitor,Social,Europe,Mobile,6,243.5,False,2,1,Monday,16,Jun,False,0.0
S09252,Returning_Visitor,Direct,Africa,Mobile,1,20.8,True,0,0,Thursday,12,Apr,False,0.0
S09253,New_Visitor,Direct,North America,Desktop,1,12.8,True,0,0,Tuesday,11,Sep,False,0.0
S09254,New_Visitor,Direct,North America,Mobile,1,84.6,True,0,0,Thursday,15,Jan,False,0.0
S09255,Returning_Visitor,Organic,Oceania,Mobile,3,295.7,False,1,0,Wednesday,12,Jul,False,0.0
S09256,New_Visitor,Direct,Oceania,Desktop,5,547.2,False,4,1,Saturday,12,Jan,False,0.0
S09257,New_Visitor,Paid,North America,Desktop,6,3.1,False,2,1,Sunday,19,Aug,False,0.0
S09258,New_Visitor,Organic,Asia,Desktop,2,225.9,False,0,0,Friday,11,Jan,False,0.0
S09259,Returning_Visitor,Organic,North America,Mobile,1,3.2,True,0,0,Wednesday,16,Dec,False,0.0
S09260,New_Visitor,Organic,Asia,Desktop,1,35.7,True,0,0,Friday,20,Jul,False,0.0
S09261,New_Visitor,Direct,Africa,Tablet,8,92.5,False,4,2,Sunday,15,Sep,False,80.9
S09262,New_Visitor,Paid,North America,Tablet,1,142.3,True,0,0,Tuesday,13,Nov,False,0.0
S09263,Returning_Visitor,Organic,North America,Mobile,5,257.9,False,4,0,Monday,4,Apr,False,0.0
S09264,Returning_Visitor,Organic,North America,Mobile,1,37.9,True,0,0,Monday,16,Aug,False,0.0
S09265,Returning_Visitor,Paid,North America,Mobile,1,35.2,True,0,0,Thursday,23,Nov,False,0.0
S09266,New_Visitor,Paid,North America,Desktop,1,31.1,True,0,0,Saturday,19,Jul,False,0.0
S09267,New_Visitor,Organic,South America,Mobile,1,38.5,True,0,0,Friday,16,Jun,False,0.0
S09268,New_Visitor,Social,North America,Desktop,2,100.1,False,1,0,Thursday,13,May,False,0.0
S09269,New_Visitor,Referral,Europe,Desktop,1,101.9,True,0,0,Saturday,10,Jun,False,0.0
S09270,New_Visitor,Social,South America,Desktop,11,179.1,False,3,0,Friday,17,Aug,False,0.0
S09271,New_Visitor,Direct,Europe,Mobile,1,97.9,True,0,0,Friday,9,Jan,True,0.0
S09272,New_Visitor,Paid,Europe,Desktop,5,532.4,False,2,0,Tuesday,20,Jun,False,0.0
S09273,Returning_Visitor,Organic,North America,Mobile,3,343.0,False,1,0,Wednesday,11,Aug,False,0.0
S09274,New_Visitor,Organic,Asia,Tablet,1,170.4,True,0,0,Wednesday,12,Oct,False,0.0
S09275,Returning_Visitor,Direct,North America,Desktop,1,188.2,True,0,0,Saturday,10,Jul,False,0.0
S09276,New_Visitor,Direct,South America,Mobile,3,20.6,False,1,0,Saturday,13,Dec,False,0.0
S09277,New_Visitor,Paid,North America,Mobile,2,252.2,False,1,0,Tuesday,16,Jun,False,0.0
S09278,New_Visitor,Referral,Asia,Desktop,2,224.1,False,0,0,Monday,11,Sep,False,0.0
S09279,New_Visitor,Organic,Asia,Tablet,3,85.3,False,0,0,Saturday,17,Jan,False,0.0
S09280,New_Visitor,Direct,Asia,Tablet,3,211.6,False,1,0,Wednesday,15,Apr,False,0.0
S09281,New_Visitor,Direct,North America,Desktop,3,470.4,False,1,0,Tuesday,12,Nov,False,0.0
S09282,Returning_Visitor,Paid,North America,Desktop,1,5.7,True,0,0,Monday,11,Aug,False,0.0
S09283,Returning_Visitor,Referral,Africa,Tablet,5,131.3,False,1,0,Monday,20,Dec,False,0.0
S09284,New_Visitor,Referral,North America,Tablet,2,438.0,False,0,0,Wednesday,1,Oct,False,0.0
S09285,Returning_Visitor,Social,North America,Desktop,1,47.7,True,0,0,Wednesday,17,Jun,False,0.0
S09286,Returning_Visitor,Social,Asia,Desktop,1,5.8,True,0,0,Friday,12,Oct,True,0.0
S09287,Returning_Visitor,Referral,South America,Mobile,1,194.7,True,0,0,Sunday,17,Jul,False,0.0
S09288,Returning_Visitor,Organic,Europe,Desktop,3,419.5,False,1,0,Tuesday,14,May,False,0.0
S09289,New_Visitor,Paid,Asia,Tablet,2,197.1,False,0,0,Tuesday,7,Jan,False,55.13
S09290,New_Visitor,Social,Asia,Mobile,,94.7,True,0,0,Wednesday,23,Nov,True,0.0
S09291,New_Visitor,Social,North America,Mobile,1,39.9,True,0,0,Thursday,7,Jun,False,0.0
S09292,New_Visitor,Paid,Asia,Desktop,1,124.9,True,0,0,Friday,9,Sep,False,0.0
S09293,New_Visitor,Social,South America,Mobile,2,43.8,False,0,0,Wednesday,12,Mar,False,0.0
S09294,Returning_Visitor,Social,Oceania,Desktop,5,133.2,False,3,0,Monday,21,Nov,False,0.0
S09295,Returning_Visitor,Paid,North America,Desktop,3,43.8,False,2,0,Saturday,11,Nov,True,0.0
S09296,Returning_Visitor,Organic,Asia,Mobile,5,154.8,False,1,0,Saturday,14,Jul,False,0.0
S09297,Returning_Visitor,Direct,Europe,Mobile,2,31.9,False,1,1,Tuesday,14,Sep,True,0.0
S09298,Returning_Visitor,Referral,North America,Mobile,1,24.9,True,0,0,Monday,11,Jul,True,0.0
S09299,Returning_Visitor,Direct,Asia,Tablet,5,351.7,False,0,0,Thursday,17,Aug,True,0.0
S09300,New_Visitor,Social,North America,Desktop,,135.0,False,1,0,Tuesday,13,Nov,False,0.0
S09301,New_Visitor,Social,Europe,Desktop,3,262.7,False,1,1,Wednesday,15,Dec,False,0.0
S09302,New_Visitor,Social,North America,Mobile,7,273.8,False,3,0,Saturday,9,May,False,9.11
S09303,Returning_Visitor,Paid,Europe,Desktop,3,27.0,False,0,0,Tuesday,21,May,False,0.0
S09304,New_Visitor,Organic,Europe,Mobile,3,243.9,False,2,1,Saturday,8,May,False,0.0
S09305,Returning_Visitor,Social,Europe,Mobile,3,12.3,False,1,1,Friday,17,Oct,False,0.0
S09306,New_Visitor,Referral,Asia,Tablet,3,513.9,False,2,0,Tuesday,20,Oct,False,0.0
S09307,New_Visitor,Direct,North America,Mobile,3,331.0,False,0,0,Thursday,7,Jan,True,0.0
S09308,Returning_Visitor,Organic,Asia,Desktop,1,198.0,True,0,0,Friday,3,Feb,False,0.0
S09309,New_Visitor,Paid,Africa,Desktop,10,171.5,False,4,1,Tuesday,11,Sep,False,0.0
S09310,New_Visitor,Referral,North America,Desktop,10,393.8,False,3,0,Monday,18,Apr,False,0.0
S09311,New_Visitor,Social,Europe,Desktop,1,12.9,True,0,0,Thursday,17,Feb,False,0.0
S09312,New_Visitor,Direct,Asia,Desktop,3,98.8,False,2,1,Friday,19,Jun,False,0.0
S09313,Returning_Visitor,Organic,Asia,Desktop,5,83.8,False,0,0,Thursday,12,Nov,False,0.0
S09314,New_Visitor,Direct,Europe,Tablet,1,114.9,True,0,0,Monday,23,May,False,0.0
S09315,Returning_Visitor,Direct,Asia,Desktop,1,7.8,True,0,0,Sunday,11,Sep,False,0.0
S09316,New_Visitor,Paid,North America,Mobile,3,45.9,False,1,0,Friday,19,Dec,False,0.0
S09317,Returning_Visitor,Organic,Europe,Desktop,1,18.4,True,0,0,Friday,11,Mar,False,0.0
S09318,New_Visitor,Paid,Europe,Desktop,,482.4,False,1,0,Friday,10,Aug,True,0.0
S09319,Returning_Visitor,Paid,North America,Desktop,7,418.0,False,4,0,Wednesday,11,Dec,False,0.0
S09320,Returning_Visitor,Paid,Europe,Desktop,4,,False,1,1,Sunday,9,Mar,False,0.0
S09321,New_Visitor,Direct,Asia,Mobile,6,335.0,False,1,0,Monday,8,Dec,True,0.0
S09322,Returning_Visitor,Paid,South America,Mobile,4,449.7,False,2,0,Saturday,11,May,False,0.0
S09323,Returning_Visitor,Direct,North America,Mobile,1,36.1,True,0,0,Wednesday,8,Mar,False,0.0
S09324,New_Visitor,Organic,Oceania,Mobile,1,56.8,True,0,0,Sunday,13,Nov,False,0.0
S09325,New_Visitor,Organic,Asia,Mobile,6,273.3,False,2,1,Friday,4,Jul,False,0.0
S09326,Returning_Visitor,Paid,Europe,Tablet,4,106.3,False,0,0,Thursday,12,Sep,False,0.0
S09327,Returning_Visitor,Organic,North America,Mobile,2,0.3,False,0,0,Sunday,22,Jul,False,35.11
S09328,New_Visitor,Direct,Asia,Desktop,5,61.8,False,1,0,Sunday,11,Sep,False,0.0
S09329,New_Visitor,Organic,Africa,Tablet,1,176.4,True,0,0,Monday,8,Jan,False,0.0
S09330,Returning_Visitor,Organic,Europe,Tablet,2,52.6,False,1,0,Tuesday,11,May,False,0.0
S09331,Returning_Visitor,Organic,Asia,Mobile,2,42.3,False,0,0,Friday,18,Sep,False,0.0
S09332,Returning_Visitor,Paid,Europe,Mobile,1,57.1,True,0,0,Sunday,11,May,False,0.0
S09333,New_Visitor,Referral,Europe,Desktop,5,702.4,False,2,0,Thursday,12,Oct,True,0.0
S09334,Returning_Visitor,Paid,North America,Mobile,5,108.1,False,1,0,Monday,18,Dec,False,0.0
S09335,New_Visitor,Referral,Asia,Tablet,3,45.4,False,1,1,Friday,10,Jan,False,0.0
S09336,New_Visitor,Paid,Europe,Mobile,2,278.7,False,0,0,Tuesday,13,Nov,True,0.0
S09337,Returning_Visitor,Direct,North America,Mobile,3,267.3,False,0,0,Thursday,7,Mar,False,0.0
S09338,Returning_Visitor,Referral,Europe,Desktop,7,509.3,False,3,1,Wednesday,9,Dec,False,0.0
S09339,New_Visitor,Referral,Africa,Desktop,2,97.8,False,1,0,Thursday,9,Dec,False,0.0
S09340,New_Visitor,Direct,Asia,Mobile,2,66.5,False,0,0,Sunday,13,Aug,False,0.0
S09341,Returning_Visitor,Social,Europe,Desktop,3,182.8,False,0,0,Thursday,19,Jul,False,0.0
S09342,New_Visitor,Referral,Africa,Mobile,4,58.7,False,0,0,Monday,11,Oct,False,0.0
S09343,Returning_Visitor,Social,North America,Mobile,2,204.0,False,1,0,Friday,12,Dec,True,0.0
S09344,Returning_Visitor,Social,North America,Desktop,6,193.9,False,3,1,Wednesday,11,Apr,True,0.0
S09345,New_Visitor,Organic,North America,Desktop,2,168.7,False,1,0,Saturday,11,Jun,False,0.0
S09346,Returning_Visitor,Referral,North America,Mobile,4,400.7,False,0,0,Thursday,12,Jun,False,0.0
S09347,Returning_Visitor,Organic,North America,Desktop,4,18.8,False,2,0,Saturday,20,Nov,False,0.0
S09348,Returning_Visitor,Referral,Asia,Desktop,2,135.0,False,1,0,Sunday,2,Feb,True,0.0
S09349,Returning_Visitor,Referral,Asia,Mobile,1,21.6,True,0,0,Wednesday,15,Sep,False,0.0
S09350,Returning_Visitor,Paid,Asia,Mobile,6,160.0,False,4,0,Sunday,20,May,False,0.0
S09351,New_Visitor,Organic,Asia,Tablet,2,158.7,False,1,1,Monday,12,Nov,False,0.0
S09352,New_Visitor,Organic,South America,Mobile,1,189.4,True,0,0,Friday,16,May,False,0.0
S09353,Returning_Visitor,Organic,North America,Mobile,10,976.8,False,3,2,Monday,15,Dec,False,0.0
S09354,New_Visitor,Direct,Asia,Mobile,2,41.4,False,0,0,Tuesday,11,Jan,False,0.0
S09355,New_Visitor,Social,Asia,Mobile,2,147.7,False,0,0,Friday,8,Apr,False,0.0
S09356,Returning_Visitor,Social,Oceania,Mobile,2,47.7,False,0,0,Monday,10,Jun,False,0.0
S09357,Returning_Visitor,Social,North America,Desktop,2,69.5,False,0,0,Monday,6,Apr,False,0.0
S09358,New_Visitor,Paid,North America,Desktop,1,7.9,True,0,0,Wednesday,18,Oct,False,0.0
S09359,Returning_Visitor,Direct,Asia,Mobile,4,431.4,False,0,0,Friday,14,Nov,False,0.0
S09360,Returning_Visitor,Organic,Asia,Desktop,1,62.5,True,0,0,Monday,18,Sep,False,0.0
S09361,New_Visitor,Organic,North America,Desktop,4,477.0,False,2,0,Thursday,10,Dec,False,9.43
S09362,Returning_Visitor,Paid,Asia,Tablet,5,75.9,False,0,0,Friday,19,Jun,False,0.0
S09363,New_Visitor,Social,North America,Desktop,1,8.3,True,0,0,Wednesday,11,Dec,False,0.0
S09364,New_Visitor,Referral,Oceania,Desktop,4,405.6,False,0,0,Monday,8,Feb,False,0.0
S09365,New_Visitor,Direct,North America,Desktop,4,506.8,False,0,0,Friday,14,Nov,False,0.0
S09366,New_Visitor,Direct,North America,Mobile,1,11.3,True,0,0,Friday,21,Jan,False,0.0
S09367,New_Visitor,Paid,North America,Tablet,3,184.8,False,2,2,Thursday,12,Jul,False,57.2
S09368,Returning_Visitor,Organic,Europe,Mobile,2,21.6,False,1,0,Friday,14,Jul,False,0.0
S09369,Returning_Visitor,Social,North America,Mobile,1,0.9,True,0,0,Tuesday,13,Nov,False,0.0
S09370,Returning_Visitor,Direct,Asia,Tablet,3,140.7,False,0,0,Friday,13,Oct,False,0.0
S09371,Returning_Visitor,Organic,Africa,Tablet,,1800.0,False,2,0,Tuesday,10,Jun,False,0.0
S09372,New_Visitor,Social,North America,Desktop,4,214.3,False,0,0,Wednesday,12,Dec,False,0.0
S09373,New_Visitor,Direct,Asia,Mobile,2,67.3,False,1,0,Monday,13,Nov,False,0.0
S09374,Returning_Visitor,Social,North America,Desktop,3,59.6,False,0,0,Saturday,18,Jan,False,0.0
S09375,New_Visitor,Social,Europe,Desktop,5,99.2,False,2,0,Thursday,8,Nov,False,0.0
S09376,New_Visitor,Direct,North America,Mobile,1,18.3,True,0,0,Sunday,15,Jul,False,0.0
S09377,Returning_Visitor,Social,North America,Desktop,3,42.2,False,1,0,Sunday,16,Nov,False,0.0
S09378,New_Visitor,Referral,Asia,Mobile,3,12.4,False,2,0,Sunday,12,Mar,False,0.0
S09379,Returning_Visitor,Organic,North America,Desktop,2,169.8,False,1,1,Monday,14,Mar,False,0.0
S09380,New_Visitor,Social,Africa,Desktop,5,113.7,False,3,2,Friday,17,Oct,False,36.41
S09381,New_Visitor,Referral,Asia,Desktop,3,30.5,False,1,0,Wednesday,13,Apr,False,0.0
S09382,New_Visitor,Organic,Asia,Mobile,4,222.4,False,1,0,Thursday,11,Aug,False,0.0
S09383,Returning_Visitor,Paid,Oceania,Mobile,3,490.2,False,1,0,Wednesday,19,Sep,False,18.29
S09384,New_Visitor,Direct,Oceania,Tablet,5,349.9,False,1,0,Monday,23,Aug,False,0.0
S09385,New_Visitor,Paid,Asia,Mobile,4,51.1,False,1,0,Friday,10,Sep,False,0.0
S09386,Returning_Visitor,Paid,Europe,Mobile,4,128.3,False,3,0,Sunday,20,Sep,False,0.0
S09387,Returning_Visitor,Direct,Europe,Desktop,1,104.6,True,0,0,Thursday,14,May,False,0.0
S09388,New_Visitor,Direct,Asia,Mobile,6,18.7,False,3,1,Wednesday,13,Feb,False,0.0
S09389,New_Visitor,Direct,Europe,Mobile,1,24.6,True,0,0,Sunday,20,Nov,False,0.0
S09390,New_Visitor,Direct,Oceania,Mobile,2,58.9,False,0,0,Wednesday,21,Nov,False,0.0
S09391,Returning_Visitor,Paid,North America,Desktop,7,253.1,False,2,0,Sunday,10,Jan,False,0.0
S09392,Returning_Visitor,Social,Europe,Mobile,1,49.1,True,0,0,Saturday,11,Nov,False,0.0
S09393,New_Visitor,Organic,Europe,Desktop,7,285.8,False,3,1,Thursday,19,Mar,False,0.0
S09394,Returning_Visitor,Referral,South America,Tablet,2,21.3,False,1,0,Friday,13,May,False,7.75
S09395,New_Visitor,Paid,North America,Mobile,1,32.4,True,0,0,Friday,10,Jun,False,0.0
S09396,New_Visitor,Referral,Europe,Desktop,5,138.1,False,1,0,Friday,22,Sep,False,0.0
S09397,New_Visitor,Social,Europe,Desktop,2,318.0,False,1,0,Tuesday,10,Feb,False,0.0
S09398,New_Visitor,Social,North America,Mobile,4,325.9,False,0,0,Friday,15,Nov,False,0.0
S09399,New_Visitor,Direct,Europe,Mobile,5,603.2,False,2,0,Monday,12,Dec,False,0.0
S09400,New_Visitor,Direct,Europe,Mobile,3,222.6,False,1,0,Friday,13,Dec,False,0.0
S09401,Returning_Visitor,Social,North America,Mobile,5,17.6,False,1,0,Thursday,8,Feb,False,0.0
S09402,New_Visitor,Direct,Europe,Mobile,9,347.0,False,3,0,Tuesday,10,Dec,False,0.0
S09403,Returning_Visitor,Referral,Oceania,Desktop,3,270.9,False,2,0,Saturday,9,Aug,False,0.0
S09404,New_Visitor,Social,Oceania,Tablet,1,53.7,True,0,0,Wednesday,18,Oct,False,0.0
S09405,New_Visitor,Social,Europe,Mobile,4,,False,1,1,Thursday,17,Dec,False,0.0
S09406,New_Visitor,Organic,Europe,Desktop,2,392.2,False,1,1,Monday,18,Sep,False,0.0
S09407,New_Visitor,Organic,North America,Desktop,3,51.2,False,0,0,Wednesday,17,Jun,False,0.0
S09408,New_Visitor,Organic,Oceania,Desktop,3,737.6,False,1,0,Tuesday,8,Jul,True,0.0
S09409,New_Visitor,Direct,North America,Desktop,4,30.8,False,1,0,Tuesday,23,Sep,False,0.0
S09410,New_Visitor,Direct,Europe,Mobile,4,606.3,False,2,0,Tuesday,9,Dec,False,0.0
S09411,New_Visitor,Referral,North America,Desktop,1,12.9,True,0,0,Monday,11,Nov,False,0.0
S09412,Returning_Visitor,Organic,Europe,Tablet,5,381.2,False,0,0,Thursday,17,Aug,False,0.0
S09413,Returning_Visitor,Direct,North America,Mobile,5,458.8,False,0,0,Thursday,8,Mar,False,0.0
S09414,New_Visitor,Direct,Asia,Desktop,1,100.0,True,0,0,Friday,9,May,False,0.0
S09415,New_Visitor,Direct,Asia,Desktop,2,69.1,False,1,1,Thursday,20,May,False,0.0
S09416,New_Visitor,Direct,Asia,Mobile,12,133.6,False,5,1,Sunday,11,Apr,False,0.0
S09417,Returning_Visitor,Organic,North America,Desktop,1,95.4,True,0,0,Monday,16,Oct,False,0.0
S09418,New_Visitor,Paid,South America,Desktop,1,62.0,True,0,0,Friday,20,Nov,False,0.0
S09419,New_Visitor,Organic,North America,Desktop,3,53.7,False,0,0,Sunday,22,May,False,0.0
S09420,New_Visitor,Referral,Europe,Desktop,2,59.8,False,1,0,Monday,9,Nov,False,0.0
S09421,Returning_Visitor,Paid,Asia,Desktop,4,84.8,False,2,0,Thursday,8,Oct,False,0.0
S09422,New_Visitor,Direct,Africa,Desktop,1,147.8,True,0,0,Friday,17,Jun,True,0.0
S09423,Returning_Visitor,Paid,North America,Tablet,2,195.4,False,0,0,Tuesday,9,Sep,False,0.0
S09424,New_Visitor,Organic,Europe,Desktop,20,1800.0,False,7,2,Tuesday,15,Oct,False,0.0
S09425,Returning_Visitor,Direct,Europe,Mobile,2,6.4,False,0,0,Saturday,14,Aug,False,0.0
S09426,Returning_Visitor,Direct,Africa,Desktop,1,64.9,True,0,0,Thursday,14,Jun,False,0.0
S09427,New_Visitor,Organic,North America,Desktop,5,93.4,False,2,0,Wednesday,16,Feb,False,0.0
S09428,Returning_Visitor,Direct,Europe,Mobile,3,248.2,False,1,1,Saturday,19,Jan,False,0.0
S09429,New_Visitor,Direct,North America,Desktop,2,266.1,False,1,1,Saturday,10,Dec,False,95.41
S09430,Returning_Visitor,Referral,North America,Desktop,8,697.0,False,1,0,Wednesday,14,Apr,False,17.32
S09431,Returning_Visitor,Paid,North America,Mobile,1,145.1,True,0,0,Thursday,11,Sep,False,0.0
S09432,New_Visitor,Organic,Oceania,Desktop,3,91.6,False,1,1,Friday,11,Dec,False,0.0
S09433,Returning_Visitor,Direct,North America,Desktop,1,58.7,True,0,0,Wednesday,2,Nov,False,0.0
S09434,New_Visitor,Direct,Oceania,Desktop,1,38.6,True,0,0,Friday,15,Feb,False,0.0
S09435,New_Visitor,Direct,North America,Desktop,2,212.7,False,0,0,Tuesday,22,Nov,False,0.0
S09436,New_Visitor,Social,Oceania,Desktop,9,447.1,False,3,0,Wednesday,18,Oct,False,0.0
S09437,Returning_Visitor,Direct,Asia,Tablet,4,297.0,False,1,0,Wednesday,10,May,False,0.0
S09438,New_Visitor,Organic,North America,Mobile,1,59.8,True,0,0,Sunday,17,Sep,False,0.0
S09439,New_Visitor,Social,Asia,Mobile,2,237.8,False,0,0,Saturday,11,Nov,False,0.0
S09440,Returning_Visitor,Paid,Europe,Mobile,5,225.4,False,0,0,Thursday,18,Apr,False,0.0
S09441,New_Visitor,Direct,Europe,Mobile,1,6.9,True,0,0,Thursday,20,Nov,False,0.0
S09442,New_Visitor,Referral,Europe,Mobile,1,178.4,True,0,0,Monday,11,Feb,True,0.0
S09443,New_Visitor,Organic,Europe,Mobile,1,48.7,True,0,0,Friday,0,Jul,False,0.0
S09444,New_Visitor,Organic,Asia,Desktop,3,274.8,False,1,0,Wednesday,11,Apr,False,0.0
S09445,New_Visitor,Organic,South America,Desktop,1,68.2,True,0,0,Friday,9,Oct,False,0.0
S09446,New_Visitor,Direct,Europe,Mobile,3,101.7,False,1,1,Saturday,15,Mar,False,0.0
S09447,Returning_Visitor,Paid,Africa,Tablet,6,1087.9,False,4,1,Monday,10,May,False,0.0
S09448,Returning_Visitor,Direct,Oceania,Desktop,5,396.0,False,3,0,Friday,5,Feb,False,0.0
S09449,New_Visitor,Organic,North America,Mobile,4,63.2,False,0,0,Thursday,14,Nov,False,0.0
S09450,New_Visitor,Organic,North America,Mobile,1,328.5,True,0,0,Tuesday,20,Feb,False,0.0
S09451,New_Visitor,Direct,Europe,Desktop,6,1800.0,False,3,1,Friday,13,Oct,True,0.0
S09452,Returning_Visitor,Referral,Asia,Tablet,10,205.1,False,3,0,Thursday,12,Oct,False,0.0
S09453,New_Visitor,Direct,North America,Mobile,1,252.7,True,0,0,Saturday,9,Mar,False,0.0
S09454,New_Visitor,Direct,North America,Mobile,8,461.1,False,2,1,Monday,12,Aug,False,0.0
S09455,Returning_Visitor,Referral,Asia,Desktop,6,73.7,False,2,1,Thursday,11,Jul,False,0.0
S09456,New_Visitor,Organic,Asia,Desktop,12,1800.0,False,3,1,Sunday,23,Aug,False,0.0
S09457,New_Visitor,Organic,North America,Desktop,2,12.9,False,0,0,Friday,3,Dec,False,0.0
S09458,Returning_Visitor,Organic,Africa,Desktop,9,547.8,False,4,0,Friday,10,Feb,False,0.0
S09459,Returning_Visitor,Organic,Asia,Mobile,1,108.9,True,0,0,Wednesday,7,Nov,False,0.0
S09460,New_Visitor,Organic,Europe,Mobile,1,106.1,True,0,0,Monday,20,Nov,False,0.0
S09461,Returning_Visitor,Direct,Asia,Mobile,1,0.4,True,0,0,Sunday,12,Feb,True,0.0
S09462,New_Visitor,Social,North America,Desktop,2,66.4,False,0,0,Monday,18,Sep,False,0.0
S09463,Returning_Visitor,Social,Europe,Desktop,1,5.6,True,0,0,Sunday,17,Oct,False,0.0
S09464,New_Visitor,Referral,North America,Mobile,2,36.1,False,0,0,Monday,21,Aug,False,0.0
S09465,Returning_Visitor,Paid,North America,Desktop,3,500.6,False,1,0,Tuesday,2,Jul,False,0.0
S09466,Returning_Visitor,Organic,Europe,Tablet,1,129.5,True,0,0,Wednesday,9,May,False,0.0
S09467,Returning_Visitor,Paid,North America,Mobile,6,387.5,False,2,0,Thursday,17,Sep,False,0.0
S09468,Returning_Visitor,Direct,Asia,Mobile,2,274.4,False,1,1,Saturday,15,Apr,False,0.0
S09469,New_Visitor,Direct,Asia,Desktop,1,22.8,True,0,0,Sunday,17,Jul,False,0.0
S09470,New_Visitor,Direct,North America,Mobile,2,211.3,False,1,0,Wednesday,15,Nov,False,0.0
S09471,New_Visitor,Organic,North America,Desktop,1,69.3,True,0,0,Monday,15,Feb,True,0.0
S09472,Returning_Visitor,Paid,South America,Mobile,5,397.3,False,1,0,Friday,21,Jul,False,0.0
S09473,Returning_Visitor,Organic,North America,Desktop,2,10.8,False,0,0,Friday,21,Jul,False,0.0
S09474,New_Visitor,Direct,Europe,Mobile,1,25.8,True,0,0,Wednesday,5,May,False,0.0
S09475,Returning_Visitor,Direct,Europe,Desktop,2,6.0,False,0,0,Tuesday,12,Aug,False,0.0
S09476,Returning_Visitor,Organic,South America,Mobile,2,19.6,False,0,0,Wednesday,14,Jan,False,0.0
S09477,Returning_Visitor,Organic,South America,Desktop,1,19.0,True,0,0,Friday,11,Jul,True,0.0
S09478,Returning_Visitor,Organic,Asia,Desktop,2,105.7,False,0,0,Thursday,6,Jul,False,0.0
S09479,New_Visitor,Organic,North America,Mobile,5,428.0,False,2,0,Saturday,13,Jul,False,0.0
S09480,New_Visitor,Paid,Asia,Tablet,4,,False,1,1,Tuesday,22,Mar,False,0.0
S09481,New_Visitor,Direct,North America,Mobile,1,3.4,True,0,0,Saturday,7,Mar,False,0.0
S09482,New_Visitor,Organic,North America,Mobile,9,1161.6,False,6,2,Tuesday,19,Sep,False,0.0
S09483,Returning_Visitor,Referral,Europe,Desktop,2,16.8,False,1,1,Wednesday,9,Feb,False,0.0
S09484,Returning_Visitor,Paid,Asia,Desktop,3,107.1,False,0,0,Friday,15,May,False,0.0
S09485,Returning_Visitor,Organic,North America,Desktop,3,21.5,False,0,0,Saturday,12,Nov,False,0.0
S09486,Returning_Visitor,Organic,North America,Tablet,1,45.9,True,0,0,Tuesday,11,Feb,False,0.0
S09487,New_Visitor,Paid,South America,Desktop,2,13.5,False,0,0,Sunday,20,Jul,False,0.0
S09488,New_Visitor,Organic,Africa,Mobile,2,172.4,False,1,0,Friday,22,Sep,False,0.0
S09489,New_Visitor,Direct,Asia,Mobile,1,5.4,True,0,0,Tuesday,12,Mar,False,0.0
S09490,New_Visitor,Organic,Europe,Mobile,2,67.5,False,0,0,Saturday,16,May,False,0.0
S09491,New_Visitor,Paid,South America,Tablet,3,,False,1,0,Friday,14,Aug,False,0.0
S09492,New_Visitor,Paid,Asia,Desktop,4,608.5,False,3,1,Saturday,7,May,True,0.0
S09493,New_Visitor,Social,Asia,Mobile,5,168.5,False,2,0,Sunday,5,Feb,False,0.0
S09494,New_Visitor,Direct,Europe,Tablet,1,4.4,True,0,0,Friday,18,Apr,False,0.0
S09495,Returning_Visitor,Direct,North America,Mobile,5,235.2,False,3,0,Wednesday,12,Feb,False,0.0
S09496,New_Visitor,Organic,Europe,Desktop,9,697.0,False,2,1,Saturday,11,Dec,False,0.0
S09497,New_Visitor,Paid,North America,Desktop,3,74.1,False,1,0,Friday,23,Apr,False,0.0
S09498,New_Visitor,Paid,Europe,Mobile,3,168.8,False,0,0,Friday,7,Jul,False,0.0
S09499,Returning_Visitor,Direct,Europe,Desktop,10,77.8,False,1,0,Wednesday,10,Jun,False,0.0
S09500,New_Visitor,Referral,North America,Tablet,7,232.7,False,2,0,Sunday,20,Aug,False,0.0
S09501,New_Visitor,Organic,South America,Desktop,3,32.7,False,1,1,Thursday,12,Jul,False,0.0
S09502,Returning_Visitor,Direct,North America,Mobile,5,95.9,False,2,0,Friday,15,Oct,True,0.0
S09503,Returning_Visitor,Referral,Europe,Mobile,1,61.5,True,0,0,Wednesday,6,Nov,False,0.0
S09504,Returning_Visitor,Direct,Asia,Mobile,2,168.1,False,0,0,Saturday,21,Apr,False,0.0
S09505,New_Visitor,Direct,Europe,Mobile,4,89.6,False,1,0,Wednesday,8,Mar,False,0.0
S09506,New_Visitor,Organic,Europe,Tablet,2,550.4,False,0,0,Saturday,9,Dec,False,0.0
S09507,New_Visitor,Social,Europe,Mobile,2,40.2,False,0,0,Monday,9,Nov,False,0.0
S09508,Returning_Visitor,Paid,South America,Mobile,1,9.8,True,0,0,Friday,13,May,False,0.0
S09509,New_Visitor,Paid,Oceania,Desktop,7,848.8,False,5,1,Thursday,19,Dec,False,0.0
S09510,New_Visitor,Social,Asia,Desktop,7,440.6,False,2,1,Friday,10,Sep,False,0.0
S09511,New_Visitor,Direct,South America,Desktop,2,136.6,False,0,0,Thursday,8,Jun,False,0.0
S09512,New_Visitor,Organic,North America,Desktop,1,94.9,True,0,0,Monday,12,Nov,False,0.0
S09513,New_Visitor,Paid,Africa,Mobile,,1800.0,False,2,1,Thursday,23,Sep,False,0.0
S09514,Returning_Visitor,Referral,Oceania,Mobile,1,20.1,True,0,0,Sunday,1,Nov,False,0.0
S09515,Returning_Visitor,Referral,Asia,Mobile,1,47.7,True,0,0,Saturday,14,Jun,False,0.0
S09516,New_Visitor,Referral,South America,Desktop,11,804.1,False,4,1,Wednesday,16,Nov,False,0.0
S09517,New_Visitor,Social,Europe,Desktop,1,9.5,True,0,0,Sunday,19,May,True,0.0
S09518,Returning_Visitor,Organic,North America,Tablet,2,44.0,False,0,0,Saturday,18,Oct,False,0.0
S09519,New_Visitor,Organic,Africa,Tablet,3,65.9,False,1,0,Wednesday,7,Jun,False,0.0
S09520,New_Visitor,Referral,Asia,Tablet,1,23.8,True,0,0,Friday,13,Jun,False,0.0
S09521,New_Visitor,Paid,Asia,Mobile,1,76.0,True,0,0,Wednesday,7,Nov,False,0.0
S09522,Returning_Visitor,Referral,Asia,Mobile,3,161.6,False,2,0,Monday,15,Feb,False,0.0
S09523,Returning_Visitor,Direct,Africa,Tablet,1,75.5,True,0,0,Saturday,7,Dec,False,0.0
S09524,Returning_Visitor,Direct,Asia,Mobile,1,43.1,True,0,0,Tuesday,6,Jul,False,0.0
S09525,New_Visitor,Social,North America,Tablet,3,560.1,False,1,0,Thursday,11,Sep,False,0.0
S09526,New_Visitor,Social,Europe,Desktop,2,88.2,False,1,1,Friday,21,Jun,False,0.0
S09527,Returning_Visitor,Referral,Oceania,Tablet,4,222.0,False,0,0,Sunday,17,Sep,False,0.0
S09528,New_Visitor,Organic,Asia,Mobile,10,212.5,False,2,0,Monday,0,Oct,False,0.0
S09529,Returning_Visitor,Paid,Oceania,Desktop,5,18.2,False,2,0,Wednesday,10,Nov,False,0.0
S09530,Returning_Visitor,Referral,South America,Desktop,30,1800.0,False,4,0,Friday,1,Nov,False,0.0
S09531,New_Visitor,Social,Asia,Tablet,2,232.9,False,1,0,Saturday,11,May,False,0.0
S09532,Returning_Visitor,Organic,Europe,Mobile,2,228.3,False,0,0,Sunday,16,Aug,True,0.0
S09533,New_Visitor,Direct,Europe,Tablet,1,97.1,True,0,0,Monday,18,Oct,False,0.0
S09534,Returning_Visitor,Paid,Asia,Desktop,7,131.4,False,2,0,Friday,19,Oct,False,0.0
S09535,New_Visitor,Organic,Europe,Desktop,2,102.6,False,0,0,Monday,21,Dec,False,0.0
S09536,New_Visitor,Direct,South America,Desktop,4,404.9,False,1,0,Saturday,11,Nov,False,0.0
S09537,Returning_Visitor,Direct,South America,Mobile,4,235.7,False,1,0,Monday,20,Oct,False,0.0
S09538,Returning_Visitor,Social,Europe,Mobile,1,191.0,True,0,0,Sunday,17,Oct,False,0.0
S09539,New_Visitor,Organic,Asia,Mobile,7,475.5,False,0,0,Tuesday,14,Nov,False,0.0
S09540,Returning_Visitor,Organic,Europe,Desktop,2,98.7,False,0,0,Saturday,22,Nov,False,0.0
S09541,New_Visitor,Paid,Europe,Desktop,1,322.8,True,0,0,Tuesday,22,May,False,0.0
S09542,New_Visitor,Referral,Europe,Desktop,12,550.6,False,4,1,Thursday,20,Oct,False,0.0
S09543,New_Visitor,Organic,Africa,Tablet,5,1023.0,False,1,0,Friday,9,Dec,False,0.0
S09544,New_Visitor,Organic,Europe,Desktop,3,2.2,False,2,1,Tuesday,9,Apr,False,16.4
S09545,New_Visitor,Paid,North America,Desktop,14,,False,4,1,Wednesday,20,Jan,False,0.0
S09546,New_Visitor,Organic,Europe,Mobile,5,102.3,False,1,1,Monday,12,Feb,False,0.0
S09547,New_Visitor,Referral,North America,Mobile,1,30.2,True,0,0,Monday,18,Mar,False,0.0
S09548,New_Visitor,Direct,Europe,Desktop,15,82.8,False,5,0,Tuesday,16,Dec,False,0.0
S09549,New_Visitor,Paid,North America,Desktop,3,55.2,False,1,1,Thursday,18,Feb,False,0.0
S09550,Returning_Visitor,Social,South America,Mobile,2,101.2,False,1,0,Friday,3,Oct,False,0.0
S09551,New_Visitor,Referral,North America,Tablet,6,460.0,False,2,0,Saturday,12,Nov,False,0.0
S09552,Returning_Visitor,Organic,Asia,Mobile,1,144.7,True,0,0,Monday,20,Nov,True,0.0
S09553,Returning_Visitor,Paid,North America,Desktop,4,63.3,False,2,0,Tuesday,13,Jun,False,0.0
S09554,Returning_Visitor,Direct,Oceania,Mobile,1,95.2,True,0,0,Saturday,17,Jul,False,0.0
S09555,Returning_Visitor,Paid,Europe,Tablet,1,1.5,True,0,0,Thursday,18,May,False,0.0
S09556,Returning_Visitor,Direct,South America,Mobile,2,269.1,False,0,0,Tuesday,8,Mar,False,0.0
S09557,New_Visitor,Referral,South America,Desktop,2,108.4,False,1,1,Wednesday,9,Mar,False,0.0
S09558,New_Visitor,Organic,Asia,Desktop,3,336.4,False,1,1,Tuesday,17,Feb,False,0.0
S09559,Returning_Visitor,Social,South America,Tablet,3,53.0,False,0,0,Monday,6,Jun,False,0.0
S09560,Returning_Visitor,Direct,North America,Mobile,4,112.0,False,2,0,Saturday,11,Mar,False,0.0
S09561,Returning_Visitor,Direct,Asia,Mobile,1,6.1,True,0,0,Wednesday,21,Jun,False,0.0
S09562,New_Visitor,Organic,North America,Desktop,7,34.5,False,3,1,Sunday,15,Nov,False,0.0
S09563,Returning_Visitor,Organic,South America,Mobile,6,630.5,False,2,0,Sunday,21,Sep,False,0.0
S09564,New_Visitor,Organic,Oceania,Desktop,1,21.1,True,0,0,Friday,11,Sep,True,0.0
S09565,New_Visitor,Direct,Africa,Desktop,2,52.2,False,1,0,Wednesday,16,Nov,False,0.0
S09566,New_Visitor,Paid,North America,Tablet,3,136.1,False,0,0,Tuesday,10,Jan,False,0.0
S09567,Returning_Visitor,Direct,Europe,Desktop,8,533.1,False,2,0,Thursday,8,Nov,False,0.0
S09568,Returning_Visitor,Social,Europe,Desktop,8,22.9,False,4,1,Wednesday,23,Mar,False,6.91
S09569,New_Visitor,Organic,North America,Tablet,1,,True,0,0,Sunday,9,May,False,0.0
S09570,Returning_Visitor,Referral,North America,Desktop,10,565.1,False,5,2,Monday,9,May,False,26.95
S09571,New_Visitor,Direct,Europe,Mobile,1,114.0,True,0,0,Saturday,19,Feb,False,0.0
S09572,New_Visitor,Paid,Oceania,Mobile,3,30.2,False,1,1,Friday,19,Mar,False,0.0
S09573,New_Visitor,Social,Asia,Tablet,2,71.8,False,1,0,Saturday,22,Dec,False,0.0
S09574,New_Visitor,Direct,Asia,Mobile,2,77.1,False,0,0,Thursday,7,Aug,False,0.0
S09575,New_Visitor,Social,Europe,Mobile,3,338.6,False,0,0,Friday,8,Jul,False,0.0
S09576,New_Visitor,Organic,Asia,Desktop,3,81.0,False,0,0,Sunday,13,Oct,False,31.22
S09577,Returning_Visitor,Referral,Oceania,Mobile,1,5.1,True,0,0,Monday,15,Nov,False,0.0
S09578,Returning_Visitor,Organic,Asia,Tablet,11,606.8,False,6,2,Monday,5,Feb,False,0.0
S09579,New_Visitor,Direct,North America,Desktop,1,65.1,True,0,0,Wednesday,9,Oct,True,0.0
S09580,New_Visitor,Organic,Europe,Mobile,2,104.8,False,0,0,Thursday,17,Dec,False,5.42
S09581,New_Visitor,Social,Oceania,Desktop,5,201.9,False,1,0,Tuesday,16,Aug,False,0.0
S09582,New_Visitor,Direct,Europe,Desktop,6,,False,3,0,Monday,7,Aug,False,0.0
S09583,New_Visitor,Social,Asia,Desktop,5,232.1,False,2,1,Monday,21,Nov,True,0.0
S09584,New_Visitor,Direct,North America,Desktop,2,4.4,False,0,0,Saturday,10,Sep,False,0.0
S09585,Returning_Visitor,Organic,North America,Tablet,4,200.7,False,0,0,Thursday,20,Dec,True,0.0
S09586,Returning_Visitor,Social,Africa,Tablet,5,201.5,False,2,1,Saturday,21,Apr,False,67.91
S09587,New_Visitor,Social,Europe,Mobile,3,548.9,False,1,1,Wednesday,13,Nov,True,0.0
S09588,New_Visitor,Paid,Europe,Mobile,4,92.5,False,2,0,Friday,12,Aug,False,0.0
S09589,New_Visitor,Referral,Europe,Mobile,3,4.0,False,1,0,Thursday,10,May,False,0.0
S09590,Returning_Visitor,Social,Oceania,Mobile,,85.7,True,0,0,Friday,19,Nov,False,0.0
S09591,New_Visitor,Social,North America,Mobile,1,11.0,True,0,0,Wednesday,9,Dec,False,0.0
S09592,New_Visitor,Organic,South America,Desktop,4,188.7,False,2,0,Monday,15,Jan,True,0.0
S09593,Returning_Visitor,Organic,Europe,Mobile,1,14.5,True,0,0,Sunday,14,Dec,False,0.0
S09594,New_Visitor,Organic,South America,Mobile,2,93.0,False,0,0,Saturday,10,Mar,False,0.0
S09595,New_Visitor,Direct,Oceania,Tablet,3,156.6,False,0,0,Wednesday,23,Mar,False,0.0
S09596,New_Visitor,Direct,Europe,Mobile,4,260.1,False,2,1,Sunday,19,Jan,False,0.0
S09597,New_Visitor,Paid,North America,Tablet,1,28.0,True,0,0,Wednesday,2,Dec,False,0.0
S09598,New_Visitor,Direct,North America,Mobile,3,11.3,False,1,0,Thursday,12,Oct,False,0.0
S09599,New_Visitor,Social,South America,Mobile,3,163.5,False,1,1,Saturday,11,Jan,False,41.08
S09600,New_Visitor,Referral,North America,Tablet,6,719.6,False,3,1,Wednesday,20,Sep,True,14.98
S09601,New_Visitor,Organic,North America,Desktop,3,134.2,False,1,0,Wednesday,10,Feb,False,0.0
S09602,Returning_Visitor,Organic,North America,Desktop,2,34.6,False,0,0,Wednesday,23,Oct,False,0.0
S09603,New_Visitor,Direct,Europe,Mobile,3,96.0,False,2,1,Thursday,9,Jun,False,0.0
S09604,New_Visitor,Social,North America,Desktop,1,46.6,True,0,0,Monday,10,Jan,False,0.0
S09605,Returning_Visitor,Paid,Africa,Desktop,3,16.5,False,0,0,Monday,16,Nov,False,36.52
S09606,Returning_Visitor,Direct,Africa,Mobile,8,403.0,False,2,1,Sunday,9,Aug,False,0.0
S09607,Returning_Visitor,Paid,Europe,Desktop,3,20.8,False,1,0,Wednesday,20,Oct,False,0.0
S09608,New_Visitor,Direct,Asia,Tablet,2,23.5,False,0,0,Monday,8,Sep,False,0.0
S09609,New_Visitor,Referral,Asia,Tablet,2,59.9,False,0,0,Saturday,23,Jun,False,0.0
S09610,Returning_Visitor,Referral,Asia,Mobile,,674.6,False,3,0,Wednesday,20,Sep,False,0.0
S09611,Returning_Visitor,Organic,Europe,Mobile,6,625.0,False,2,0,Tuesday,19,Jan,False,0.0
S09612,New_Visitor,Organic,Europe,Mobile,5,99.6,False,0,0,Sunday,12,May,False,0.0
S09613,Returning_Visitor,Organic,Asia,Mobile,3,139.0,False,1,1,Sunday,14,Oct,False,0.0
S09614,New_Visitor,Direct,Asia,Desktop,2,11.8,False,1,1,Monday,13,Oct,False,0.0
S09615,Returning_Visitor,Social,Europe,Mobile,1,364.7,True,0,0,Sunday,23,Nov,False,0.0
S09616,Returning_Visitor,Organic,Europe,Mobile,12,764.0,False,5,2,Sunday,4,Aug,False,0.0
S09617,Returning_Visitor,Referral,North America,Desktop,1,15.2,True,0,0,Friday,12,Dec,False,0.0
S09618,Returning_Visitor,Organic,Europe,Mobile,1,138.0,True,0,0,Thursday,22,Aug,False,0.0
S09619,Returning_Visitor,Social,Europe,Mobile,5,129.1,False,2,0,Tuesday,12,Jul,False,0.0
S09620,New_Visitor,Social,Europe,Desktop,2,38.6,False,1,1,Monday,12,Mar,False,0.0
S09621,New_Visitor,Social,Europe,Mobile,3,63.5,False,0,0,Friday,16,Oct,False,0.0
S09622,New_Visitor,Direct,South America,Desktop,5,199.7,False,2,1,Saturday,21,Sep,False,0.0
S09623,New_Visitor,Organic,North America,Desktop,3,6.1,False,0,0,Friday,11,Jul,False,0.0
S09624,Returning_Visitor,Social,Asia,Mobile,3,189.7,False,1,0,Tuesday,22,Feb,False,0.0
S09625,New_Visitor,Organic,Asia,Tablet,,177.1,True,0,0,Wednesday,10,Feb,False,0.0
S09626,New_Visitor,Organic,Europe,Desktop,3,304.3,False,0,0,Thursday,19,Feb,False,0.0
S09627,Returning_Visitor,Organic,Europe,Tablet,2,200.0,False,1,1,Friday,10,May,False,159.5
S09628,Returning_Visitor,Referral,South America,Desktop,7,624.7,False,4,0,Monday,7,Mar,False,0.0
S09629,New_Visitor,Referral,North America,Desktop,2,52.9,False,1,1,Friday,19,Nov,False,0.0
S09630,New_Visitor,Referral,Africa,Desktop,3,38.0,False,0,0,Saturday,13,Dec,False,0.0
S09631,New_Visitor,Direct,Africa,Desktop,5,113.2,False,4,0,Tuesday,12,Nov,False,0.0
S09632,Returning_Visitor,Organic,Asia,Desktop,2,22.8,False,0,0,Tuesday,12,Aug,False,0.0
S09633,New_Visitor,Paid,South America,Tablet,1,114.2,True,0,0,Tuesday,15,Aug,True,0.0
S09634,Returning_Visitor,Direct,Asia,Desktop,7,229.5,False,2,1,Sunday,10,Dec,False,0.0
S09635,New_Visitor,Direct,Europe,Desktop,7,701.9,False,3,0,Wednesday,10,Jun,False,39.48
S09636,New_Visitor,Referral,Oceania,Mobile,7,144.0,False,2,0,Thursday,13,Jan,False,0.0
S09637,Returning_Visitor,Organic,North America,Desktop,1,9.3,True,0,0,Saturday,4,Jul,False,0.0
S09638,New_Visitor,Organic,North America,Mobile,2,245.4,False,0,0,Wednesday,16,Aug,False,0.0
S09639,New_Visitor,Direct,North America,Desktop,8,769.9,False,2,1,Monday,19,Aug,False,0.0
S09640,New_Visitor,Organic,Asia,Desktop,1,48.7,True,0,0,Friday,17,Mar,True,0.0
S09641,New_Visitor,Organic,North America,Mobile,4,31.6,False,0,0,Friday,13,Oct,False,0.0
S09642,New_Visitor,Paid,Africa,Desktop,2,49.2,False,0,0,Tuesday,14,Oct,False,0.0
S09643,New_Visitor,Direct,Europe,Desktop,4,14.2,False,2,0,Monday,3,Apr,False,0.0
S09644,New_Visitor,Direct,South America,Desktop,6,822.5,False,2,2,Friday,21,Aug,False,0.0
S09645,New_Visitor,Referral,North America,Mobile,2,33.0,False,0,0,Friday,14,Nov,False,8.97
S09646,Returning_Visitor,Paid,Europe,Mobile,1,44.4,True,0,0,Monday,11,Jan,False,0.0
S09647,Returning_Visitor,Organic,North America,Mobile,4,682.8,False,1,0,Friday,11,Apr,False,0.0
S09648,New_Visitor,Social,North America,Mobile,1,58.6,True,0,0,Sunday,16,Jul,False,0.0
S09649,Returning_Visitor,Referral,Europe,Mobile,1,58.5,True,0,0,Tuesday,15,Nov,False,0.0
S09650,New_Visitor,Organic,Oceania,Desktop,7,751.3,False,6,1,Thursday,9,Nov,False,0.0
S09651,New_Visitor,Organic,Europe,Tablet,6,425.6,False,3,2,Friday,12,Mar,False,0.0
S09652,New_Visitor,Direct,Asia,Tablet,3,119.7,False,1,0,Tuesday,16,Jul,False,0.0
S09653,New_Visitor,Referral,Europe,Mobile,4,31.3,False,0,0,Saturday,11,May,False,0.0
S09654,New_Visitor,Organic,North America,Desktop,10,411.9,False,3,0,Sunday,14,Jun,False,0.0
S09655,New_Visitor,Direct,Europe,Mobile,1,12.0,True,0,0,Saturday,10,Aug,False,0.0
S09656,Returning_Visitor,Referral,North America,Desktop,1,40.6,True,0,0,Tuesday,7,Jul,False,0.0
S09657,Returning_Visitor,Direct,Africa,Mobile,4,5.3,False,1,0,Saturday,12,Mar,False,0.0
S09658,New_Visitor,Paid,South America,Desktop,1,26.1,True,0,0,Wednesday,17,Feb,False,0.0
S09659,Returning_Visitor,Paid,Europe,Mobile,1,3.4,True,0,0,Tuesday,9,Feb,False,0.0
S09660,Returning_Visitor,Direct,Asia,Desktop,2,18.9,False,1,0,Tuesday,18,Nov,True,0.0
S09661,Returning_Visitor,Paid,North America,Tablet,4,284.9,False,1,1,Sunday,16,Jan,True,0.0
S09662,New_Visitor,Organic,Asia,Desktop,1,224.6,True,0,0,Wednesday,14,Mar,True,0.0
S09663,New_Visitor,Organic,South America,Mobile,2,99.8,False,0,0,Sunday,22,Dec,False,0.0
S09664,New_Visitor,Direct,South America,Tablet,3,33.4,False,1,0,Tuesday,20,Jan,False,0.0
S09665,New_Visitor,Referral,North America,Desktop,1,28.3,True,0,0,Saturday,14,Jan,False,0.0
S09666,Returning_Visitor,Referral,North America,Tablet,2,32.0,False,1,0,Monday,14,Jun,False,0.0
S09667,New_Visitor,Direct,Europe,Desktop,7,20.6,False,2,1,Monday,10,Mar,True,0.0
S09668,New_Visitor,Organic,Oceania,Tablet,5,732.8,False,3,0,Sunday,21,Aug,False,0.0
S09669,Returning_Visitor,Organic,Africa,Tablet,3,140.6,False,1,1,Monday,20,May,False,0.0
S09670,Returning_Visitor,Paid,Europe,Desktop,1,9.7,True,0,0,Thursday,17,Mar,False,0.0
S09671,New_Visitor,Paid,South America,Mobile,1,82.2,True,0,0,Sunday,8,Dec,False,0.0
S09672,Returning_Visitor,Referral,Africa,Desktop,1,11.3,True,0,0,Saturday,17,May,False,0.0
S09673,New_Visitor,Referral,North America,Desktop,5,69.4,False,2,1,Thursday,10,Sep,False,0.0
S09674,New_Visitor,Referral,South America,Desktop,4,220.8,False,1,0,Friday,9,Nov,False,0.0
S09675,New_Visitor,Organic,North America,Desktop,,,False,2,0,Friday,18,Dec,False,0.0
S09676,Returning_Visitor,Direct,Europe,Mobile,2,270.1,False,0,0,Monday,22,Jun,False,18.45
S09677,Returning_Visitor,Referral,North America,Desktop,1,54.5,True,0,0,Tuesday,8,Dec,False,0.0
S09678,New_Visitor,Direct,Europe,Mobile,4,48.3,False,1,1,Wednesday,9,Oct,False,0.0
S09679,New_Visitor,Organic,South America,Desktop,8,309.0,False,3,2,Wednesday,10,Aug,False,0.0
S09680,New_Visitor,Paid,Europe,Tablet,2,155.7,False,1,0,Tuesday,22,Sep,False,0.0
S09681,New_Visitor,Social,North America,Desktop,5,275.0,False,1,1,Tuesday,17,May,False,0.0
S09682,New_Visitor,Organic,North America,Desktop,4,93.0,False,2,0,Wednesday,16,Jun,False,0.0
S09683,New_Visitor,Referral,Asia,Mobile,6,175.8,False,3,0,Wednesday,14,Aug,False,0.0
S09684,Returning_Visitor,Paid,Asia,Tablet,1,65.7,True,0,0,Thursday,14,May,False,0.0
S09685,Returning_Visitor,Organic,Asia,Mobile,10,439.1,False,3,0,Tuesday,10,Oct,False,0.0
S09686,New_Visitor,Direct,North America,Mobile,7,32.2,False,3,1,Saturday,9,Apr,False,22.84
S09687,New_Visitor,Direct,South America,Desktop,7,334.1,False,0,0,Sunday,18,Nov,False,0.0
S09688,New_Visitor,Direct,Africa,Desktop,17,618.7,False,6,3,Tuesday,13,Mar,False,0.0
S09689,New_Visitor,Social,Europe,Mobile,4,404.9,False,1,0,Monday,10,Mar,False,0.0
S09690,Returning_Visitor,Direct,Asia,Mobile,1,7.1,True,0,0,Saturday,16,Oct,False,0.0
S09691,Returning_Visitor,Organic,Africa,Desktop,6,0.4,False,2,0,Sunday,9,Apr,False,0.0
S09692,New_Visitor,Organic,Asia,Mobile,1,103.1,True,0,0,Monday,13,Nov,False,0.0
S09693,New_Visitor,Organic,Asia,Mobile,5,71.2,False,2,2,Monday,9,Oct,False,0.0
S09694,Returning_Visitor,Direct,Asia,Mobile,2,3.8,False,1,1,Tuesday,18,Apr,False,29.77
S09695,New_Visitor,Social,North America,Desktop,1,15.0,True,0,0,Friday,11,Feb,False,0.0
S09696,Returning_Visitor,Organic,Asia,Mobile,2,260.6,False,0,0,Sunday,13,Mar,False,0.0
S09697,New_Visitor,Referral,South America,Desktop,5,56.3,False,1,0,Saturday,18,Oct,False,0.0
S09698,Returning_Visitor,Referral,North America,Desktop,1,23.1,True,0,0,Friday,16,Nov,False,0.0
S09699,New_Visitor,Organic,Africa,Mobile,1,56.6,True,0,0,Friday,12,Jun,False,0.0
S09700,Returning_Visitor,Referral,Asia,Mobile,2,23.7,False,0,0,Tuesday,7,Mar,False,0.0
S09701,Returning_Visitor,Referral,Europe,Mobile,1,62.2,True,0,0,Friday,21,Feb,False,0.0
S09702,New_Visitor,Direct,Asia,Desktop,9,662.3,False,2,1,Wednesday,0,Mar,False,0.0
S09703,Returning_Visitor,Direct,Europe,Tablet,6,94.6,False,4,0,Tuesday,17,Dec,False,0.0
S09704,Returning_Visitor,Referral,South America,Desktop,3,18.2,False,1,0,Tuesday,21,Mar,False,41.4
S09705,New_Visitor,Paid,Europe,Tablet,1,30.8,True,0,0,Friday,11,Feb,False,0.0
S09706,New_Visitor,Direct,Africa,Desktop,3,215.9,False,1,0,Saturday,7,Oct,False,0.0
S09707,New_Visitor,Direct,Europe,Desktop,4,403.0,False,3,1,Friday,10,Aug,False,0.0
S09708,New_Visitor,Direct,Asia,Desktop,3,6.7,False,1,0,Monday,11,Jul,False,0.0
S09709,New_Visitor,Organic,Oceania,Desktop,9,415.3,False,2,1,Monday,13,Jun,False,0.0
S09710,Returning_Visitor,Referral,North America,Mobile,6,107.1,False,3,2,Tuesday,14,Oct,False,0.0
S09711,New_Visitor,Direct,Asia,Tablet,2,64.6,False,0,0,Tuesday,17,Sep,False,0.0
S09712,Returning_Visitor,Organic,North America,Desktop,4,180.6,False,3,1,Wednesday,20,Jun,False,0.0
S09713,New_Visitor,Direct,South America,Mobile,2,159.5,False,1,0,Monday,13,Apr,False,0.0
S09714,New_Visitor,Organic,Asia,Tablet,8,19.5,False,6,3,Saturday,18,Nov,False,0.0
S09715,New_Visitor,Direct,Oceania,Mobile,3,33.6,False,2,0,Friday,8,Mar,False,91.02
S09716,New_Visitor,Organic,Africa,Desktop,3,172.4,False,0,0,Wednesday,11,Jul,False,0.0
S09717,New_Visitor,Organic,North America,Tablet,3,104.6,False,1,0,Thursday,8,Sep,False,0.0
S09718,New_Visitor,Social,North America,Desktop,2,28.3,False,0,0,Monday,17,Sep,False,0.0
S09719,New_Visitor,Paid,Asia,Mobile,1,4.0,True,0,0,Wednesday,21,Aug,False,0.0
S09720,Returning_Visitor,Organic,Europe,Mobile,1,147.8,True,0,0,Saturday,20,Sep,False,0.0
S09721,Returning_Visitor,Direct,North America,Desktop,2,54.1,False,0,0,Friday,11,Nov,False,0.0
S09722,New_Visitor,Organic,North America,Mobile,1,31.7,True,0,0,Monday,10,May,False,0.0
S09723,Returning_Visitor,Direct,Asia,Desktop,6,18.1,False,2,0,Saturday,10,Sep,False,0.0
S09724,Returning_Visitor,Direct,North America,Desktop,1,80.5,True,0,0,Friday,10,Sep,False,0.0
S09725,New_Visitor,Organic,Africa,Desktop,8,1800.0,False,1,0,Thursday,7,Aug,True,0.0
S09726,Returning_Visitor,Social,South America,Tablet,1,229.8,True,0,0,Friday,8,Dec,False,0.0
S09727,Returning_Visitor,Organic,South America,Tablet,1,22.4,True,0,0,Tuesday,10,Sep,True,0.0
S09728,New_Visitor,Organic,North America,Desktop,17,1800.0,False,7,2,Thursday,0,Jun,False,0.0
S09729,New_Visitor,Social,North America,Desktop,26,816.9,False,5,0,Friday,6,Nov,False,0.0
S09730,New_Visitor,Referral,Europe,Desktop,1,29.4,True,0,0,Sunday,17,Jul,False,0.0
S09731,New_Visitor,Direct,Oceania,Mobile,1,106.9,True,0,0,Monday,15,Jul,False,0.0
S09732,Returning_Visitor,Direct,Europe,Tablet,1,94.2,True,0,0,Wednesday,22,Aug,False,0.0
S09733,New_Visitor,Direct,Europe,Tablet,3,115.9,False,1,1,Sunday,12,May,True,0.0
S09734,Returning_Visitor,Direct,North America,Mobile,2,71.2,False,1,0,Tuesday,13,Oct,False,0.0
S09735,Returning_Visitor,Direct,Asia,Mobile,2,414.7,False,1,1,Saturday,7,Feb,False,0.0
S09736,Returning_Visitor,Direct,Asia,Desktop,5,157.5,False,1,0,Monday,9,Nov,False,0.0
S09737,Returning_Visitor,Direct,North America,Desktop,7,831.0,False,3,1,Monday,17,Oct,False,0.0
S09738,New_Visitor,Referral,Europe,Mobile,11,905.6,False,6,3,Wednesday,10,May,False,56.89
S09739,New_Visitor,Social,Asia,Mobile,3,20.4,False,0,0,Saturday,18,Apr,False,0.0
S09740,Returning_Visitor,Direct,Europe,Mobile,1,10.4,True,0,0,Monday,17,Jun,False,0.0
S09741,New_Visitor,Direct,Asia,Desktop,3,6.9,False,1,0,Wednesday,18,Nov,False,0.0
S09742,New_Visitor,Direct,South America,Desktop,7,15.0,False,2,0,Monday,17,Jan,False,42.09
S09743,Returning_Visitor,Direct,Asia,Desktop,1,55.6,True,0,0,Tuesday,17,Jul,False,0.0
S09744,Returning_Visitor,Direct,Asia,Tablet,8,38.5,False,4,1,Thursday,14,Apr,False,0.0
S09745,New_Visitor,Paid,Africa,Mobile,1,8.8,True,0,0,Wednesday,16,Nov,False,0.0
S09746,Returning_Visitor,Referral,Africa,Desktop,2,33.6,False,0,0,Tuesday,14,Jun,False,0.0
S09747,Returning_Visitor,Paid,Europe,Tablet,2,96.7,False,1,0,Wednesday,9,Sep,False,0.0
S09748,New_Visitor,Social,North America,Mobile,8,124.8,False,2,1,Friday,10,May,False,0.0
S09749,New_Visitor,Paid,South America,Desktop,1,30.2,True,0,0,Monday,12,May,True,0.0
S09750,Returning_Visitor,Referral,North America,Desktop,1,26.2,True,0,0,Thursday,1,May,False,0.0
S09751,New_Visitor,Paid,Africa,Mobile,4,121.1,False,2,0,Tuesday,20,Sep,False,0.0
S09752,New_Visitor,Organic,North America,Mobile,9,1428.5,False,2,2,Wednesday,10,Dec,False,0.0
S09753,New_Visitor,Organic,Africa,Mobile,1,209.8,True,0,0,Saturday,6,Mar,False,0.0
S09754,Returning_Visitor,Referral,Asia,Mobile,3,13.5,False,0,0,Sunday,12,Sep,False,0.0
S09755,New_Visitor,Paid,South America,Desktop,8,56.2,False,1,0,Tuesday,19,Apr,False,0.0
S09756,New_Visitor,Direct,Europe,Desktop,7,23.6,False,4,1,Friday,12,Aug,False,0.0
S09757,New_Visitor,Organic,Oceania,Mobile,9,264.8,False,3,1,Friday,10,Aug,False,0.0
S09758,Returning_Visitor,Direct,North America,Mobile,7,799.9,False,2,1,Saturday,14,Jun,False,319.14
S09759,New_Visitor,Referral,North America,Desktop,2,193.0,False,0,0,Sunday,15,Jul,False,0.0
S09760,Returning_Visitor,Direct,North America,Desktop,1,26.3,True,0,0,Thursday,18,Nov,False,0.0
S09761,Returning_Visitor,Social,Oceania,Desktop,7,583.4,False,2,0,Sunday,19,Feb,False,0.0
S09762,New_Visitor,Paid,Europe,Desktop,4,927.0,False,1,0,Sunday,17,Nov,False,0.0
S09763,Returning_Visitor,Paid,Asia,Desktop,2,25.9,False,1,1,Thursday,0,Jul,False,0.0
S09764,Returning_Visitor,Organic,Asia,Mobile,4,797.0,False,1,0,Thursday,0,May,False,0.0
S09765,Returning_Visitor,Direct,Africa,Mobile,2,176.8,False,1,0,Friday,22,Mar,False,0.0
S09766,New_Visitor,Direct,Asia,Desktop,3,21.9,False,1,0,Wednesday,10,Nov,True,0.0
S09767,Returning_Visitor,Direct,Asia,Mobile,1,,True,0,0,Friday,10,Aug,False,0.0
S09768,Returning_Visitor,Organic,Asia,Mobile,3,19.4,False,1,0,Thursday,17,Oct,True,0.0
S09769,Returning_Visitor,Social,South America,Desktop,8,14.5,False,4,1,Monday,15,May,False,0.0
S09770,New_Visitor,Direct,North America,Mobile,5,433.9,False,2,1,Saturday,13,Jun,False,0.0
S09771,Returning_Visitor,Paid,North America,Desktop,4,540.9,False,1,0,Sunday,8,Dec,False,0.0
S09772,New_Visitor,Paid,North America,Mobile,1,30.7,True,0,0,Monday,7,Dec,False,0.0
S09773,New_Visitor,Organic,Europe,Desktop,1,1.5,True,0,0,Saturday,17,Oct,False,0.0
S09774,New_Visitor,Paid,Europe,Desktop,4,218.4,False,1,0,Wednesday,8,Oct,False,0.0
S09775,Returning_Visitor,Social,Asia,Mobile,3,47.8,False,1,1,Friday,12,Sep,False,0.0
S09776,New_Visitor,Direct,Oceania,Desktop,1,47.1,True,0,0,Thursday,17,Aug,False,0.0
S09777,New_Visitor,Direct,Europe,Desktop,9,206.6,False,2,0,Thursday,21,Aug,False,0.0
S09778,Returning_Visitor,Direct,South America,Desktop,3,175.3,False,1,0,Thursday,20,Dec,False,0.0
S09779,New_Visitor,Direct,Europe,Mobile,3,54.3,False,0,0,Saturday,20,Oct,False,0.0
S09780,Returning_Visitor,Referral,North America,Tablet,2,19.3,False,1,0,Friday,11,Sep,False,0.0
S09781,New_Visitor,Organic,Asia,Desktop,7,586.3,False,3,2,Wednesday,21,Mar,False,0.0
S09782,New_Visitor,Referral,Oceania,Desktop,7,325.1,False,1,0,Friday,16,Dec,False,0.0
S09783,Returning_Visitor,Organic,North America,Mobile,4,91.6,False,2,0,Sunday,20,Jul,False,0.0
S09784,Returning_Visitor,Organic,Europe,Desktop,1,59.3,True,0,0,Monday,7,Dec,False,0.0
S09785,New_Visitor,Referral,North America,Mobile,1,20.3,True,0,0,Wednesday,5,Oct,True,0.0
S09786,Returning_Visitor,Referral,Europe,Desktop,2,54.6,False,0,0,Sunday,12,Jan,False,0.0
S09787,New_Visitor,Direct,Asia,Mobile,1,28.3,True,0,0,Saturday,19,Jul,False,0.0
S09788,New_Visitor,Organic,South America,Mobile,2,30.8,False,0,0,Sunday,12,Dec,False,0.0
S09789,New_Visitor,Paid,Asia,Desktop,1,34.9,True,0,0,Monday,20,Jan,False,0.0
S09790,New_Visitor,Referral,Europe,Mobile,2,202.7,False,1,1,Sunday,10,Nov,False,0.0
S09791,New_Visitor,Organic,Africa,Mobile,9,1800.0,False,4,1,Saturday,5,Aug,False,0.0
S09792,New_Visitor,Direct,Europe,Desktop,5,74.3,False,0,0,Saturday,18,Jan,True,13.29
S09793,New_Visitor,Direct,South America,Desktop,1,167.7,True,0,0,Friday,15,May,False,0.0
S09794,New_Visitor,Organic,Europe,Desktop,4,78.1,False,1,1,Monday,13,Jan,False,0.0
S09795,New_Visitor,Referral,Africa,Desktop,1,38.1,True,0,0,Thursday,19,Jan,False,0.0
S09796,Returning_Visitor,Social,South America,Desktop,13,82.7,False,6,2,Wednesday,19,Dec,True,20.74
S09797,Returning_Visitor,Social,Africa,Mobile,3,168.6,False,0,0,Thursday,11,Oct,False,0.0
S09798,Returning_Visitor,Organic,North America,Mobile,3,128.7,False,0,0,Saturday,19,Apr,False,0.0
S09799,New_Visitor,Paid,Asia,Tablet,1,68.2,True,0,0,Friday,11,Feb,True,0.0
S09800,Returning_Visitor,Direct,Asia,Mobile,2,110.1,False,0,0,Wednesday,15,Jan,False,0.0
S09801,Returning_Visitor,Paid,Asia,Mobile,3,717.4,False,2,0,Friday,9,Dec,False,0.0
S09802,New_Visitor,Organic,Europe,Mobile,4,352.9,False,2,0,Monday,10,Sep,False,0.0
S09803,New_Visitor,Direct,North America,Tablet,1,202.0,True,0,0,Monday,13,Mar,False,0.0
S09804,Returning_Visitor,Referral,North America,Desktop,2,89.5,False,1,1,Wednesday,11,Sep,False,0.0
S09805,Returning_Visitor,Organic,Europe,Desktop,2,39.7,False,0,0,Saturday,8,Dec,False,0.0
S09806,Returning_Visitor,Social,Africa,Desktop,1,45.6,True,0,0,Saturday,13,Oct,False,0.0
S09807,Returning_Visitor,Referral,South America,Mobile,1,37.7,True,0,0,Thursday,14,Jun,True,0.0
S09808,Returning_Visitor,Organic,North America,Desktop,1,33.4,True,0,0,Sunday,9,Nov,False,0.0
S09809,Returning_Visitor,Referral,Oceania,Desktop,5,153.8,False,2,1,Monday,9,Oct,False,39.29
S09810,New_Visitor,Direct,North America,Mobile,4,400.3,False,1,1,Sunday,3,Feb,False,65.88
S09811,New_Visitor,Organic,Europe,Tablet,8,648.7,False,4,0,Sunday,3,Dec,True,0.0
S09812,Returning_Visitor,Paid,North America,Tablet,2,123.9,False,0,0,Friday,11,Nov,False,0.0
S09813,New_Visitor,Paid,Africa,Mobile,7,435.0,False,2,0,Monday,8,Aug,False,0.0
S09814,Returning_Visitor,Organic,Asia,Desktop,6,168.6,False,2,0,Thursday,21,Jul,False,0.0
S09815,Returning_Visitor,Direct,Europe,Tablet,2,69.2,False,0,0,Tuesday,9,Apr,False,0.0
S09816,Returning_Visitor,Direct,Asia,Tablet,3,29.8,False,0,0,Friday,7,Nov,False,0.0
S09817,Returning_Visitor,Social,North America,Tablet,3,155.7,False,1,0,Tuesday,12,Jun,False,0.0
S09818,New_Visitor,Paid,Europe,Mobile,2,18.1,False,0,0,Thursday,9,Aug,False,0.0
S09819,New_Visitor,Direct,Europe,Desktop,1,148.1,True,0,0,Tuesday,7,Mar,False,0.0
S09820,New_Visitor,Social,North America,Desktop,1,32.2,True,0,0,Tuesday,18,Mar,False,0.0
S09821,Returning_Visitor,Direct,Africa,Tablet,6,15.7,False,0,0,Tuesday,14,Dec,False,0.0
S09822,Returning_Visitor,Direct,Asia,Desktop,3,0.3,False,1,0,Monday,6,Jul,False,0.0
S09823,Returning_Visitor,Paid,North America,Desktop,2,135.4,False,0,0,Friday,13,Nov,False,0.0
S09824,New_Visitor,Direct,North America,Mobile,3,170.2,False,0,0,Wednesday,5,Nov,False,0.0
S09825,New_Visitor,Direct,North America,Desktop,1,88.3,True,0,0,Friday,11,Dec,False,0.0
S09826,Returning_Visitor,Referral,Europe,Tablet,1,83.0,True,0,0,Friday,11,Dec,False,0.0
S09827,New_Visitor,Organic,Europe,Desktop,5,0.9,False,1,0,Monday,19,Jun,True,0.0
S09828,New_Visitor,Direct,North America,Desktop,7,76.8,False,4,0,Wednesday,17,Dec,False,46.73
S09829,Returning_Visitor,Paid,Asia,Tablet,2,47.3,False,0,0,Thursday,20,May,False,0.0
S09830,Returning_Visitor,Referral,Europe,Desktop,2,7.6,False,0,0,Sunday,8,Aug,False,0.0
S09831,New_Visitor,Social,Europe,Tablet,2,23.5,False,0,0,Wednesday,14,Nov,False,0.0
S09832,Returning_Visitor,Organic,Oceania,Mobile,2,104.5,False,1,1,Thursday,2,Dec,False,0.0
S09833,New_Visitor,Direct,North America,Mobile,2,73.3,False,1,0,Saturday,19,Jul,False,0.0
S09834,Returning_Visitor,Paid,Europe,Desktop,2,236.4,False,1,1,Saturday,11,Jun,False,0.0
S09835,New_Visitor,Direct,Europe,Mobile,4,60.8,False,1,0,Sunday,7,Oct,False,0.0
S09836,New_Visitor,Organic,North America,Desktop,1,46.0,True,0,0,Thursday,11,Jun,False,0.0
S09837,Returning_Visitor,Direct,North America,Tablet,9,1068.2,False,4,0,Tuesday,10,Sep,False,0.0
S09838,New_Visitor,Direct,Europe,Desktop,2,7.5,False,0,0,Saturday,18,Nov,False,0.0
S09839,Returning_Visitor,Organic,Africa,Desktop,1,122.4,True,0,0,Monday,8,Nov,False,0.0
S09840,Returning_Visitor,Paid,South America,Tablet,11,278.2,False,3,3,Wednesday,14,Apr,True,0.0
S09841,Returning_Visitor,Paid,Asia,Mobile,1,117.8,True,0,0,Friday,18,Aug,False,0.0
S09842,Returning_Visitor,Referral,Europe,Mobile,3,206.1,False,2,0,Friday,17,Jan,False,0.0
S09843,New_Visitor,Social,Europe,Mobile,2,134.1,False,0,0,Saturday,21,Nov,False,0.0
S09844,Returning_Visitor,Paid,North America,Desktop,1,2.9,True,0,0,Tuesday,0,Feb,False,0.0
S09845,New_Visitor,Social,North America,Desktop,10,1700.1,False,3,0,Sunday,11,Nov,False,20.05
S09846,New_Visitor,Organic,Europe,Tablet,2,67.7,False,1,0,Tuesday,12,Jun,False,0.0
S09847,Returning_Visitor,Organic,Europe,Desktop,4,27.5,False,3,2,Monday,4,Mar,False,34.32
S09848,New_Visitor,Organic,North America,Desktop,6,524.1,False,2,0,Friday,19,Nov,False,0.0
S09849,Returning_Visitor,Organic,North America,Mobile,3,362.9,False,0,0,Sunday,17,Mar,False,0.0
S09850,New_Visitor,Direct,North America,Desktop,4,636.5,False,0,0,Thursday,14,Jun,False,0.0
S09851,Returning_Visitor,Direct,Europe,Mobile,5,211.8,False,2,1,Friday,12,Aug,False,0.0
S09852,Returning_Visitor,Organic,Europe,Mobile,2,62.1,False,1,0,Thursday,20,May,False,0.0
S09853,New_Visitor,Organic,North America,Tablet,3,157.6,False,2,2,Monday,10,Mar,False,0.0
S09854,Returning_Visitor,Direct,North America,Desktop,1,21.1,True,0,0,Friday,11,Jun,False,0.0
S09855,Returning_Visitor,Organic,North America,Desktop,1,29.9,True,0,0,Wednesday,22,Mar,False,0.0
S09856,New_Visitor,Social,North America,Mobile,13,604.1,False,7,3,Sunday,7,Oct,False,15.91
S09857,New_Visitor,Organic,Europe,Desktop,1,104.4,True,0,0,Tuesday,18,Mar,False,0.0
S09858,Returning_Visitor,Social,North America,Desktop,2,230.5,False,1,0,Wednesday,17,Jul,False,0.0
S09859,New_Visitor,Paid,Asia,Mobile,1,8.4,True,0,0,Thursday,21,Aug,False,0.0
S09860,New_Visitor,Social,Europe,Mobile,8,69.0,False,4,0,Thursday,7,Dec,False,0.0
S09861,Returning_Visitor,Social,Europe,Desktop,1,12.2,True,0,0,Wednesday,22,Feb,False,0.0
S09862,New_Visitor,Paid,North America,Desktop,5,,False,3,0,Wednesday,3,Dec,False,32.1
S09863,Returning_Visitor,Organic,North America,Mobile,4,54.4,False,2,0,Monday,11,Mar,False,0.0
S09864,Returning_Visitor,Paid,North America,Desktop,1,56.9,True,0,0,Saturday,7,Nov,False,0.0
S09865,Returning_Visitor,Social,Oceania,Tablet,4,310.2,False,1,0,Thursday,6,Feb,False,0.0
S09866,New_Visitor,Social,South America,Desktop,11,1290.7,False,4,1,Friday,22,Dec,False,0.0
S09867,New_Visitor,Direct,North America,Mobile,3,363.6,False,0,0,Thursday,17,Nov,False,0.0
S09868,New_Visitor,Direct,Asia,Desktop,2,29.0,False,0,0,Friday,14,Jan,False,0.0
S09869,Returning_Visitor,Referral,North America,Desktop,3,67.4,False,0,0,Friday,8,Mar,False,0.0
S09870,New_Visitor,Referral,North America,Desktop,1,12.0,True,0,0,Friday,14,Aug,False,0.0
S09871,New_Visitor,Social,Asia,Desktop,10,684.6,False,6,0,Tuesday,11,Jul,False,0.0
S09872,New_Visitor,Organic,North America,Desktop,2,139.3,False,1,0,Thursday,10,Sep,False,0.0
S09873,New_Visitor,Direct,Europe,Desktop,2,0.5,False,0,0,Tuesday,15,Jul,False,0.0
S09874,New_Visitor,Direct,Asia,Tablet,2,21.6,False,1,0,Friday,18,Oct,False,0.0
S09875,Returning_Visitor,Organic,Asia,Desktop,,24.5,True,0,0,Thursday,13,May,False,0.0
S09876,New_Visitor,Organic,Oceania,Tablet,,13.9,True,0,0,Monday,13,Mar,False,0.0
S09877,New_Visitor,Organic,South America,Desktop,3,144.3,False,2,0,Saturday,16,Jan,False,0.0
S09878,New_Visitor,Direct,South America,Mobile,3,7.4,False,0,0,Tuesday,8,May,False,0.0
S09879,Returning_Visitor,Direct,Europe,Tablet,13,1365.0,False,6,2,Sunday,19,Jun,False,0.0
S09880,Returning_Visitor,Organic,North America,Tablet,1,37.7,True,0,0,Tuesday,19,Sep,True,0.0
S09881,New_Visitor,Paid,Asia,Desktop,2,108.1,False,0,0,Sunday,14,Nov,False,0.0
S09882,Returning_Visitor,Social,Oceania,Mobile,14,728.3,False,5,2,Thursday,9,Apr,False,0.0
S09883,New_Visitor,Social,Europe,Desktop,1,35.9,True,0,0,Monday,13,Jul,False,0.0
S09884,Returning_Visitor,Organic,Oceania,Desktop,4,201.1,False,2,1,Monday,8,Apr,True,0.0
S09885,New_Visitor,Referral,North America,Mobile,1,4.7,True,0,0,Monday,18,Dec,False,0.0
S09886,Returning_Visitor,Direct,North America,Desktop,9,262.1,False,1,0,Monday,11,Sep,False,0.0
S09887,Returning_Visitor,Paid,North America,Desktop,2,148.5,False,0,0,Tuesday,11,Sep,False,0.0
S09888,Returning_Visitor,Social,Europe,Desktop,6,164.2,False,2,0,Wednesday,21,Jul,False,0.0
S09889,New_Visitor,Referral,South America,Desktop,8,140.7,False,4,1,Monday,12,Apr,False,0.0
S09890,New_Visitor,Paid,Europe,Desktop,6,299.8,False,2,1,Thursday,18,Mar,False,18.63
S09891,Returning_Visitor,Organic,Africa,Tablet,3,116.5,False,2,0,Wednesday,16,Sep,False,0.0
S09892,New_Visitor,Organic,Europe,Desktop,11,503.2,False,3,0,Friday,11,Dec,False,0.0
S09893,Returning_Visitor,Referral,Europe,Mobile,4,763.1,False,1,1,Tuesday,8,Mar,False,0.0
S09894,Returning_Visitor,Organic,South America,Mobile,5,48.8,False,0,0,Sunday,18,Aug,False,0.0
S09895,Returning_Visitor,Organic,North America,Mobile,1,57.5,True,0,0,Thursday,18,Jul,False,0.0
S09896,New_Visitor,Social,South America,Mobile,2,3.7,False,1,1,Friday,9,Sep,False,0.0
S09897,Returning_Visitor,Organic,North America,Mobile,3,187.5,False,0,0,Monday,10,Aug,False,39.28
S09898,Returning_Visitor,Referral,North America,Mobile,1,13.2,True,0,0,Thursday,18,Apr,False,0.0
S09899,Returning_Visitor,Paid,Asia,Desktop,11,1085.4,False,6,0,Wednesday,23,Sep,False,0.0
S09900,New_Visitor,Direct,Africa,Tablet,1,18.9,True,0,0,Sunday,19,Apr,False,0.0
S09901,New_Visitor,Organic,Asia,Tablet,4,123.0,False,1,0,Sunday,16,Sep,False,0.0
S09902,New_Visitor,Organic,Asia,Mobile,1,43.5,True,0,0,Friday,21,Apr,False,0.0
S09903,New_Visitor,Organic,South America,Desktop,1,56.5,True,0,0,Saturday,10,Feb,False,0.0
S09904,Returning_Visitor,Organic,North America,Desktop,3,64.0,False,0,0,Friday,0,Feb,False,0.0
S09905,Returning_Visitor,Organic,South America,Mobile,2,20.5,False,0,0,Monday,11,Nov,False,0.0
S09906,New_Visitor,Direct,Europe,Mobile,1,60.5,True,0,0,Friday,22,Feb,False,0.0
S09907,Returning_Visitor,Direct,North America,Mobile,2,70.0,False,0,0,Tuesday,20,May,True,0.0
S09908,New_Visitor,Social,Europe,Mobile,1,3.6,True,0,0,Friday,6,Apr,False,0.0
S09909,New_Visitor,Paid,North America,Mobile,7,323.3,False,4,0,Monday,13,Jan,True,0.0
S09910,New_Visitor,Social,North America,Desktop,4,151.1,False,2,1,Wednesday,7,Aug,False,0.0
S09911,New_Visitor,Direct,North America,Mobile,5,215.4,False,1,0,Thursday,18,Nov,False,0.0
S09912,Returning_Visitor,Organic,North America,Desktop,10,68.0,False,4,1,Wednesday,12,Dec,False,413.38
S09913,New_Visitor,Social,Asia,Mobile,4,153.7,False,2,1,Friday,21,Dec,False,0.0
S09914,Returning_Visitor,Direct,Asia,Desktop,1,82.0,True,0,0,Thursday,6,Jan,False,0.0
S09915,New_Visitor,Organic,Asia,Desktop,9,76.9,False,3,0,Sunday,17,Apr,False,0.0
S09916,Returning_Visitor,Social,Europe,Desktop,1,58.6,True,0,0,Wednesday,12,Jun,False,0.0
S09917,New_Visitor,Direct,South America,Tablet,1,11.8,True,0,0,Saturday,10,Nov,False,0.0
S09918,New_Visitor,Organic,North America,Mobile,2,44.4,False,1,0,Saturday,14,May,False,0.0
S09919,New_Visitor,Paid,Asia,Desktop,1,27.0,True,0,0,Tuesday,13,Aug,True,0.0
S09920,New_Visitor,Paid,North America,Mobile,1,,True,0,0,Saturday,11,Sep,False,0.0
S09921,New_Visitor,Direct,Europe,Mobile,2,30.8,False,0,0,Wednesday,16,Apr,False,9.52
S09922,Returning_Visitor,Direct,Europe,Mobile,4,73.5,False,0,0,Monday,16,Aug,False,0.0
S09923,Returning_Visitor,Referral,South America,Mobile,2,244.9,False,1,1,Monday,7,Jan,False,0.0
S09924,Returning_Visitor,Social,Africa,Desktop,1,81.6,True,0,0,Saturday,15,Jul,False,0.0
S09925,New_Visitor,Organic,Asia,Desktop,7,296.4,False,3,1,Tuesday,17,May,False,0.0
S09926,New_Visitor,Referral,North America,Desktop,2,45.6,False,1,1,Monday,7,May,False,0.0
S09927,New_Visitor,Paid,North America,Mobile,6,564.8,False,1,1,Thursday,16,Apr,False,24.62
S09928,Returning_Visitor,Organic,Africa,Desktop,1,49.6,True,0,0,Wednesday,19,Nov,False,0.0
S09929,Returning_Visitor,Paid,Europe,Mobile,2,48.1,False,0,0,Friday,19,Nov,False,0.0
S09930,Returning_Visitor,Paid,Oceania,Desktop,5,113.4,False,3,2,Monday,5,Nov,False,39.93
S09931,Returning_Visitor,Organic,Europe,Desktop,1,36.7,True,0,0,Monday,17,Jun,False,0.0
S09932,New_Visitor,Social,Oceania,Tablet,8,1425.3,False,2,0,Wednesday,18,Apr,False,0.0
S09933,New_Visitor,Organic,Africa,Tablet,2,123.7,False,1,0,Thursday,12,Feb,False,0.0
S09934,New_Visitor,Social,Asia,Desktop,12,819.0,False,3,0,Saturday,14,Sep,False,0.0
S09935,New_Visitor,Social,North America,Mobile,4,117.4,False,2,0,Friday,10,May,False,0.0
S09936,New_Visitor,Organic,Europe,Mobile,9,1800.0,False,6,2,Sunday,11,Apr,False,0.0
S09937,New_Visitor,Social,Africa,Mobile,1,31.4,True,0,0,Tuesday,13,May,False,0.0
S09938,Returning_Visitor,Social,Africa,Desktop,4,2.9,False,3,0,Friday,9,Aug,False,0.0
S09939,Returning_Visitor,Direct,North America,Desktop,7,678.4,False,2,1,Friday,12,Mar,False,0.0
S09940,Returning_Visitor,Organic,Europe,Tablet,14,604.2,False,4,1,Saturday,11,Dec,False,0.0
S09941,Returning_Visitor,Organic,South America,Tablet,,9.8,True,0,0,Sunday,10,Oct,False,0.0
S09942,New_Visitor,Referral,Asia,Mobile,1,1.4,True,0,0,Thursday,13,Jan,False,0.0
S09943,New_Visitor,Paid,South America,Tablet,4,1163.6,False,0,0,Wednesday,19,May,False,0.0
S09944,Returning_Visitor,Social,South America,Mobile,,62.5,True,0,0,Saturday,10,Jan,False,0.0
S09945,New_Visitor,Direct,Africa,Desktop,1,37.6,True,0,0,Tuesday,16,Apr,False,0.0
S09946,New_Visitor,Direct,North America,Desktop,3,73.1,False,0,0,Monday,10,Apr,False,0.0
S09947,New_Visitor,Organic,North America,Desktop,3,13.5,False,1,0,Thursday,8,Oct,False,0.0
S09948,New_Visitor,Organic,North America,Mobile,3,186.6,False,1,0,Tuesday,21,Oct,False,0.0
S09949,New_Visitor,Direct,Oceania,Tablet,1,27.6,True,0,0,Wednesday,16,Jan,False,0.0
S09950,New_Visitor,Direct,Europe,Mobile,3,823.4,False,1,1,Sunday,8,Aug,False,0.0
S09951,New_Visitor,Direct,North America,Mobile,2,13.8,False,0,0,Wednesday,16,Dec,True,0.0
S09952,Returning_Visitor,Paid,Europe,Mobile,5,84.8,False,2,0,Friday,9,Sep,True,0.0
S09953,New_Visitor,Referral,Europe,Desktop,2,62.0,False,1,0,Tuesday,20,Dec,False,0.0
S09954,New_Visitor,Referral,South America,Desktop,2,191.6,False,0,0,Wednesday,10,Jun,False,0.0
S09955,New_Visitor,Organic,Asia,Desktop,4,360.1,False,2,0,Tuesday,19,Jun,False,0.0
S09956,New_Visitor,Paid,Asia,Mobile,4,67.2,False,1,1,Friday,9,Jul,False,18.09
S09957,Returning_Visitor,Social,North America,Tablet,1,26.9,True,0,0,Tuesday,14,Dec,False,0.0
S09958,Returning_Visitor,Paid,Africa,Desktop,3,11.0,False,0,0,Friday,21,Jun,False,0.0
S09959,Returning_Visitor,Direct,North America,Mobile,4,114.1,False,3,0,Friday,11,Dec,False,0.0
S09960,New_Visitor,Direct,Asia,Mobile,2,22.1,False,0,0,Wednesday,7,Aug,False,0.0
S09961,Returning_Visitor,Direct,North America,Desktop,6,907.3,False,1,0,Monday,14,Mar,False,0.0
S09962,Returning_Visitor,Organic,North America,Mobile,1,99.0,True,0,0,Monday,9,Feb,False,0.0
S09963,New_Visitor,Referral,North America,Desktop,11,119.1,False,6,1,Thursday,17,Mar,False,0.0
S09964,New_Visitor,Paid,Asia,Mobile,2,81.0,False,0,0,Saturday,15,Jan,False,0.0
S09965,New_Visitor,Organic,Asia,Mobile,3,572.0,False,2,1,Friday,11,Sep,False,24.72
S09966,Returning_Visitor,Organic,North America,Desktop,1,31.7,True,0,0,Thursday,17,Jul,False,0.0
S09967,Returning_Visitor,Social,North America,Mobile,4,142.6,False,1,0,Sunday,10,Oct,False,0.0
S09968,New_Visitor,Organic,Africa,Desktop,3,75.2,False,1,1,Tuesday,21,Oct,False,0.0
S09969,Returning_Visitor,Referral,North America,Desktop,10,406.7,False,1,0,Wednesday,11,Dec,False,0.0
S09970,New_Visitor,Referral,North America,Mobile,2,,False,0,0,Thursday,18,Feb,False,0.0
S09971,New_Visitor,Direct,Europe,Tablet,4,22.6,False,0,0,Wednesday,10,Mar,False,0.0
S09972,Returning_Visitor,Social,South America,Desktop,1,5.8,True,0,0,Sunday,17,Aug,False,0.0
S09973,Returning_Visitor,Direct,North America,Desktop,1,87.9,True,0,0,Thursday,4,Feb,False,0.0
S09974,New_Visitor,Paid,Oceania,Mobile,9,1800.0,False,3,0,Monday,11,Feb,False,0.0
S09975,New_Visitor,Social,Europe,Desktop,1,40.5,True,0,0,Tuesday,7,Sep,False,0.0
S09976,New_Visitor,Paid,Europe,Desktop,8,948.5,False,4,1,Thursday,13,Oct,False,0.0
S09977,New_Visitor,Organic,North America,Desktop,1,121.9,True,0,0,Thursday,12,Nov,False,0.0
S09978,Returning_Visitor,Organic,Asia,Mobile,4,110.7,False,2,1,Sunday,11,Dec,False,0.0
S09979,Returning_Visitor,Organic,North America,Tablet,3,71.8,False,1,0,Friday,23,Jun,False,0.0
S09980,Returning_Visitor,Direct,Asia,Desktop,11,863.2,False,1,0,Friday,10,Dec,False,0.0
S09981,New_Visitor,Paid,North America,Mobile,2,289.7,False,0,0,Tuesday,18,Jan,False,0.0
S09982,Returning_Visitor,Direct,Europe,Desktop,1,115.3,True,0,0,Monday,13,Nov,False,0.0
S09983,New_Visitor,Social,Africa,Mobile,2,46.2,False,0,0,Friday,11,May,False,0.0
S09984,Returning_Visitor,Direct,Asia,Desktop,6,157.9,False,0,0,Sunday,9,Dec,False,0.0
S09985,Returning_Visitor,Direct,North America,Desktop,1,80.0,True,0,0,Friday,16,Apr,False,0.0
S09986,Returning_Visitor,Paid,Asia,Mobile,1,22.9,True,0,0,Thursday,11,Oct,False,0.0
S09987,New_Visitor,Direct,Asia,Desktop,6,687.7,False,1,0,Friday,19,Jun,False,0.0
S09988,New_Visitor,Social,North America,Desktop,6,256.3,False,2,1,Thursday,22,Jun,False,0.0
S09989,New_Visitor,Organic,Europe,Tablet,1,20.8,True,0,0,Monday,10,Jan,False,0.0
S09990,Returning_Visitor,Paid,North America,Tablet,4,81.0,False,0,0,Saturday,8,Oct,True,0.0
S09991,New_Visitor,Referral,Europe,Desktop,1,91.9,True,0,0,Thursday,11,Mar,False,0.0
S09992,New_Visitor,Social,South America,Mobile,5,39.9,False,3,0,Wednesday,13,Jul,False,0.0
S09993,New_Visitor,Organic,North America,Mobile,2,322.5,False,0,0,Thursday,11,Mar,False,0.0
S09994,Returning_Visitor,Direct,North America,Mobile,1,32.0,True,0,0,Tuesday,22,Aug,False,0.0
S09995,New_Visitor,Paid,North America,Tablet,4,445.8,False,2,1,Wednesday,18,Apr,False,14.2
S09996,Returning_Visitor,Paid,Oceania,Mobile,8,754.4,False,3,2,Friday,22,Aug,False,0.0
S09997,Returning_Visitor,Organic,Asia,Mobile,1,90.6,True,0,0,Tuesday,12,Dec,False,0.0
S09998,Returning_Visitor,Direct,North America,Desktop,1,67.3,True,0,0,Saturday,11,Dec,False,0.0
S09999,New_Visitor,Direct,Europe,Desktop,1,41.5,True,0,0,Thursday,12,Mar,False,0.0
S10000,New_Visitor,Organic,North America,Mobile,8,237.2,False,3,0,Sunday,14,Feb,False,0.0
